start_time_dt,avg_cpu,avg_mem,start_time
2019-05-01 00:00:00+00:00,0.0,0.0,600000000
2019-05-01 00:05:00+00:00,0.0,0.02699092627667487,900000000
2019-05-01 00:10:00+00:00,0.0,0.014404480338108155,1200000000
2019-05-01 00:15:00+00:00,0.0,0.010419537469835432,1500000000
2019-05-01 00:20:00+00:00,0.0,0.0,1800000000
2019-05-01 00:25:00+00:00,0.0,0.008553535420198592,2100000000
2019-05-01 00:30:00+00:00,0.0,0.0,2400000000
2019-05-01 00:35:00+00:00,0.0,0.004097146004353815,2700000000
2019-05-01 00:40:00+00:00,0.0,0.0,3000000000
2019-05-01 00:45:00+00:00,0.0,0.030325769011120284,3300000000
2019-05-01 00:50:00+00:00,0.09384282385104051,0.024900961228987405,3600000000
2019-05-01 00:55:00+00:00,0.03478688616621796,0.0455178082899474,3900000000
2019-05-01 01:00:00+00:00,0.0,0.000778316560346606,4200000000
2019-05-01 01:05:00+00:00,0.0,0.0,4500000000
2019-05-01 01:10:00+00:00,0.0,0.0033400584339147664,4800000000
2019-05-01 01:15:00+00:00,0.0,0.014666960143563619,5100000000
2019-05-01 01:20:00+00:00,0.0,0.02733493473388794,5400000000
2019-05-01 01:25:00+00:00,0.0,0.006262860462670643,5700000000
2019-05-01 01:30:00+00:00,0.0,0.0,6000000000
2019-05-01 01:35:00+00:00,0.0,0.001112602475315771,6300000000
2019-05-01 01:40:00+00:00,0.0,0.03633586473324745,6600000000
2019-05-01 01:45:00+00:00,0.0,0.026953561710252483,6900000000
2019-05-01 01:50:00+00:00,0.0,0.018175269562487172,7200000000
2019-05-01 01:55:00+00:00,0.0,0.015913740402447734,7500000000
2019-05-01 02:00:00+00:00,0.0,0.013989001812130837,7800000000
2019-05-01 02:05:00+00:00,0.0,0.0231750966901974,8100000000
2019-05-01 02:10:00+00:00,0.0,0.0,8400000000
2019-05-01 02:15:00+00:00,0.0,0.0,8700000000
2019-05-01 02:20:00+00:00,0.0,0.0013800700147412277,9000000000
2019-05-01 02:25:00+00:00,0.0,0.0,9300000000
2019-05-01 02:30:00+00:00,0.0,0.0,9600000000
2019-05-01 02:35:00+00:00,0.020493446781802073,0.0,9900000000
2019-05-01 02:40:00+00:00,0.0,0.04970627849067372,10200000000
2019-05-01 02:45:00+00:00,0.0,0.0027224926815168837,10500000000
2019-05-01 02:50:00+00:00,0.006331519942767417,0.011037068692880214,10800000000
2019-05-01 02:55:00+00:00,0.0,0.0,11100000000
2019-05-01 03:00:00+00:00,0.0,0.0,11400000000
2019-05-01 03:05:00+00:00,0.0,0.0,11700000000
2019-05-01 03:10:00+00:00,0.0,0.028763911704174965,12000000000
2019-05-01 03:15:00+00:00,0.005577019119038804,0.010031720792953704,12300000000
2019-05-01 03:20:00+00:00,0.018906745702482887,0.023315949250377575,12600000000
2019-05-01 03:25:00+00:00,0.010108289240634984,0.020836294328422218,12900000000
2019-05-01 03:30:00+00:00,0.006956153334260449,0.0,13200000000
2019-05-01 03:35:00+00:00,0.005878701055899104,0.031286532313006814,13500000000
2019-05-01 03:40:00+00:00,0.0,0.0,13800000000
2019-05-01 03:45:00+00:00,0.0028925808791655065,0.029860195712750365,14100000000
2019-05-01 03:50:00+00:00,0.010831172217669553,0.015344746453308545,14400000000
2019-05-01 03:55:00+00:00,0.0439792335780779,0.0,14700000000
2019-05-01 04:00:00+00:00,0.032539032458035896,0.004563229742810836,15000000000
2019-05-01 04:05:00+00:00,0.0,0.0,15300000000
2019-05-01 04:10:00+00:00,0.037913831847085286,0.04601394176413534,15600000000
2019-05-01 04:15:00+00:00,0.02666338419215684,0.015503322099246082,15900000000
2019-05-01 04:20:00+00:00,0.02379104295499815,0.0,16200000000
2019-05-01 04:25:00+00:00,0.052557633409117906,0.039049517679863914,16500000000
2019-05-01 04:30:00+00:00,0.06396747559515556,0.02763720010932693,16800000000
2019-05-01 04:35:00+00:00,0.06502378552865762,0.009338154216528106,17100000000
2019-05-01 04:40:00+00:00,0.0326904058144747,0.05317356022805876,17400000000
2019-05-01 04:45:00+00:00,0.04639149935416813,0.02998061693443245,17700000000
2019-05-01 04:50:00+00:00,0.06232495425798589,0.03152634450852528,18000000000
2019-05-01 04:55:00+00:00,0.07835599488224282,0.039025101309625346,18300000000
2019-05-01 05:00:00+00:00,0.052426991811049414,0.0011906057034742033,18600000000
2019-05-01 05:05:00+00:00,0.06148115884001993,0.010797717312329765,18900000000
2019-05-01 05:10:00+00:00,0.04626846954027512,0.05345941742166674,19200000000
2019-05-01 05:15:00+00:00,0.04768731921596735,0.019134734133866026,19500000000
2019-05-01 05:20:00+00:00,0.09109217868673329,0.05509666123077724,19800000000
2019-05-01 05:25:00+00:00,0.10520907042070674,0.022238832728402554,20100000000
2019-05-01 05:30:00+00:00,0.07989753540205227,0.021576680525321246,20400000000
2019-05-01 05:35:00+00:00,0.10467118228560135,0.07499895976885586,20700000000
2019-05-01 05:40:00+00:00,0.09510380353324842,0.06461651732222572,21000000000
2019-05-01 05:45:00+00:00,0.07824546885670941,0.08201478528851196,21300000000
2019-05-01 05:50:00+00:00,0.10165722622759012,0.0878534623691786,21600000000
2019-05-01 05:55:00+00:00,0.12847460968524632,0.07247054636145132,21900000000
2019-05-01 06:00:00+00:00,0.10028347921780098,0.06962915882494601,22200000000
2019-05-01 06:05:00+00:00,0.13557899476035318,0.07501532799815043,22500000000
2019-05-01 06:10:00+00:00,0.055175783800783286,0.07420166665324295,22800000000
2019-05-01 06:15:00+00:00,0.12729018613869258,0.09935440560426353,23100000000
2019-05-01 06:20:00+00:00,0.1158698583324677,0.07291561681663564,23400000000
2019-05-01 06:25:00+00:00,0.1114193286629218,0.07085949289528011,23700000000
2019-05-01 06:30:00+00:00,0.1224974776970511,0.10239549236342682,24000000000
2019-05-01 06:35:00+00:00,0.08416435185869188,0.06209016805749207,24300000000
2019-05-01 06:40:00+00:00,0.1227649000044004,0.10483150034404196,24600000000
2019-05-01 06:45:00+00:00,0.13753079973265417,0.03864552131441503,24900000000
2019-05-01 06:50:00+00:00,0.16316271187443462,0.10712219235463673,25200000000
2019-05-01 06:55:00+00:00,0.12644025726123082,0.06555545706311079,25500000000
2019-05-01 07:00:00+00:00,0.12381965137418104,0.10941935057706847,25800000000
2019-05-01 07:05:00+00:00,0.13311976678851367,0.11079983381690478,26100000000
2019-05-01 07:10:00+00:00,0.16460835672412688,0.09942173021650226,26400000000
2019-05-01 07:15:00+00:00,0.15599927532200125,0.12431218476942138,26700000000
2019-05-01 07:20:00+00:00,0.14193003964573173,0.12082031418728915,27000000000
2019-05-01 07:25:00+00:00,0.16586716551593347,0.10100843274808302,27300000000
2019-05-01 07:30:00+00:00,0.16059406584172428,0.14579511495367173,27600000000
2019-05-01 07:35:00+00:00,0.3327637831633061,0.1990314468445892,27900000000
2019-05-01 07:40:00+00:00,0.1809724533583254,0.10429305300827707,28200000000
2019-05-01 07:45:00+00:00,0.16108172726756148,0.11396648813222375,28500000000
2019-05-01 07:50:00+00:00,0.16272568447816754,0.09055959606405425,28800000000
2019-05-01 07:55:00+00:00,0.1441974608197102,0.08822527200772398,29100000000
2019-05-01 08:00:00+00:00,0.18225573887462485,0.1375421318057931,29400000000
2019-05-01 08:05:00+00:00,0.18438431638989822,0.11101496687828434,29700000000
2019-05-01 08:10:00+00:00,0.1820583214959839,0.07533463703808417,30000000000
2019-05-01 08:15:00+00:00,0.18001879228543743,0.11535766312824638,30300000000
2019-05-01 08:20:00+00:00,0.15911793950053754,0.08154489211927463,30600000000
2019-05-01 08:25:00+00:00,0.18168631857700795,0.1263172142920957,30900000000
2019-05-01 08:30:00+00:00,0.1858765906874394,0.12544974872898854,31200000000
2019-05-01 08:35:00+00:00,0.179273530998732,0.13699212556256965,31500000000
2019-05-01 08:40:00+00:00,0.19463687166410515,0.13493276901431703,31800000000
2019-05-01 08:45:00+00:00,0.20844122273463445,0.14686961931394196,32100000000
2019-05-01 08:50:00+00:00,0.24053447138878187,0.13093874763051486,32400000000
2019-05-01 08:55:00+00:00,0.2087046257350883,0.14130250535886302,32700000000
2019-05-01 09:00:00+00:00,0.21271702499243741,0.16699924078266826,33000000000
2019-05-01 09:05:00+00:00,0.20837956488252887,0.11125474075678198,33300000000
2019-05-01 09:10:00+00:00,0.17374395399331555,0.1402411382305313,33600000000
2019-05-01 09:15:00+00:00,0.2137873602795289,0.11728541434369073,33900000000
2019-05-01 09:20:00+00:00,0.2176668262222228,0.11356067083233419,34200000000
2019-05-01 09:25:00+00:00,0.2678169591580824,0.1666141843619462,34500000000
2019-05-01 09:30:00+00:00,0.21673911508139612,0.14436167737141387,34800000000
2019-05-01 09:35:00+00:00,0.22859485970901686,0.1553919183048554,35100000000
2019-05-01 09:40:00+00:00,0.223789682360355,0.11503856100074897,35400000000
2019-05-01 09:45:00+00:00,0.20297188109299116,0.1304739306008805,35700000000
2019-05-01 09:50:00+00:00,0.25100406205112213,0.13689134580100315,36000000000
2019-05-01 09:55:00+00:00,0.24492821903245524,0.1171784862980616,36300000000
2019-05-01 10:00:00+00:00,0.24739111617519338,0.12985994339446033,36600000000
2019-05-01 10:05:00+00:00,0.21500181981578698,0.1139830845703558,36900000000
2019-05-01 10:10:00+00:00,0.26280195563989966,0.16811307659098995,37200000000
2019-05-01 10:15:00+00:00,0.20820222330739097,0.14796560724580793,37500000000
2019-05-01 10:20:00+00:00,0.2494055321537251,0.12017918669472974,37800000000
2019-05-01 10:25:00+00:00,0.28284194549522773,0.17674438878129775,38100000000
2019-05-01 10:30:00+00:00,0.22052120337407927,0.10877875830902942,38400000000
2019-05-01 10:35:00+00:00,0.23023911468925323,0.15072517699383195,38700000000
2019-05-01 10:40:00+00:00,0.24472469819741688,0.13438020729837516,39000000000
2019-05-01 10:45:00+00:00,0.2337616730086085,0.11923042344469952,39300000000
2019-05-01 10:50:00+00:00,0.21384982954646695,0.14430318803483164,39600000000
2019-05-01 10:55:00+00:00,0.2471981820984543,0.13658045715017067,39900000000
2019-05-01 11:00:00+00:00,0.22547613300217148,0.12896640077424892,40200000000
2019-05-01 11:05:00+00:00,0.25702038130691507,0.10981244703302151,40500000000
2019-05-01 11:10:00+00:00,0.22991702749442505,0.15688124372512452,40800000000
2019-05-01 11:15:00+00:00,0.27999148016083536,0.18441305851988335,41100000000
2019-05-01 11:20:00+00:00,0.23394498599399535,0.14047614848202347,41400000000
2019-05-01 11:25:00+00:00,0.24371577402382835,0.11567784558718183,41700000000
2019-05-01 11:30:00+00:00,0.2669037402201316,0.1843296276987742,42000000000
2019-05-01 11:35:00+00:00,0.22642171996022442,0.12252776424891884,42300000000
2019-05-01 11:40:00+00:00,0.25592284785028885,0.14448663970816153,42600000000
2019-05-01 11:45:00+00:00,0.27778002690477244,0.21290889727005408,42900000000
2019-05-01 11:50:00+00:00,0.21967979076827637,0.11773514557878122,43200000000
2019-05-01 11:55:00+00:00,0.25564309234374355,0.16823005465477614,43500000000
2019-05-01 12:00:00+00:00,0.25719765588496846,0.16556043877263343,43800000000
2019-05-01 12:05:00+00:00,0.26761465038642146,0.16837223408945456,44100000000
2019-05-01 12:10:00+00:00,0.2271459967974948,0.1419276089295871,44400000000
2019-05-01 12:15:00+00:00,0.22531137289077166,0.14271459497224698,44700000000
2019-05-01 12:20:00+00:00,0.2619235915816554,0.16259296676780405,45000000000
2019-05-01 12:25:00+00:00,0.2571175886424561,0.15323218600995242,45300000000
2019-05-01 12:30:00+00:00,0.25580991954632243,0.18371161421000828,45600000000
2019-05-01 12:35:00+00:00,0.25728041298232585,0.12811503657340995,45900000000
2019-05-01 12:40:00+00:00,0.2362317796313725,0.16216822985913104,46200000000
2019-05-01 12:45:00+00:00,0.2538878660037046,0.1687795655759738,46500000000
2019-05-01 12:50:00+00:00,0.2544447394228525,0.16663482608029953,46800000000
2019-05-01 12:55:00+00:00,0.23356705988923962,0.16247982448634635,47100000000
2019-05-01 13:00:00+00:00,0.2843710308329221,0.16877063059438538,47400000000
2019-05-01 13:05:00+00:00,0.25566469213168064,0.11601933376247084,47700000000
2019-05-01 13:10:00+00:00,0.2214259171126255,0.13140969707328556,48000000000
2019-05-01 13:15:00+00:00,0.2573789249302758,0.1346034706056744,48300000000
2019-05-01 13:20:00+00:00,0.22368248193556203,0.11957230496417592,48600000000
2019-05-01 13:25:00+00:00,0.2577789835783799,0.1298189966703797,48900000000
2019-05-01 13:30:00+00:00,0.2640038414568411,0.14885540770522795,49200000000
2019-05-01 13:35:00+00:00,0.22314696438977175,0.12195570475419405,49500000000
2019-05-01 13:40:00+00:00,0.2574914684181618,0.10694348445235502,49800000000
2019-05-01 13:45:00+00:00,0.24507819643529993,0.16105135608682575,50100000000
2019-05-01 13:50:00+00:00,0.2517983837321786,0.1954854673994048,50400000000
2019-05-01 13:55:00+00:00,0.3894638249385137,0.24580303883303398,50700000000
2019-05-01 14:00:00+00:00,0.2979490860718602,0.17471097251243156,51000000000
2019-05-01 14:05:00+00:00,0.23904918103298722,0.14233458070626803,51300000000
2019-05-01 14:10:00+00:00,0.21107953939053348,0.11822800627405657,51600000000
2019-05-01 14:15:00+00:00,0.21077923614607305,0.12826837336498298,51900000000
2019-05-01 14:20:00+00:00,0.2237196613439556,0.13349163492490868,52200000000
2019-05-01 14:25:00+00:00,0.23019250791423307,0.12129453614057395,52500000000
2019-05-01 14:30:00+00:00,0.22695348369695237,0.16982985799712805,52800000000
2019-05-01 14:35:00+00:00,0.23595689300020833,0.11183105108592957,53100000000
2019-05-01 14:40:00+00:00,0.21761114874984935,0.14493332011379453,53400000000
2019-05-01 14:45:00+00:00,0.24430498599832626,0.1445590390526451,53700000000
2019-05-01 14:50:00+00:00,0.20777068607898172,0.16267904794870391,54000000000
2019-05-01 14:55:00+00:00,0.26524408875186684,0.1659637452360845,54300000000
2019-05-01 15:00:00+00:00,0.22107936413328225,0.12544950773630437,54600000000
2019-05-01 15:05:00+00:00,0.18909769612790367,0.10850447370805226,54900000000
2019-05-01 15:10:00+00:00,0.18244845895890457,0.11026720926573796,55200000000
2019-05-01 15:15:00+00:00,0.21109298723654069,0.10379997844199637,55500000000
2019-05-01 15:20:00+00:00,0.19450444130201947,0.10136527427885345,55800000000
2019-05-01 15:25:00+00:00,0.21073797515389522,0.0907439057085,56100000000
2019-05-01 15:30:00+00:00,0.20336230017611234,0.10355784213818553,56400000000
2019-05-01 15:35:00+00:00,0.18983709122362213,0.11578038436738226,56700000000
2019-05-01 15:40:00+00:00,0.17171170220239987,0.10903052230713034,57000000000
2019-05-01 15:45:00+00:00,0.15566359045922307,0.053811560375605805,57300000000
2019-05-01 15:50:00+00:00,0.17430353109957206,0.10183788459885923,57600000000
2019-05-01 15:55:00+00:00,0.19759674238832545,0.1298262444494379,57900000000
2019-05-01 16:00:00+00:00,0.18194854154927081,0.10591088106203778,58200000000
2019-05-01 16:05:00+00:00,0.14991409531922395,0.07727268427597836,58500000000
2019-05-01 16:10:00+00:00,0.17542035494672326,0.09700899006706967,58800000000
2019-05-01 16:15:00+00:00,0.17675798446076024,0.09523952357691169,59100000000
2019-05-01 16:20:00+00:00,0.14843781275930457,0.0763280764734216,59400000000
2019-05-01 16:25:00+00:00,0.16622261670883226,0.10321004053019632,59700000000
2019-05-01 16:30:00+00:00,0.16131668922368342,0.14294377808891906,60000000000
2019-05-01 16:35:00+00:00,0.1342701886748317,0.06568811486679535,60300000000
2019-05-01 16:40:00+00:00,0.1612365464835937,0.09037907523692768,60600000000
2019-05-01 16:45:00+00:00,0.16222327698950562,0.09630000740619873,60900000000
2019-05-01 16:50:00+00:00,0.16957245034470206,0.08799638151965536,61200000000
2019-05-01 16:55:00+00:00,0.16586983758979135,0.12148661862434333,61500000000
2019-05-01 17:00:00+00:00,0.11410280273956959,0.021043974177612987,61800000000
2019-05-01 17:05:00+00:00,0.11974360527284578,0.06122497975613395,62100000000
2019-05-01 17:10:00+00:00,0.14562775854599982,0.10374292985399913,62400000000
2019-05-01 17:15:00+00:00,0.14241426732066348,0.0795666742246254,62700000000
2019-05-01 17:20:00+00:00,0.1392370692650494,0.0671254623820238,63000000000
2019-05-01 17:25:00+00:00,0.20277591551935964,0.13048068440039107,63300000000
2019-05-01 17:30:00+00:00,0.13391340571353774,0.09847490813606569,63600000000
2019-05-01 17:35:00+00:00,0.14197189958696216,0.08939584865647847,63900000000
2019-05-01 17:40:00+00:00,0.13509784112645723,0.06503429747961667,64200000000
2019-05-01 17:45:00+00:00,0.12579662774397082,0.08460204302941736,64500000000
2019-05-01 17:50:00+00:00,0.10320974543421572,0.05388486125503363,64800000000
2019-05-01 17:55:00+00:00,0.12143772827616071,0.08776637460357298,65100000000
2019-05-01 18:00:00+00:00,0.08754349570924859,0.08219127512268097,65400000000
2019-05-01 18:05:00+00:00,0.09500528399890464,0.004891635285572127,65700000000
2019-05-01 18:10:00+00:00,0.08677759871639534,0.05428790869374986,66000000000
2019-05-01 18:15:00+00:00,0.09486868006987162,0.022206529302970422,66300000000
2019-05-01 18:20:00+00:00,0.13627536547687705,0.13060099099272163,66600000000
2019-05-01 18:25:00+00:00,0.04939410936481478,0.02027397494296506,66900000000
2019-05-01 18:30:00+00:00,0.0972296083078159,0.07326522982119699,67200000000
2019-05-01 18:35:00+00:00,0.04802439686994167,0.028108300930067085,67500000000
2019-05-01 18:40:00+00:00,0.06762524714528294,0.024513456672788567,67800000000
2019-05-01 18:45:00+00:00,0.09564046363692807,0.0389432172386083,68100000000
2019-05-01 18:50:00+00:00,0.07195854718008277,0.07488871177006484,68400000000
2019-05-01 18:55:00+00:00,0.045944998370265694,0.046685760225725625,68700000000
2019-05-01 19:00:00+00:00,0.050037735716089264,0.06889432317720481,69000000000
2019-05-01 19:05:00+00:00,0.0747981584296004,0.04598796176091422,69300000000
2019-05-01 19:10:00+00:00,0.043481241884460696,0.03184713755559642,69600000000
2019-05-01 19:15:00+00:00,0.0593215853294986,0.030249119884593396,69900000000
2019-05-01 19:20:00+00:00,0.05283063752144815,0.025956738450568707,70200000000
2019-05-01 19:25:00+00:00,0.03583839841643954,0.0006653004003163605,70500000000
2019-05-01 19:30:00+00:00,0.08872636693174302,0.054916023977532834,70800000000
2019-05-01 19:35:00+00:00,0.055530265856438554,0.01753322761613919,71100000000
2019-05-01 19:40:00+00:00,0.0,0.008838178443284054,71400000000
2019-05-01 19:45:00+00:00,0.040677449429205065,0.027806674037127232,71700000000
2019-05-01 19:50:00+00:00,0.020807534274932815,0.018238161438474135,72000000000
2019-05-01 19:55:00+00:00,0.048219795802460816,0.06243447627528101,72300000000
2019-05-01 20:00:00+00:00,0.01248291856467942,0.006735392143495829,72600000000
2019-05-01 20:05:00+00:00,0.023236504668805964,0.02907644285835214,72900000000
2019-05-01 20:10:00+00:00,0.03286591543869667,0.06074973854492963,73200000000
2019-05-01 20:15:00+00:00,0.037354568930462156,0.04854508274417825,73500000000
2019-05-01 20:20:00+00:00,0.0,0.023063393969096894,73800000000
2019-05-01 20:25:00+00:00,0.008016305806421514,0.0,74100000000
2019-05-01 20:30:00+00:00,0.002603546092139449,0.006154988766639604,74400000000
2019-05-01 20:35:00+00:00,0.04799798360383831,0.0024332643217041434,74700000000
2019-05-01 20:40:00+00:00,0.08011857905048708,0.058049435449580536,75000000000
2019-05-01 20:45:00+00:00,0.036699944266979534,0.027509170112464554,75300000000
2019-05-01 20:50:00+00:00,0.0,0.000467702503123622,75600000000
2019-05-01 20:55:00+00:00,0.01811639168486619,0.031413730775776916,75900000000
2019-05-01 21:00:00+00:00,0.03987710676227056,0.0,76200000000
2019-05-01 21:05:00+00:00,0.015808599790948476,0.04218241689777603,76500000000
2019-05-01 21:10:00+00:00,0.0,0.01803529375880568,76800000000
2019-05-01 21:15:00+00:00,0.0,0.0,77100000000
2019-05-01 21:20:00+00:00,0.013987112071441338,0.005417675486516931,77400000000
2019-05-01 21:25:00+00:00,0.0,0.009612224304971887,77700000000
2019-05-01 21:30:00+00:00,0.0,0.03041702464127559,78000000000
2019-05-01 21:35:00+00:00,0.24582856475965187,0.14952929322959133,78300000000
2019-05-01 21:40:00+00:00,0.1438502865827752,0.08919078998924965,78600000000
2019-05-01 21:45:00+00:00,0.09330988201756607,0.05634829876305707,78900000000
2019-05-01 21:50:00+00:00,0.0,0.03564048225402945,79200000000
2019-05-01 21:55:00+00:00,0.0,0.0,79500000000
2019-05-01 22:00:00+00:00,0.0,0.0,79800000000
2019-05-01 22:05:00+00:00,0.0,0.029268713085219892,80100000000
2019-05-01 22:10:00+00:00,0.003291045546343928,0.004914844000063628,80400000000
2019-05-01 22:15:00+00:00,0.0,0.022741177200910446,80700000000
2019-05-01 22:20:00+00:00,0.0,0.0,81000000000
2019-05-01 22:25:00+00:00,0.0,0.0,81300000000
2019-05-01 22:30:00+00:00,0.0,0.02968868076880457,81600000000
2019-05-01 22:35:00+00:00,0.0,0.0,81900000000
2019-05-01 22:40:00+00:00,0.0,0.0,82200000000
2019-05-01 22:45:00+00:00,0.0,0.005133704617829573,82500000000
2019-05-01 22:50:00+00:00,0.0,0.0,82800000000
2019-05-01 22:55:00+00:00,0.0,0.0,83100000000
2019-05-01 23:00:00+00:00,0.0,0.0022527336365128076,83400000000
2019-05-01 23:05:00+00:00,0.0,0.0009336346832392242,83700000000
2019-05-01 23:10:00+00:00,0.0,0.025607040416742714,84000000000
2019-05-01 23:15:00+00:00,0.0,0.03082914389664507,84300000000
2019-05-01 23:20:00+00:00,0.0,0.0,84600000000
2019-05-01 23:25:00+00:00,0.0,0.002225370383349789,84900000000
2019-05-01 23:30:00+00:00,0.0,0.013484966168495312,85200000000
2019-05-01 23:35:00+00:00,0.0,0.030326949315983946,85500000000
2019-05-01 23:40:00+00:00,0.0,0.014369805946342589,85800000000
2019-05-01 23:45:00+00:00,0.0,0.005818268031846634,86100000000
2019-05-01 23:50:00+00:00,0.0,0.013330850639652614,86400000000
2019-05-01 23:55:00+00:00,0.0,0.013475376686725197,86700000000
2019-05-02 00:00:00+00:00,0.0,0.0,87000000000
2019-05-02 00:05:00+00:00,0.0,0.003855975850125376,87300000000
2019-05-02 00:10:00+00:00,0.0,0.029183219883773828,87600000000
2019-05-02 00:15:00+00:00,0.0,0.0,87900000000
2019-05-02 00:20:00+00:00,0.0,0.0025889328509488847,88200000000
2019-05-02 00:25:00+00:00,0.0,0.0,88500000000
2019-05-02 00:30:00+00:00,0.0,0.0,88800000000
2019-05-02 00:35:00+00:00,0.0,0.00041180354469358285,89100000000
2019-05-02 00:40:00+00:00,0.0,0.006035838613057454,89400000000
2019-05-02 00:45:00+00:00,0.0,0.0,89700000000
2019-05-02 00:50:00+00:00,0.0,0.0,90000000000
2019-05-02 00:55:00+00:00,0.0,0.0,90300000000
2019-05-02 01:00:00+00:00,0.0,0.015283752322711284,90600000000
2019-05-02 01:05:00+00:00,0.0,0.0394504954609381,90900000000
2019-05-02 01:10:00+00:00,0.0,0.027648666818108656,91200000000
2019-05-02 01:15:00+00:00,0.0,0.0,91500000000
2019-05-02 01:20:00+00:00,0.0,0.017092546211014057,91800000000
2019-05-02 01:25:00+00:00,0.0,0.0,92100000000
2019-05-02 01:30:00+00:00,0.0,0.0,92400000000
2019-05-02 01:35:00+00:00,0.0,0.0,92700000000
2019-05-02 01:40:00+00:00,0.0,0.014121338997108608,93000000000
2019-05-02 01:45:00+00:00,0.0,0.019185067528980766,93300000000
2019-05-02 01:50:00+00:00,0.0,0.0,93600000000
2019-05-02 01:55:00+00:00,0.0,0.0,93900000000
2019-05-02 02:00:00+00:00,0.0,0.009285274864715861,94200000000
2019-05-02 02:05:00+00:00,0.0,0.011359890790484837,94500000000
2019-05-02 02:10:00+00:00,0.003961970382264788,0.025901696364529457,94800000000
2019-05-02 02:15:00+00:00,0.0,0.0,95100000000
2019-05-02 02:20:00+00:00,0.0,0.00040054679608060004,95400000000
2019-05-02 02:25:00+00:00,0.0,0.0,95700000000
2019-05-02 02:30:00+00:00,0.0,0.0,96000000000
2019-05-02 02:35:00+00:00,0.0,0.0,96300000000
2019-05-02 02:40:00+00:00,0.0,0.0,96600000000
2019-05-02 02:45:00+00:00,0.0035855027202249326,0.0,96900000000
2019-05-02 02:50:00+00:00,0.0,0.0,97200000000
2019-05-02 02:55:00+00:00,0.03797926231585691,0.0,97500000000
2019-05-02 03:00:00+00:00,0.0,0.0,97800000000
2019-05-02 03:05:00+00:00,0.0,0.0,98100000000
2019-05-02 03:10:00+00:00,0.026351464105430072,0.0022921251671815003,98400000000
2019-05-02 03:15:00+00:00,0.02147304828091508,0.039334798225182266,98700000000
2019-05-02 03:20:00+00:00,0.020619810443617617,0.0,99000000000
2019-05-02 03:25:00+00:00,0.023247833802121205,0.04228538192404878,99300000000
2019-05-02 03:30:00+00:00,0.01302418352508679,0.04029138500043722,99600000000
2019-05-02 03:35:00+00:00,0.0,0.0,99900000000
2019-05-02 03:40:00+00:00,0.02009073682232879,0.013902071273376667,100200000000
2019-05-02 03:45:00+00:00,0.0077462308168174485,0.0,100500000000
2019-05-02 03:50:00+00:00,0.0435463423052204,0.0,100800000000
2019-05-02 03:55:00+00:00,0.02389564142365669,0.0,101100000000
2019-05-02 04:00:00+00:00,0.0131567227308165,0.023392755780659386,101400000000
2019-05-02 04:05:00+00:00,0.026104523384587408,0.05604669908497773,101700000000
2019-05-02 04:10:00+00:00,0.04369078154470189,0.0442680317808061,102000000000
2019-05-02 04:15:00+00:00,0.027090538744403515,0.02272697269690166,102300000000
2019-05-02 04:20:00+00:00,0.024885075049788725,0.014504397397251484,102600000000
2019-05-02 04:25:00+00:00,0.049197851862138625,0.06317196941024544,102900000000
2019-05-02 04:30:00+00:00,0.05224681656741091,0.07431287397959935,103200000000
2019-05-02 04:35:00+00:00,0.040259319638911134,0.012418738192862957,103500000000
2019-05-02 04:40:00+00:00,0.04405399016656092,0.0,103800000000
2019-05-02 04:45:00+00:00,0.061216745618345246,0.0,104100000000
2019-05-02 04:50:00+00:00,0.030737998799967994,0.044880419123176835,104400000000
2019-05-02 04:55:00+00:00,0.034695816852264624,0.019876319295871043,104700000000
2019-05-02 05:00:00+00:00,0.05164159214290638,0.034649793494918195,105000000000
2019-05-02 05:05:00+00:00,0.06492539533905926,0.0031422173443012916,105300000000
2019-05-02 05:10:00+00:00,0.07861332033235564,0.03210421394364406,105600000000
2019-05-02 05:15:00+00:00,0.10511857603657175,0.0571615293439274,105900000000
2019-05-02 05:20:00+00:00,0.09599485470288958,0.06175368048901517,106200000000
2019-05-02 05:25:00+00:00,0.07888549925002167,0.03935945877173782,106500000000
2019-05-02 05:30:00+00:00,0.08495741367560528,0.030227924239336307,106800000000
2019-05-02 05:35:00+00:00,0.0685499370350046,0.025438622368952297,107100000000
2019-05-02 05:40:00+00:00,0.0915008203124479,0.0790669579064134,107400000000
2019-05-02 05:45:00+00:00,0.08937469117040901,0.0585205070943154,107700000000
2019-05-02 05:50:00+00:00,0.10488368532418359,0.07517334733362117,108000000000
2019-05-02 05:55:00+00:00,0.08516925948488038,0.03312407947338164,108300000000
2019-05-02 06:00:00+00:00,0.11538693028482341,0.010155688462881562,108600000000
2019-05-02 06:05:00+00:00,0.1389408999041245,0.07290245380478477,108900000000
2019-05-02 06:10:00+00:00,0.10939548291344099,0.048305878659554664,109200000000
2019-05-02 06:15:00+00:00,0.12288637049316697,0.08071206766846177,109500000000
2019-05-02 06:20:00+00:00,0.13193179680192646,0.1448735523547927,109800000000
2019-05-02 06:25:00+00:00,0.11337506623452243,0.08192836009307858,110100000000
2019-05-02 06:30:00+00:00,0.12914411180254934,0.13220567026919938,110400000000
2019-05-02 06:35:00+00:00,0.12816757816634564,0.08827594080659636,110700000000
2019-05-02 06:40:00+00:00,0.13311185973212725,0.06726939108782204,111000000000
2019-05-02 06:45:00+00:00,0.11892835262531004,0.0783153331376037,111300000000
2019-05-02 06:50:00+00:00,0.138095034464783,0.11846979266842396,111600000000
2019-05-02 06:55:00+00:00,0.15076562745161273,0.12705062839739242,111900000000
2019-05-02 07:00:00+00:00,0.17301239558794554,0.09230068999190573,112200000000
2019-05-02 07:05:00+00:00,0.16634032418190836,0.10486786842313099,112500000000
2019-05-02 07:10:00+00:00,0.1933639635203166,0.08743304051876705,112800000000
2019-05-02 07:15:00+00:00,0.13807730187104655,0.09933975361645653,113100000000
2019-05-02 07:20:00+00:00,0.17397165645548623,0.13545008785440962,113400000000
2019-05-02 07:25:00+00:00,0.16326865696843323,0.09875718326338026,113700000000
2019-05-02 07:30:00+00:00,0.20644857351911694,0.11052146302426759,114000000000
2019-05-02 07:35:00+00:00,0.1495099266605964,0.09690857502190908,114300000000
2019-05-02 07:40:00+00:00,0.15187608019526705,0.09947482874442355,114600000000
2019-05-02 07:45:00+00:00,0.15964711729063624,0.09741114701137414,114900000000
2019-05-02 07:50:00+00:00,0.13208993305461453,0.08282826231948777,115200000000
2019-05-02 07:55:00+00:00,0.16695265934873732,0.09669529859985497,115500000000
2019-05-02 08:00:00+00:00,0.16515068010225928,0.11900950662588368,115800000000
2019-05-02 08:05:00+00:00,0.18617108667582466,0.12642720090879733,116100000000
2019-05-02 08:10:00+00:00,0.19279117187867786,0.09601264018432372,116400000000
2019-05-02 08:15:00+00:00,0.226233951737258,0.11552855897918289,116700000000
2019-05-02 08:20:00+00:00,0.21043383110526667,0.12117281032262875,117000000000
2019-05-02 08:25:00+00:00,0.18256115191906713,0.12427343363354387,117300000000
2019-05-02 08:30:00+00:00,0.1787625875910076,0.11021870083242086,117600000000
2019-05-02 08:35:00+00:00,0.20915745981329445,0.11263146768552355,117900000000
2019-05-02 08:40:00+00:00,0.1754579217570124,0.11050512498872403,118200000000
2019-05-02 08:45:00+00:00,0.24098938091543076,0.137977418158813,118500000000
2019-05-02 08:50:00+00:00,0.23039955577899698,0.1558494626718808,118800000000
2019-05-02 08:55:00+00:00,0.19982955643635733,0.12655890256315533,119100000000
2019-05-02 09:00:00+00:00,0.17730332659616463,0.10007643220865589,119400000000
2019-05-02 09:05:00+00:00,0.2409459306811605,0.1491979338496255,119700000000
2019-05-02 09:10:00+00:00,0.213828581394244,0.15459811002703042,120000000000
2019-05-02 09:15:00+00:00,0.24307396402798245,0.1344517768858619,120300000000
2019-05-02 09:20:00+00:00,0.18857366884751497,0.12119734094145221,120600000000
2019-05-02 09:25:00+00:00,0.21056461644930127,0.12492956306026085,120900000000
2019-05-02 09:30:00+00:00,0.22469120837138223,0.14335439870007133,121200000000
2019-05-02 09:35:00+00:00,0.22750352473763935,0.12341081601066899,121500000000
2019-05-02 09:40:00+00:00,0.21948260832487504,0.13389627365811252,121800000000
2019-05-02 09:45:00+00:00,0.2428024404923316,0.16783792994373498,122100000000
2019-05-02 09:50:00+00:00,0.2107951971731698,0.10773697867897973,122400000000
2019-05-02 09:55:00+00:00,0.23104196867829396,0.11203707914047473,122700000000
2019-05-02 10:00:00+00:00,0.23797638986857048,0.11695672263140298,123000000000
2019-05-02 10:05:00+00:00,0.24747834559285667,0.1250737567517102,123300000000
2019-05-02 10:10:00+00:00,0.25297836698295545,0.16369348594762656,123600000000
2019-05-02 10:15:00+00:00,0.21774640272647927,0.10253064791857824,123900000000
2019-05-02 10:20:00+00:00,0.2109861068630072,0.1206337572229337,124200000000
2019-05-02 10:25:00+00:00,0.26858636941699837,0.17351760771641317,124500000000
2019-05-02 10:30:00+00:00,0.2509782101162848,0.15892010728074274,124800000000
2019-05-02 10:35:00+00:00,0.2305953385501776,0.13064602353085686,125100000000
2019-05-02 10:40:00+00:00,0.2777547104061145,0.17047130087877083,125400000000
2019-05-02 10:45:00+00:00,0.25014467877678964,0.15222971386082515,125700000000
2019-05-02 10:50:00+00:00,0.27244904184906615,0.15898460599847594,126000000000
2019-05-02 10:55:00+00:00,0.25117729223053586,0.1464896809652299,126300000000
2019-05-02 11:00:00+00:00,0.2919371657743333,0.2198708481597392,126600000000
2019-05-02 11:05:00+00:00,0.2866553495430755,0.1881794278044713,126900000000
2019-05-02 11:10:00+00:00,0.24732622920951966,0.19800875587595462,127200000000
2019-05-02 11:15:00+00:00,0.27242421107957165,0.15351526398933296,127500000000
2019-05-02 11:20:00+00:00,0.266517570832423,0.15821121056169085,127800000000
2019-05-02 11:25:00+00:00,0.28152963549858884,0.14227526599362036,128100000000
2019-05-02 11:30:00+00:00,0.23533492666113612,0.12500961995489024,128400000000
2019-05-02 11:35:00+00:00,0.2687600354888723,0.1992942842665734,128700000000
2019-05-02 11:40:00+00:00,0.276542138895198,0.15548459754028368,129000000000
2019-05-02 11:45:00+00:00,0.2204623820906616,0.17066305525728614,129300000000
2019-05-02 11:50:00+00:00,0.23216428520618537,0.1144313259101134,129600000000
2019-05-02 11:55:00+00:00,0.21516577161789546,0.10803008228927173,129900000000
2019-05-02 12:00:00+00:00,0.25061186331110885,0.1435424935661969,130200000000
2019-05-02 12:05:00+00:00,0.27032903806679454,0.16092242440649315,130500000000
2019-05-02 12:10:00+00:00,0.28593215205697703,0.1900210370831888,130800000000
2019-05-02 12:15:00+00:00,0.2572024007608527,0.16333684880023694,131100000000
2019-05-02 12:20:00+00:00,0.2880570711807432,0.16450793756156534,131400000000
2019-05-02 12:25:00+00:00,0.2275758660134946,0.13387920347773466,131700000000
2019-05-02 12:30:00+00:00,0.2207324137523018,0.12605818985568706,132000000000
2019-05-02 12:35:00+00:00,0.253240494814454,0.1336512221821578,132300000000
2019-05-02 12:40:00+00:00,0.2615135830417285,0.13914889109300466,132600000000
2019-05-02 12:45:00+00:00,0.25258889709860277,0.17211101608782983,132900000000
2019-05-02 12:50:00+00:00,0.21123444795608132,0.090177370215106,133200000000
2019-05-02 12:55:00+00:00,0.2500716874595112,0.1823901864246078,133500000000
2019-05-02 13:00:00+00:00,0.22496615059992986,0.12811980584791327,133800000000
2019-05-02 13:05:00+00:00,0.26358148469004566,0.1426987186861842,134100000000
2019-05-02 13:10:00+00:00,0.25658395197861544,0.16874555700111463,134400000000
2019-05-02 13:15:00+00:00,0.2294502570310521,0.16737448590157358,134700000000
2019-05-02 13:20:00+00:00,0.23689877699337467,0.16449191502810395,135000000000
2019-05-02 13:25:00+00:00,0.2248530210657518,0.1449488536266489,135300000000
2019-05-02 13:30:00+00:00,0.2435783479312296,0.16788427855317448,135600000000
2019-05-02 13:35:00+00:00,0.2626634571668307,0.1232681227572211,135900000000
2019-05-02 13:40:00+00:00,0.22250942490656445,0.12306904411417569,136200000000
2019-05-02 13:45:00+00:00,0.25090350820692675,0.13231870372365914,136500000000
2019-05-02 13:50:00+00:00,0.22875202816484,0.16174399152320748,136800000000
2019-05-02 13:55:00+00:00,0.22197100115532378,0.12551304031471652,137100000000
2019-05-02 14:00:00+00:00,0.23409653670190805,0.15736605315678592,137400000000
2019-05-02 14:05:00+00:00,0.2138791563747767,0.1390446326746388,137700000000
2019-05-02 14:10:00+00:00,0.2217968418761005,0.11583196640238666,138000000000
2019-05-02 14:15:00+00:00,0.20713788399360486,0.11254356619663723,138300000000
2019-05-02 14:20:00+00:00,0.26855619819056537,0.18701007273063375,138600000000
2019-05-02 14:25:00+00:00,0.22807473945733472,0.12133519070071257,138900000000
2019-05-02 14:30:00+00:00,0.21142515755050026,0.12935244673420973,139200000000
2019-05-02 14:35:00+00:00,0.2276928262341723,0.12096487001397449,139500000000
2019-05-02 14:40:00+00:00,0.2191045499184745,0.12518368621276746,139800000000
2019-05-02 14:45:00+00:00,0.21481491246451564,0.12796570859930995,140100000000
2019-05-02 14:50:00+00:00,0.22934715674460937,0.12195096384081579,140400000000
2019-05-02 14:55:00+00:00,0.22999085962102062,0.11878557669293474,140700000000
2019-05-02 15:00:00+00:00,0.2019559942257715,0.12689906327101175,141000000000
2019-05-02 15:05:00+00:00,0.1987244824433359,0.10233994129017801,141300000000
2019-05-02 15:10:00+00:00,0.20236527497709397,0.10520601387228293,141600000000
2019-05-02 15:15:00+00:00,0.1594051156369652,0.0768620065081397,141900000000
2019-05-02 15:20:00+00:00,0.17266987576456558,0.10204376453211299,142200000000
2019-05-02 15:25:00+00:00,0.2277954506209438,0.15555130306056308,142500000000
2019-05-02 15:30:00+00:00,0.23079690195466712,0.1686087138990456,142800000000
2019-05-02 15:35:00+00:00,0.1903129486856319,0.09966940749150356,143100000000
2019-05-02 15:40:00+00:00,0.2041787158248835,0.16551344536155432,143400000000
2019-05-02 15:45:00+00:00,0.1961855380438111,0.09761722561215072,143700000000
2019-05-02 15:50:00+00:00,0.2488114463100173,0.17095783825256777,144000000000
2019-05-02 15:55:00+00:00,0.20686026473054767,0.10968222975801974,144300000000
2019-05-02 16:00:00+00:00,0.17910831483705153,0.09004652350483071,144600000000
2019-05-02 16:05:00+00:00,0.1597180620814552,0.08093571411318534,144900000000
2019-05-02 16:10:00+00:00,0.14382781002454795,0.08524773202174639,145200000000
2019-05-02 16:15:00+00:00,0.17712090958352816,0.1178719891707891,145500000000
2019-05-02 16:20:00+00:00,0.15498794657764103,0.10639012870468106,145800000000
2019-05-02 16:25:00+00:00,0.13870304039796824,0.06434212393182318,146100000000
2019-05-02 16:30:00+00:00,0.15122105716991308,0.07093944855172248,146400000000
2019-05-02 16:35:00+00:00,0.13949863455915643,0.06536640686822291,146700000000
2019-05-02 16:40:00+00:00,0.19182363197807936,0.11286709113913738,147000000000
2019-05-02 16:45:00+00:00,0.17264038160113,0.0993811168768605,147300000000
2019-05-02 16:50:00+00:00,0.15175197265486431,0.07204767435152268,147600000000
2019-05-02 16:55:00+00:00,0.1783926793268937,0.11242768147740109,147900000000
2019-05-02 17:00:00+00:00,0.14720355625166381,0.13357350991770467,148200000000
2019-05-02 17:05:00+00:00,0.125274422044583,0.06507034399004677,148500000000
2019-05-02 17:10:00+00:00,0.16978953474721986,0.09320348442426125,148800000000
2019-05-02 17:15:00+00:00,0.14691674917611236,0.09934328091215479,149100000000
2019-05-02 17:20:00+00:00,0.18244480243273747,0.09829055562490657,149400000000
2019-05-02 17:25:00+00:00,0.18492754452807722,0.12433581635120998,149700000000
2019-05-02 17:30:00+00:00,0.15675568521860933,0.0796825569955848,150000000000
2019-05-02 17:35:00+00:00,0.13213646935383933,0.11592427376384962,150300000000
2019-05-02 17:40:00+00:00,0.16383265640014777,0.10519509329193455,150600000000
2019-05-02 17:45:00+00:00,0.16900785752332514,0.08900425553246086,150900000000
2019-05-02 17:50:00+00:00,0.08554377885063971,0.039552433320998344,151200000000
2019-05-02 17:55:00+00:00,0.3588212024604792,0.20501672642212684,151500000000
2019-05-02 18:00:00+00:00,0.2933220666602765,0.20344823332114337,151800000000
2019-05-02 18:05:00+00:00,0.25536551068346425,0.12784428625805289,152100000000
2019-05-02 18:10:00+00:00,0.21203479759559368,0.1138620451481661,152400000000
2019-05-02 18:15:00+00:00,0.165380632478283,0.08799516834846127,152700000000
2019-05-02 18:20:00+00:00,0.14241332147437796,0.08513423354948801,153000000000
2019-05-02 18:25:00+00:00,0.07412041088842916,0.03905005268012161,153300000000
2019-05-02 18:30:00+00:00,0.09291354101592232,0.025923567981744135,153600000000
2019-05-02 18:35:00+00:00,0.08327395210475227,0.04196791759094201,153900000000
2019-05-02 18:40:00+00:00,0.07628492352374346,0.04377994045054671,154200000000
2019-05-02 18:45:00+00:00,0.0597101784567487,0.023264150372453545,154500000000
2019-05-02 18:50:00+00:00,0.06313752018680678,0.05161802189303736,154800000000
2019-05-02 18:55:00+00:00,0.08660771844536697,0.07035279964229313,155100000000
2019-05-02 19:00:00+00:00,0.22199903268250679,0.13163168561491623,155400000000
2019-05-02 19:05:00+00:00,0.16056460177792006,0.10094959280376661,155700000000
2019-05-02 19:10:00+00:00,0.15025734804462654,0.0469332888797905,156000000000
2019-05-02 19:15:00+00:00,0.13147490761678712,0.07046288912683563,156300000000
2019-05-02 19:20:00+00:00,0.05125847090669071,0.05085151637917268,156600000000
2019-05-02 19:25:00+00:00,0.0637376092161545,0.029773833866107147,156900000000
2019-05-02 19:30:00+00:00,0.036595009966319855,0.007211772451952694,157200000000
2019-05-02 19:35:00+00:00,0.058263858781941555,0.08051209378978355,157500000000
2019-05-02 19:40:00+00:00,0.028619855385822394,0.053553457035409535,157800000000
2019-05-02 19:45:00+00:00,0.004850721120526286,0.012261930921958914,158100000000
2019-05-02 19:50:00+00:00,0.0054924148126372155,0.026073661117183282,158400000000
2019-05-02 19:55:00+00:00,0.03613282803976401,0.0,158700000000
2019-05-02 20:00:00+00:00,0.03752778336776288,0.006765641208083595,159000000000
2019-05-02 20:05:00+00:00,0.011444900996056023,0.0,159300000000
2019-05-02 20:10:00+00:00,0.03953801903463505,0.019003209443442106,159600000000
2019-05-02 20:15:00+00:00,0.0,0.0,159900000000
2019-05-02 20:20:00+00:00,0.020030827463285796,0.0,160200000000
2019-05-02 20:25:00+00:00,0.0,0.0077204923741711964,160500000000
2019-05-02 20:30:00+00:00,0.0030657301593154333,0.012712520661201395,160800000000
2019-05-02 20:35:00+00:00,0.014490008154274866,0.04073198072436454,161100000000
2019-05-02 20:40:00+00:00,0.0,0.0,161400000000
2019-05-02 20:45:00+00:00,0.0008653501837264941,0.0,161700000000
2019-05-02 20:50:00+00:00,0.02625954726416204,0.0,162000000000
2019-05-02 20:55:00+00:00,0.0,0.0,162300000000
2019-05-02 21:00:00+00:00,0.018147825063320862,0.028910930659235952,162600000000
2019-05-02 21:05:00+00:00,0.0,0.0,162900000000
2019-05-02 21:10:00+00:00,0.007532260814564871,0.04738825285961188,163200000000
2019-05-02 21:15:00+00:00,0.02359706795797816,0.009026344058996426,163500000000
2019-05-02 21:20:00+00:00,0.0,0.002939845685771112,163800000000
2019-05-02 21:25:00+00:00,0.0,0.0,164100000000
2019-05-02 21:30:00+00:00,0.0001217748332589183,0.00581747180346094,164400000000
2019-05-02 21:35:00+00:00,0.0,0.0,164700000000
2019-05-02 21:40:00+00:00,0.0,0.013873959100262899,165000000000
2019-05-02 21:45:00+00:00,0.0,0.014488563524708245,165300000000
2019-05-02 21:50:00+00:00,0.0,0.027185828486730203,165600000000
2019-05-02 21:55:00+00:00,0.0,0.0,165900000000
2019-05-02 22:00:00+00:00,0.001118497332197009,0.0038823407652665907,166200000000
2019-05-02 22:05:00+00:00,0.0,0.011276331187730082,166500000000
2019-05-02 22:10:00+00:00,0.0,0.008845632766606198,166800000000
2019-05-02 22:15:00+00:00,0.0,0.0,167100000000
2019-05-02 22:20:00+00:00,0.0,0.0,167400000000
2019-05-02 22:25:00+00:00,0.0,0.006939205937689623,167700000000
2019-05-02 22:30:00+00:00,0.0,0.0,168000000000
2019-05-02 22:35:00+00:00,0.0,0.0,168300000000
2019-05-02 22:40:00+00:00,0.0,0.015278907274309323,168600000000
2019-05-02 22:45:00+00:00,0.007260163215309631,0.0034577071660971156,168900000000
2019-05-02 22:50:00+00:00,0.0,0.0,169200000000
2019-05-02 22:55:00+00:00,0.0,0.0,169500000000
2019-05-02 23:00:00+00:00,0.0,0.0,169800000000
2019-05-02 23:05:00+00:00,0.0,0.04786024589533573,170100000000
2019-05-02 23:10:00+00:00,0.0,0.01445553547865546,170400000000
2019-05-02 23:15:00+00:00,0.0,0.0037722468395002358,170700000000
2019-05-02 23:20:00+00:00,0.0,0.0,171000000000
2019-05-02 23:25:00+00:00,0.0,0.0,171300000000
2019-05-02 23:30:00+00:00,0.0,0.023343919667181898,171600000000
2019-05-02 23:35:00+00:00,0.0,0.0,171900000000
2019-05-02 23:40:00+00:00,0.0,0.011538408213685854,172200000000
2019-05-02 23:45:00+00:00,0.0,0.0,172500000000
2019-05-02 23:50:00+00:00,0.0,0.03880313263670125,172800000000
2019-05-02 23:55:00+00:00,0.0,0.014845770151566073,173100000000
2019-05-03 00:00:00+00:00,0.0,0.02491113629367251,173400000000
2019-05-03 00:05:00+00:00,0.0,0.0,173700000000
2019-05-03 00:10:00+00:00,0.0,0.021162722251348437,174000000000
2019-05-03 00:15:00+00:00,0.0,0.0,174300000000
2019-05-03 00:20:00+00:00,0.0,0.002200696478656985,174600000000
2019-05-03 00:25:00+00:00,0.0,0.03270095341238917,174900000000
2019-05-03 00:30:00+00:00,0.0,0.0,175200000000
2019-05-03 00:35:00+00:00,0.0052568528081460494,0.007219066310995637,175500000000
2019-05-03 00:40:00+00:00,0.0,0.008760105170374536,175800000000
2019-05-03 00:45:00+00:00,0.0,0.010400087616016199,176100000000
2019-05-03 00:50:00+00:00,0.0,0.0,176400000000
2019-05-03 00:55:00+00:00,0.0,0.04172528201616163,176700000000
2019-05-03 01:00:00+00:00,0.0,0.0,177000000000
2019-05-03 01:05:00+00:00,0.0,0.029177707772649386,177300000000
2019-05-03 01:10:00+00:00,0.0,0.024301312111832774,177600000000
2019-05-03 01:15:00+00:00,0.0,0.038017775792073695,177900000000
2019-05-03 01:20:00+00:00,0.0,0.0,178200000000
2019-05-03 01:25:00+00:00,0.0,0.0,178500000000
2019-05-03 01:30:00+00:00,0.0,0.029838861183232816,178800000000
2019-05-03 01:35:00+00:00,0.0,0.0,179100000000
2019-05-03 01:40:00+00:00,0.0,0.0,179400000000
2019-05-03 01:45:00+00:00,0.0,0.0,179700000000
2019-05-03 01:50:00+00:00,0.0,0.0038398757724453507,180000000000
2019-05-03 01:55:00+00:00,0.0,0.031844501472975496,180300000000
2019-05-03 02:00:00+00:00,0.0,0.0,180600000000
2019-05-03 02:05:00+00:00,0.0,0.0,180900000000
2019-05-03 02:10:00+00:00,0.0,0.006227798753928543,181200000000
2019-05-03 02:15:00+00:00,0.010767315330717182,0.015852318864318326,181500000000
2019-05-03 02:20:00+00:00,0.0,0.008824796443405425,181800000000
2019-05-03 02:25:00+00:00,0.024972003388816735,0.011423477874263139,182100000000
2019-05-03 02:30:00+00:00,0.0,0.0,182400000000
2019-05-03 02:35:00+00:00,0.0,0.0,182700000000
2019-05-03 02:40:00+00:00,0.0,0.028405421705349244,183000000000
2019-05-03 02:45:00+00:00,0.025603248441270394,0.019103327824294233,183300000000
2019-05-03 02:50:00+00:00,0.010967934827784728,0.00013031851452970176,183600000000
2019-05-03 02:55:00+00:00,0.0,0.022363370967479496,183900000000
2019-05-03 03:00:00+00:00,0.008033355348414319,0.0,184200000000
2019-05-03 03:05:00+00:00,0.0,0.0,184500000000
2019-05-03 03:10:00+00:00,0.05610428622776522,0.03641773984013988,184800000000
2019-05-03 03:15:00+00:00,0.01222421804116078,0.0,185100000000
2019-05-03 03:20:00+00:00,0.01432530999467257,0.010610442454835516,185400000000
2019-05-03 03:25:00+00:00,0.029196256094809213,0.013763875028450221,185700000000
2019-05-03 03:30:00+00:00,0.026889303616759435,0.0,186000000000
2019-05-03 03:35:00+00:00,0.024378455453267597,0.018256630909541677,186300000000
2019-05-03 03:40:00+00:00,0.006765156549547988,0.0,186600000000
2019-05-03 03:45:00+00:00,0.03471883218977956,0.02414360181580218,186900000000
2019-05-03 03:50:00+00:00,0.06568443756636591,0.06689337902282173,187200000000
2019-05-03 03:55:00+00:00,0.0577451899767992,0.02902665004055843,187500000000
2019-05-03 04:00:00+00:00,0.0655303991994544,0.01588857692025291,187800000000
2019-05-03 04:05:00+00:00,0.026307926689023663,0.013244999749314588,188100000000
2019-05-03 04:10:00+00:00,0.01964005605401765,0.0,188400000000
2019-05-03 04:15:00+00:00,0.03984929139849024,0.03579975489172353,188700000000
2019-05-03 04:20:00+00:00,0.04644398120689096,0.0249066137736775,189000000000
2019-05-03 04:25:00+00:00,0.07020793800171944,0.07632002783432312,189300000000
2019-05-03 04:30:00+00:00,0.017498192550940282,0.033758707444110934,189600000000
2019-05-03 04:35:00+00:00,0.08498918953554574,0.047931903631699385,189900000000
2019-05-03 04:40:00+00:00,0.054314598307347674,0.04690094034387042,190200000000
2019-05-03 04:45:00+00:00,0.05203812547224396,0.023358147100089464,190500000000
2019-05-03 04:50:00+00:00,0.04345759812471136,0.026753696578130183,190800000000
2019-05-03 04:55:00+00:00,0.03374795890248005,0.013020091414481783,191100000000
2019-05-03 05:00:00+00:00,0.08647388824719349,0.06721345214531027,191400000000
2019-05-03 05:05:00+00:00,0.07466069771706425,0.07345618416443012,191700000000
2019-05-03 05:10:00+00:00,0.05059595102557444,0.04633053475916753,192000000000
2019-05-03 05:15:00+00:00,0.0537098762563082,0.050664657779492035,192300000000
2019-05-03 05:20:00+00:00,0.07612596825304674,0.06413624969654262,192600000000
2019-05-03 05:25:00+00:00,0.11946470035507828,0.08270393865974116,192900000000
2019-05-03 05:30:00+00:00,0.08414591080638666,0.027701823299626633,193200000000
2019-05-03 05:35:00+00:00,0.06253766526539876,0.07154202954756925,193500000000
2019-05-03 05:40:00+00:00,0.09095622175057679,0.09066194958431456,193800000000
2019-05-03 05:45:00+00:00,0.09369339255385835,0.05153844346604764,194100000000
2019-05-03 05:50:00+00:00,0.04849158125859019,0.021680990450830474,194400000000
2019-05-03 05:55:00+00:00,0.10462798102557071,0.07502502167364991,194700000000
2019-05-03 06:00:00+00:00,0.10438130939582638,0.07364504234116592,195000000000
2019-05-03 06:05:00+00:00,0.1262102489403413,0.07168722798914441,195300000000
2019-05-03 06:10:00+00:00,0.15254980778148486,0.06652937155713882,195600000000
2019-05-03 06:15:00+00:00,0.14138343664214326,0.09094408580028149,195900000000
2019-05-03 06:20:00+00:00,0.11675114315660759,0.08107941665747546,196200000000
2019-05-03 06:25:00+00:00,0.10326895749740583,0.07647779745921944,196500000000
2019-05-03 06:30:00+00:00,0.1801294582313383,0.11506353038588713,196800000000
2019-05-03 06:35:00+00:00,0.13310009883099946,0.07443775633136149,197100000000
2019-05-03 06:40:00+00:00,0.13543692359940923,0.1011421949497711,197400000000
2019-05-03 06:45:00+00:00,0.13790604656021924,0.0840605978874499,197700000000
2019-05-03 06:50:00+00:00,0.14556652619496147,0.07804145542968247,198000000000
2019-05-03 06:55:00+00:00,0.14191845338822484,0.08153800439202048,198300000000
2019-05-03 07:00:00+00:00,0.13651628329443968,0.04699038932716417,198600000000
2019-05-03 07:05:00+00:00,0.1402177288353966,0.08048580081766718,198900000000
2019-05-03 07:10:00+00:00,0.15364524896576545,0.10595587977695264,199200000000
2019-05-03 07:15:00+00:00,0.14655575770613197,0.09472911506646378,199500000000
2019-05-03 07:20:00+00:00,0.14626832806752937,0.11817428030014135,199800000000
2019-05-03 07:25:00+00:00,0.16573042140750435,0.09417875456418853,200100000000
2019-05-03 07:30:00+00:00,0.16155297050634634,0.10667804556487413,200400000000
2019-05-03 07:35:00+00:00,0.19975575213935295,0.1357082548097272,200700000000
2019-05-03 07:40:00+00:00,0.11965112087102256,0.11864781268836169,201000000000
2019-05-03 07:45:00+00:00,0.19746510723796615,0.1213743741651325,201300000000
2019-05-03 07:50:00+00:00,0.20348955139076297,0.10120998725717731,201600000000
2019-05-03 07:55:00+00:00,0.1399999551341893,0.10095854814761923,201900000000
2019-05-03 08:00:00+00:00,0.17747958145172643,0.143802295990405,202200000000
2019-05-03 08:05:00+00:00,0.17973439362638466,0.10138966197129837,202500000000
2019-05-03 08:10:00+00:00,0.161805818468778,0.11390512185339513,202800000000
2019-05-03 08:15:00+00:00,0.17715420120112294,0.13086708182525217,203100000000
2019-05-03 08:20:00+00:00,0.17321383743222932,0.12426961333874065,203400000000
2019-05-03 08:25:00+00:00,0.23314463390078738,0.14239795078994397,203700000000
2019-05-03 08:30:00+00:00,0.21944444888092376,0.11769719416429134,204000000000
2019-05-03 08:35:00+00:00,0.2287501782830477,0.1356245160095569,204300000000
2019-05-03 08:40:00+00:00,0.2202960271782901,0.14134962538452667,204600000000
2019-05-03 08:45:00+00:00,0.18577917017399886,0.1296319525862339,204900000000
2019-05-03 08:50:00+00:00,0.20032034803897553,0.1268711097833661,205200000000
2019-05-03 08:55:00+00:00,0.22300056070300994,0.12620217709099443,205500000000
2019-05-03 09:00:00+00:00,0.19112346100014307,0.12578166972308122,205800000000
2019-05-03 09:05:00+00:00,0.23212845180129982,0.1564787724356363,206100000000
2019-05-03 09:10:00+00:00,0.2153128703361338,0.1367799233299699,206400000000
2019-05-03 09:15:00+00:00,0.2148212216375214,0.11216899069174632,206700000000
2019-05-03 09:20:00+00:00,0.23868142138747192,0.13958073213813935,207000000000
2019-05-03 09:25:00+00:00,0.23543738313809734,0.16021884541110773,207300000000
2019-05-03 09:30:00+00:00,0.2213670110606371,0.10515985046149277,207600000000
2019-05-03 09:35:00+00:00,0.25375050892962947,0.11038674490995448,207900000000
2019-05-03 09:40:00+00:00,0.2108626512024618,0.15667924772435748,208200000000
2019-05-03 09:45:00+00:00,0.2466641539842669,0.15822679749099772,208500000000
2019-05-03 09:50:00+00:00,0.24800963092018952,0.16094037860251584,208800000000
2019-05-03 09:55:00+00:00,0.23169862959243986,0.11748283828292279,209100000000
2019-05-03 10:00:00+00:00,0.2460931376791747,0.16240644387683556,209400000000
2019-05-03 10:05:00+00:00,0.21616729738397575,0.13520535218175275,209700000000
2019-05-03 10:10:00+00:00,0.26122660980531565,0.12504941432622144,210000000000
2019-05-03 10:15:00+00:00,0.2405412018343767,0.17281038938610316,210300000000
2019-05-03 10:20:00+00:00,0.2352139298673388,0.14430202439277784,210600000000
2019-05-03 10:25:00+00:00,0.26801301749576606,0.15288613117587424,210900000000
2019-05-03 10:30:00+00:00,0.23424505606583776,0.1329872387197983,211200000000
2019-05-03 10:35:00+00:00,0.22139584335403742,0.09253306790377491,211500000000
2019-05-03 10:40:00+00:00,0.21959908742518588,0.1436261844477388,211800000000
2019-05-03 10:45:00+00:00,0.26395138511784527,0.16360797521562165,212100000000
2019-05-03 10:50:00+00:00,0.2272545111178639,0.13247110402405643,212400000000
2019-05-03 10:55:00+00:00,0.288922806242021,0.19892338789424605,212700000000
2019-05-03 11:00:00+00:00,0.21308361911901916,0.10017299109149456,213000000000
2019-05-03 11:05:00+00:00,0.2894776600600122,0.161751146508655,213300000000
2019-05-03 11:10:00+00:00,0.26052586152315343,0.13931535181868435,213600000000
2019-05-03 11:15:00+00:00,0.2550585298230767,0.14745921829841496,213900000000
2019-05-03 11:20:00+00:00,0.24671167010454106,0.14937640256786908,214200000000
2019-05-03 11:25:00+00:00,0.2661397266349833,0.1682841064572171,214500000000
2019-05-03 11:30:00+00:00,0.2578807018242412,0.14778895203244238,214800000000
2019-05-03 11:35:00+00:00,0.28110504392923397,0.1511159116544425,215100000000
2019-05-03 11:40:00+00:00,0.2616582021314471,0.19071506027427712,215400000000
2019-05-03 11:45:00+00:00,0.2626432070483614,0.20581872806478824,215700000000
2019-05-03 11:50:00+00:00,0.25255721121522373,0.15440006016677474,216000000000
2019-05-03 11:55:00+00:00,0.25881150269867614,0.14015129427878834,216300000000
2019-05-03 12:00:00+00:00,0.2661560353778412,0.1892027038475506,216600000000
2019-05-03 12:05:00+00:00,0.22577482509774274,0.10652975293207634,216900000000
2019-05-03 12:10:00+00:00,0.2329213025729422,0.13305731504966875,217200000000
2019-05-03 12:15:00+00:00,0.2745857870329115,0.15082913119282082,217500000000
2019-05-03 12:20:00+00:00,0.26290206903187624,0.13455053041011597,217800000000
2019-05-03 12:25:00+00:00,0.25549822845073883,0.1476984524120079,218100000000
2019-05-03 12:30:00+00:00,0.25916874120071276,0.13821780313694834,218400000000
2019-05-03 12:35:00+00:00,0.2653030828996198,0.15943493902274497,218700000000
2019-05-03 12:40:00+00:00,0.24703708045675513,0.14876579162750234,219000000000
2019-05-03 12:45:00+00:00,0.24167669755243837,0.13257938406102343,219300000000
2019-05-03 12:50:00+00:00,0.26050019505883254,0.14888984990342213,219600000000
2019-05-03 12:55:00+00:00,0.2362866326974664,0.1371550002604056,219900000000
2019-05-03 13:00:00+00:00,0.2632205957243164,0.17412927865697836,220200000000
2019-05-03 13:05:00+00:00,0.22013636162868808,0.1291132289559291,220500000000
2019-05-03 13:10:00+00:00,0.2738350998031914,0.18079509469763677,220800000000
2019-05-03 13:15:00+00:00,0.26169980240586005,0.16873614111460913,221100000000
2019-05-03 13:20:00+00:00,0.25629671002638604,0.16520863995384646,221400000000
2019-05-03 13:25:00+00:00,0.26969111118244105,0.18957158611638408,221700000000
2019-05-03 13:30:00+00:00,0.28214141876594445,0.14689703366464846,222000000000
2019-05-03 13:35:00+00:00,0.26784801205716874,0.15124514510815895,222300000000
2019-05-03 13:40:00+00:00,0.20940646120664252,0.16090985272997688,222600000000
2019-05-03 13:45:00+00:00,0.21923103856185586,0.12639229312532815,222900000000
2019-05-03 13:50:00+00:00,0.23086080897837524,0.08221401158890813,223200000000
2019-05-03 13:55:00+00:00,0.24235027880478735,0.14135080041991469,223500000000
2019-05-03 14:00:00+00:00,0.2505903243103817,0.153052985189494,223800000000
2019-05-03 14:05:00+00:00,0.22406912656009476,0.08209921358743263,224100000000
2019-05-03 14:10:00+00:00,0.2406051632725857,0.17104181076131036,224400000000
2019-05-03 14:15:00+00:00,0.21998778319831555,0.1177184206416773,224700000000
2019-05-03 14:20:00+00:00,0.22103133947239864,0.13919006598718947,225000000000
2019-05-03 14:25:00+00:00,0.20323624648093572,0.11742211698168017,225300000000
2019-05-03 14:30:00+00:00,0.2109550027881339,0.10080597328879949,225600000000
2019-05-03 14:35:00+00:00,0.20037953590716123,0.09881755885158833,225900000000
2019-05-03 14:40:00+00:00,0.2058336458527443,0.10479853078309563,226200000000
2019-05-03 14:45:00+00:00,0.2443071403873369,0.16829772241607488,226500000000
2019-05-03 14:50:00+00:00,0.2020758449671022,0.11829474321825828,226800000000
2019-05-03 14:55:00+00:00,0.27148834671682254,0.1524556976990586,227100000000
2019-05-03 15:00:00+00:00,0.2264323751955999,0.11716724686555531,227400000000
2019-05-03 15:05:00+00:00,0.21793756973012682,0.15468554626859862,227700000000
2019-05-03 15:10:00+00:00,0.1946991533165026,0.14610351744037328,228000000000
2019-05-03 15:15:00+00:00,0.22344973651985656,0.15776471988604754,228300000000
2019-05-03 15:20:00+00:00,0.19546094048378115,0.127125311073352,228600000000
2019-05-03 15:25:00+00:00,0.20689816156496077,0.12993549777639068,228900000000
2019-05-03 15:30:00+00:00,0.25309923845001764,0.12754078671049254,229200000000
2019-05-03 15:35:00+00:00,0.1973724714822665,0.11350710035513874,229500000000
2019-05-03 15:40:00+00:00,0.21963304308948153,0.11810262178676018,229800000000
2019-05-03 15:45:00+00:00,0.17989700645042261,0.07142796169055937,230100000000
2019-05-03 15:50:00+00:00,0.19053406033097334,0.13546130458189132,230400000000
2019-05-03 15:55:00+00:00,0.22388477921456637,0.12041426860089431,230700000000
2019-05-03 16:00:00+00:00,0.1731273255109116,0.1277952334552531,231000000000
2019-05-03 16:05:00+00:00,0.21907784205340258,0.1490816332472418,231300000000
2019-05-03 16:10:00+00:00,0.19411177513880895,0.12760142461595372,231600000000
2019-05-03 16:15:00+00:00,0.16580230134829813,0.11173906224424256,231900000000
2019-05-03 16:20:00+00:00,0.1867631162644376,0.0997515921171884,232200000000
2019-05-03 16:25:00+00:00,0.19059920358245636,0.1515165251752871,232500000000
2019-05-03 16:30:00+00:00,0.18058871409910754,0.1092157370785255,232800000000
2019-05-03 16:35:00+00:00,0.13372510023363524,0.08627369384255522,233100000000
2019-05-03 16:40:00+00:00,0.14753805576013101,0.07554130678474583,233400000000
2019-05-03 16:45:00+00:00,0.15405721375111114,0.07381102303512747,233700000000
2019-05-03 16:50:00+00:00,0.15442275689919552,0.10219957431570577,234000000000
2019-05-03 16:55:00+00:00,0.1652072385001068,0.10347461301883978,234300000000
2019-05-03 17:00:00+00:00,0.1532102101173766,0.07613907875237441,234600000000
2019-05-03 17:05:00+00:00,0.11979321889694627,0.04310739696265968,234900000000
2019-05-03 17:10:00+00:00,0.150931010221946,0.06516014438661664,235200000000
2019-05-03 17:15:00+00:00,0.15235026320809594,0.1153328322666797,235500000000
2019-05-03 17:20:00+00:00,0.14813192449754956,0.07661407840552831,235800000000
2019-05-03 17:25:00+00:00,0.15533690021735758,0.08642396921689786,236100000000
2019-05-03 17:30:00+00:00,0.14717403859065242,0.11731122832957269,236400000000
2019-05-03 17:35:00+00:00,0.136444188367919,0.0594235017910231,236700000000
2019-05-03 17:40:00+00:00,0.12261449162742032,0.05902879846211105,237000000000
2019-05-03 17:45:00+00:00,0.08754958404753513,0.03715441385730721,237300000000
2019-05-03 17:50:00+00:00,0.12610749470967456,0.10802586644912551,237600000000
2019-05-03 17:55:00+00:00,0.1184120976095578,0.11091492857738297,237900000000
2019-05-03 18:00:00+00:00,0.11643157674390729,0.0848902105543878,238200000000
2019-05-03 18:05:00+00:00,0.08220668461729844,0.06499170525346386,238500000000
2019-05-03 18:10:00+00:00,0.0828637388648121,0.03811114326183264,238800000000
2019-05-03 18:15:00+00:00,0.12229425434880331,0.11232312234736763,239100000000
2019-05-03 18:20:00+00:00,0.09719109106627384,0.06366857972693754,239400000000
2019-05-03 18:25:00+00:00,0.10836942716410242,0.08208386158745624,239700000000
2019-05-03 18:30:00+00:00,0.09207077202293507,0.05313196443834195,240000000000
2019-05-03 18:35:00+00:00,0.08887383708364993,0.047963650503637746,240300000000
2019-05-03 18:40:00+00:00,0.10382956058059138,0.09555858154027717,240600000000
2019-05-03 18:45:00+00:00,0.0715405571332332,0.053718807874706065,240900000000
2019-05-03 18:50:00+00:00,0.08059536233699313,0.07738472662360352,241200000000
2019-05-03 18:55:00+00:00,0.06625438815475103,0.044859196327751504,241500000000
2019-05-03 19:00:00+00:00,0.06365388535264238,0.02122500048312361,241800000000
2019-05-03 19:05:00+00:00,0.06302276098153417,0.026146797931350746,242100000000
2019-05-03 19:10:00+00:00,0.07053124995147826,0.04437805482017917,242400000000
2019-05-03 19:15:00+00:00,0.05341744110458964,0.019520460341887248,242700000000
2019-05-03 19:20:00+00:00,0.08503432323484197,0.02887136576835137,243000000000
2019-05-03 19:25:00+00:00,0.038978259324166,0.0474152962302401,243300000000
2019-05-03 19:30:00+00:00,0.050110052262010124,0.01916862994073583,243600000000
2019-05-03 19:35:00+00:00,0.042057264244595154,0.0279982135025835,243900000000
2019-05-03 19:40:00+00:00,0.07682459620374743,0.05201742951996055,244200000000
2019-05-03 19:45:00+00:00,0.04887945866404844,0.017564612692017686,244500000000
2019-05-03 19:50:00+00:00,0.06268015435967321,0.06662408194197872,244800000000
2019-05-03 19:55:00+00:00,0.009459921645796492,0.0,245100000000
2019-05-03 20:00:00+00:00,0.04167433865071867,0.030237108462046622,245400000000
2019-05-03 20:05:00+00:00,0.05132384941061341,0.03571666377389972,245700000000
2019-05-03 20:10:00+00:00,0.032411849644596306,0.01836201772947483,246000000000
2019-05-03 20:15:00+00:00,0.04934907254836659,0.0036711912635803007,246300000000
2019-05-03 20:20:00+00:00,0.01500665443422491,0.02642034369780423,246600000000
2019-05-03 20:25:00+00:00,0.050893279326952034,0.04540618100286315,246900000000
2019-05-03 20:30:00+00:00,0.06608041478774321,0.0261368783008216,247200000000
2019-05-03 20:35:00+00:00,0.010285263519153631,0.020320902255599415,247500000000
2019-05-03 20:40:00+00:00,0.006116252563448702,0.011167905264084736,247800000000
2019-05-03 20:45:00+00:00,0.041624150610677244,0.0,248100000000
2019-05-03 20:50:00+00:00,0.0417251339944873,0.007956502105265231,248400000000
2019-05-03 20:55:00+00:00,0.0,0.022765628897791587,248700000000
2019-05-03 21:00:00+00:00,0.0,0.006188323702841007,249000000000
2019-05-03 21:05:00+00:00,0.0,0.0,249300000000
2019-05-03 21:10:00+00:00,0.0,0.0,249600000000
2019-05-03 21:15:00+00:00,0.0,0.0,249900000000
2019-05-03 21:20:00+00:00,0.0,0.0,250200000000
2019-05-03 21:25:00+00:00,0.0,0.0,250500000000
2019-05-03 21:30:00+00:00,0.0,0.0,250800000000
2019-05-03 21:35:00+00:00,0.0,0.02280026572801571,251100000000
2019-05-03 21:40:00+00:00,0.019748314324043587,0.031261662046655016,251400000000
2019-05-03 21:45:00+00:00,0.0,0.0,251700000000
2019-05-03 21:50:00+00:00,0.004816619986488083,0.005616197903166203,252000000000
2019-05-03 21:55:00+00:00,0.0,0.0,252300000000
2019-05-03 22:00:00+00:00,0.0,0.0,252600000000
2019-05-03 22:05:00+00:00,0.0,0.0,252900000000
2019-05-03 22:10:00+00:00,0.0,0.0,253200000000
2019-05-03 22:15:00+00:00,0.0,0.040058941681525725,253500000000
2019-05-03 22:20:00+00:00,0.0,0.0,253800000000
2019-05-03 22:25:00+00:00,0.0,0.0,254100000000
2019-05-03 22:30:00+00:00,0.0,0.0,254400000000
2019-05-03 22:35:00+00:00,0.02106871129468691,0.03351676590484725,254700000000
2019-05-03 22:40:00+00:00,0.0,0.0,255000000000
2019-05-03 22:45:00+00:00,0.0,0.0,255300000000
2019-05-03 22:50:00+00:00,0.0,0.02893645680223068,255600000000
2019-05-03 22:55:00+00:00,0.0,0.0048797237599529355,255900000000
2019-05-03 23:00:00+00:00,0.0,0.0038384401007222646,256200000000
2019-05-03 23:05:00+00:00,0.0,0.04264292920287403,256500000000
2019-05-03 23:10:00+00:00,0.0,0.0049269590589699755,256800000000
2019-05-03 23:15:00+00:00,0.0,0.0,257100000000
2019-05-03 23:20:00+00:00,0.0,0.0,257400000000
2019-05-03 23:25:00+00:00,0.0,0.0,257700000000
2019-05-03 23:30:00+00:00,0.0,0.025118740800313937,258000000000
2019-05-03 23:35:00+00:00,0.0,0.011491234350734307,258300000000
2019-05-03 23:40:00+00:00,0.0,0.022488282999417783,258600000000
2019-05-03 23:45:00+00:00,0.0,0.024259678570987413,258900000000
2019-05-03 23:50:00+00:00,0.0,0.0,259200000000
2019-05-03 23:55:00+00:00,0.0,0.0,259500000000
2019-05-04 00:00:00+00:00,0.0,0.0,259800000000
2019-05-04 00:05:00+00:00,0.0,0.0,260100000000
2019-05-04 00:10:00+00:00,0.0,0.0032991375081804935,260400000000
2019-05-04 00:15:00+00:00,0.0,0.022641937616693784,260700000000
2019-05-04 00:20:00+00:00,0.0,0.0,261000000000
2019-05-04 00:25:00+00:00,0.0031650844864234695,0.004898952490008865,261300000000
2019-05-04 00:30:00+00:00,0.0,0.0,261600000000
2019-05-04 00:35:00+00:00,0.0,0.016054551448753954,261900000000
2019-05-04 00:40:00+00:00,0.058041497894672237,0.02146925085103754,262200000000
2019-05-04 00:45:00+00:00,0.0,0.0,262500000000
2019-05-04 00:50:00+00:00,0.0,0.009417377187507616,262800000000
2019-05-04 00:55:00+00:00,0.0023426245761441686,0.021162263171846375,263100000000
2019-05-04 01:00:00+00:00,0.0,0.008927484895170715,263400000000
2019-05-04 01:05:00+00:00,0.0,0.0,263700000000
2019-05-04 01:10:00+00:00,0.0,0.0,264000000000
2019-05-04 01:15:00+00:00,0.0,0.009889950635606428,264300000000
2019-05-04 01:20:00+00:00,0.021806977621808263,0.01591376563177843,264600000000
2019-05-04 01:25:00+00:00,0.0,0.0,264900000000
2019-05-04 01:30:00+00:00,0.0,0.03644926685987582,265200000000
2019-05-04 01:35:00+00:00,0.0,0.0,265500000000
2019-05-04 01:40:00+00:00,0.0,0.03550074042254931,265800000000
2019-05-04 01:45:00+00:00,0.014694901951483999,0.009452619268303198,266100000000
2019-05-04 01:50:00+00:00,0.0,0.0,266400000000
2019-05-04 01:55:00+00:00,0.0,0.0,266700000000
2019-05-04 02:00:00+00:00,0.0,0.01918992153198882,267000000000
2019-05-04 02:05:00+00:00,0.006284513232938115,0.0,267300000000
2019-05-04 02:10:00+00:00,0.0022620378631255204,0.0,267600000000
2019-05-04 02:15:00+00:00,0.0,0.0,267900000000
2019-05-04 02:20:00+00:00,0.010849576037323103,0.0,268200000000
2019-05-04 02:25:00+00:00,0.014821998946569017,0.018729487389700664,268500000000
2019-05-04 02:30:00+00:00,0.021056845443731726,0.028102103587591264,268800000000
2019-05-04 02:35:00+00:00,0.008422080843416235,0.0,269100000000
2019-05-04 02:40:00+00:00,0.0,0.0,269400000000
2019-05-04 02:45:00+00:00,0.002616635940153179,0.016702830866230662,269700000000
2019-05-04 02:50:00+00:00,0.02601080103087105,0.0,270000000000
2019-05-04 02:55:00+00:00,0.0,0.0,270300000000
2019-05-04 03:00:00+00:00,0.013807448999476106,0.0,270600000000
2019-05-04 03:05:00+00:00,0.0009201542750010613,0.007592864824163045,270900000000
2019-05-04 03:10:00+00:00,0.011764143094125212,0.01324164024682441,271200000000
2019-05-04 03:15:00+00:00,0.039208831653801984,0.009844378384700357,271500000000
2019-05-04 03:20:00+00:00,0.01995939546297274,0.012077345200348326,271800000000
2019-05-04 03:25:00+00:00,0.01960965457995809,0.04230844043107747,272100000000
2019-05-04 03:30:00+00:00,0.0,0.0,272400000000
2019-05-04 03:35:00+00:00,0.038825846288229555,0.0,272700000000
2019-05-04 03:40:00+00:00,0.03948432928127549,0.032792109083172705,273000000000
2019-05-04 03:45:00+00:00,0.07255455951316903,0.041324712429869646,273300000000
2019-05-04 03:50:00+00:00,0.025888382937804964,0.0013325280263809507,273600000000
2019-05-04 03:55:00+00:00,0.0392197956069784,0.036573482111285194,273900000000
2019-05-04 04:00:00+00:00,0.04265434034088129,0.04237710709790457,274200000000
2019-05-04 04:05:00+00:00,0.07208130581291683,0.0,274500000000
2019-05-04 04:10:00+00:00,0.04152624181145065,0.011863786900240623,274800000000
2019-05-04 04:15:00+00:00,0.05194546031588973,0.07751760081347094,275100000000
2019-05-04 04:20:00+00:00,0.06148741315544734,0.048560546209232225,275400000000
2019-05-04 04:25:00+00:00,0.056056290095427355,0.047155846823199406,275700000000
2019-05-04 04:30:00+00:00,0.046418812854226055,0.051309173285165204,276000000000
2019-05-04 04:35:00+00:00,0.062279983004299336,0.03770936630657412,276300000000
2019-05-04 04:40:00+00:00,0.08294739127612287,0.06570211796750612,276600000000
2019-05-04 04:45:00+00:00,0.044045440882971625,0.04078850540652702,276900000000
2019-05-04 04:50:00+00:00,0.07582900559825376,0.05627823329400743,277200000000
2019-05-04 04:55:00+00:00,0.06143741428874896,0.030422209160901277,277500000000
2019-05-04 05:00:00+00:00,0.101630959156525,0.06441975394124017,277800000000
2019-05-04 05:05:00+00:00,0.04957496205002985,0.017977745943882344,278100000000
2019-05-04 05:10:00+00:00,0.07118590560970811,0.042967829457154764,278400000000
2019-05-04 05:15:00+00:00,0.09224967449595153,0.031979986855585577,278700000000
2019-05-04 05:20:00+00:00,0.11815214282353662,0.055078805868662914,279000000000
2019-05-04 05:25:00+00:00,0.08876926462783037,0.047615317938199626,279300000000
2019-05-04 05:30:00+00:00,0.08223374729979421,0.030466139751275007,279600000000
2019-05-04 05:35:00+00:00,0.1342236657165724,0.07043385401503992,279900000000
2019-05-04 05:40:00+00:00,0.07091080502397101,0.03926796347927229,280200000000
2019-05-04 05:45:00+00:00,0.05917174481640981,0.043548293783133435,280500000000
2019-05-04 05:50:00+00:00,0.1152296031184885,0.08812290790815128,280800000000
2019-05-04 05:55:00+00:00,0.09967279386887522,0.05052798889376297,281100000000
2019-05-04 06:00:00+00:00,0.09257534365738562,0.08224729853980385,281400000000
2019-05-04 06:05:00+00:00,0.1304532505900594,0.0970441719265455,281700000000
2019-05-04 06:10:00+00:00,0.12444670015800191,0.08474989673367998,282000000000
2019-05-04 06:15:00+00:00,0.11157056343645377,0.07001532064780464,282300000000
2019-05-04 06:20:00+00:00,0.10052282899428601,0.06669611423394242,282600000000
2019-05-04 06:25:00+00:00,0.1468486222378421,0.11185019635603288,282900000000
2019-05-04 06:30:00+00:00,0.14566628572551482,0.11187136463049435,283200000000
2019-05-04 06:35:00+00:00,0.133932212875122,0.10705826229274605,283500000000
2019-05-04 06:40:00+00:00,0.1760910776821033,0.10648118324680204,283800000000
2019-05-04 06:45:00+00:00,0.12098685297589598,0.08369145508550985,284100000000
2019-05-04 06:50:00+00:00,0.11509432756110981,0.09592752666910691,284400000000
2019-05-04 06:55:00+00:00,0.1349675002290785,0.06850617943911924,284700000000
2019-05-04 07:00:00+00:00,0.15107780310493493,0.08427834478859489,285000000000
2019-05-04 07:05:00+00:00,0.16002169664665775,0.09633375124826422,285300000000
2019-05-04 07:10:00+00:00,0.15347559321295878,0.11007733068736339,285600000000
2019-05-04 07:15:00+00:00,0.16846536105909293,0.11938265964982822,285900000000
2019-05-04 07:20:00+00:00,0.13949445523726348,0.07907939091839938,286200000000
2019-05-04 07:25:00+00:00,0.19647710893513184,0.0877140762734849,286500000000
2019-05-04 07:30:00+00:00,0.1690094912869118,0.10632937365806644,286800000000
2019-05-04 07:35:00+00:00,0.19602180899946217,0.09924676265310928,287100000000
2019-05-04 07:40:00+00:00,0.18352502396643636,0.08031629028705736,287400000000
2019-05-04 07:45:00+00:00,0.18877003458259253,0.0879845895348812,287700000000
2019-05-04 07:50:00+00:00,0.1939631931454542,0.12290553604418372,288000000000
2019-05-04 07:55:00+00:00,0.19442193098269878,0.14387390580827542,288300000000
2019-05-04 08:00:00+00:00,0.20118778853068356,0.12149056344313501,288600000000
2019-05-04 08:05:00+00:00,0.21774626154894883,0.13487537002228858,288900000000
2019-05-04 08:10:00+00:00,0.19788647575716425,0.14238978423185705,289200000000
2019-05-04 08:15:00+00:00,0.21089061010471025,0.09564526788115506,289500000000
2019-05-04 08:20:00+00:00,0.1976306404558013,0.1289819127054862,289800000000
2019-05-04 08:25:00+00:00,0.23090156934130415,0.13830914591840604,290100000000
2019-05-04 08:30:00+00:00,0.19120303497678928,0.1260429701627149,290400000000
2019-05-04 08:35:00+00:00,0.2433378850413802,0.1363330528567518,290700000000
2019-05-04 08:40:00+00:00,0.20905942688453832,0.10907691032219335,291000000000
2019-05-04 08:45:00+00:00,0.18374470355598288,0.11305700021930185,291300000000
2019-05-04 08:50:00+00:00,0.21737284166278675,0.1634075314643613,291600000000
2019-05-04 08:55:00+00:00,0.20359203632895398,0.13937342388820165,291900000000
2019-05-04 09:00:00+00:00,0.23637888815775626,0.1316734774910519,292200000000
2019-05-04 09:05:00+00:00,0.20881600361180436,0.098470161447457,292500000000
2019-05-04 09:10:00+00:00,0.21519570963500037,0.0954760801070445,292800000000
2019-05-04 09:15:00+00:00,0.18852682316960254,0.13943808293877114,293100000000
2019-05-04 09:20:00+00:00,0.2194160956384209,0.11254801162033598,293400000000
2019-05-04 09:25:00+00:00,0.18207453037579738,0.10273444996557969,293700000000
2019-05-04 09:30:00+00:00,0.20090827790730423,0.14696918926593405,294000000000
2019-05-04 09:35:00+00:00,0.24977220598523026,0.11758529448155833,294300000000
2019-05-04 09:40:00+00:00,0.2521999209274765,0.18116524274598708,294600000000
2019-05-04 09:45:00+00:00,0.2468545930810807,0.14303994677079837,294900000000
2019-05-04 09:50:00+00:00,0.22080808289823742,0.10951318343416767,295200000000
2019-05-04 09:55:00+00:00,0.24093533125588035,0.13961418021054994,295500000000
2019-05-04 10:00:00+00:00,0.24349842645252096,0.13164712024348302,295800000000
2019-05-04 10:05:00+00:00,0.22202227512783093,0.14202976105481288,296100000000
2019-05-04 10:10:00+00:00,0.2768140354565205,0.15312577259615673,296400000000
2019-05-04 10:15:00+00:00,0.26578649037475,0.12123905000646915,296700000000
2019-05-04 10:20:00+00:00,0.2452491068011262,0.1427382133924959,297000000000
2019-05-04 10:25:00+00:00,0.25157054975891874,0.12381142880962047,297300000000
2019-05-04 10:30:00+00:00,0.25649958603564416,0.1579861493011529,297600000000
2019-05-04 10:35:00+00:00,0.21273037191282274,0.10389561650202714,297900000000
2019-05-04 10:40:00+00:00,0.24978812324525218,0.14011261788370957,298200000000
2019-05-04 10:45:00+00:00,0.2421915011309764,0.14896665676287255,298500000000
2019-05-04 10:50:00+00:00,0.2368306979698913,0.1378492442812494,298800000000
2019-05-04 10:55:00+00:00,0.2522049167446145,0.15633155570678958,299100000000
2019-05-04 11:00:00+00:00,0.29467593781368406,0.19041130600256556,299400000000
2019-05-04 11:05:00+00:00,0.2723653899195517,0.1402605599571049,299700000000
2019-05-04 11:10:00+00:00,0.24888193238344514,0.14804120861757292,300000000000
2019-05-04 11:15:00+00:00,0.27244444768760784,0.09687659266240212,300300000000
2019-05-04 11:20:00+00:00,0.2895971605724401,0.17870496237711456,300600000000
2019-05-04 11:25:00+00:00,0.2806496780061972,0.16237352419622147,300900000000
2019-05-04 11:30:00+00:00,0.26382600327114164,0.13862660669312554,301200000000
2019-05-04 11:35:00+00:00,0.250100270734792,0.15637455088680569,301500000000
2019-05-04 11:40:00+00:00,0.27733811543047815,0.18985682080198824,301800000000
2019-05-04 11:45:00+00:00,0.27150687952755886,0.15338377276455645,302100000000
2019-05-04 11:50:00+00:00,0.2817333198600555,0.1501437021111989,302400000000
2019-05-04 11:55:00+00:00,0.27665385120673686,0.16929281597281634,302700000000
2019-05-04 12:00:00+00:00,0.2849910543063867,0.1442824992509048,303000000000
2019-05-04 12:05:00+00:00,0.2532734887196639,0.13875646582108755,303300000000
2019-05-04 12:10:00+00:00,0.29023289232774296,0.19858777862965582,303600000000
2019-05-04 12:15:00+00:00,0.2676724972463052,0.16184708294402886,303900000000
2019-05-04 12:20:00+00:00,0.3049899777218227,0.14540464735417027,304200000000
2019-05-04 12:25:00+00:00,0.24939413881600098,0.11369665034401255,304500000000
2019-05-04 12:30:00+00:00,0.2975193386027099,0.18175331701456143,304800000000
2019-05-04 12:35:00+00:00,0.2663096644616393,0.1770336101953373,305100000000
2019-05-04 12:40:00+00:00,0.24880391399065344,0.11692991922186904,305400000000
2019-05-04 12:45:00+00:00,0.25156507537939815,0.15993329737756903,305700000000
2019-05-04 12:50:00+00:00,0.2541763437929926,0.17911267642558992,306000000000
2019-05-04 12:55:00+00:00,0.26833740717780535,0.19875962406585598,306300000000
2019-05-04 13:00:00+00:00,0.2695122503707368,0.1683318054196396,306600000000
2019-05-04 13:05:00+00:00,0.2467140336346733,0.15816447207185347,306900000000
2019-05-04 13:10:00+00:00,0.25676489521145907,0.11139524857431254,307200000000
2019-05-04 13:15:00+00:00,0.2990932599298366,0.22145100691782174,307500000000
2019-05-04 13:20:00+00:00,0.28972697874212267,0.16232638298335117,307800000000
2019-05-04 13:25:00+00:00,0.2627637648970117,0.13898883576970616,308100000000
2019-05-04 13:30:00+00:00,0.253591999440057,0.14705107697524172,308400000000
2019-05-04 13:35:00+00:00,0.3457555127515406,0.23768677593463297,308700000000
2019-05-04 13:40:00+00:00,0.33592972565617935,0.24571875634457857,309000000000
2019-05-04 13:45:00+00:00,0.2834432918688239,0.1725741487108112,309300000000
2019-05-04 13:50:00+00:00,0.27892735996796986,0.18731809943285502,309600000000
2019-05-04 13:55:00+00:00,0.23081563141509268,0.13935345982276567,309900000000
2019-05-04 14:00:00+00:00,0.252221606353105,0.1305770543514993,310200000000
2019-05-04 14:05:00+00:00,0.25552792161721904,0.18285162638609725,310500000000
2019-05-04 14:10:00+00:00,0.23120609873705622,0.12628110963510594,310800000000
2019-05-04 14:15:00+00:00,0.2705751771111825,0.19305572173414715,311100000000
2019-05-04 14:20:00+00:00,0.21274638227219125,0.15361865595869645,311400000000
2019-05-04 14:25:00+00:00,0.20608197081370394,0.13592990776736652,311700000000
2019-05-04 14:30:00+00:00,0.23790870408155126,0.17932471757401783,312000000000
2019-05-04 14:35:00+00:00,0.2523551940717312,0.19606003710675346,312300000000
2019-05-04 14:40:00+00:00,0.2630296647414485,0.15431293158558287,312600000000
2019-05-04 14:45:00+00:00,0.2180566191978008,0.11465808915035186,312900000000
2019-05-04 14:50:00+00:00,0.24663743941236682,0.11069706690229064,313200000000
2019-05-04 14:55:00+00:00,0.2220705360300608,0.17813596672664161,313500000000
2019-05-04 15:00:00+00:00,0.2171134711791659,0.12147444252913055,313800000000
2019-05-04 15:05:00+00:00,0.2359140460059626,0.16424916474561235,314100000000
2019-05-04 15:10:00+00:00,0.2289127664883955,0.12252255254284763,314400000000
2019-05-04 15:15:00+00:00,0.18191569579199196,0.13991473029343587,314700000000
2019-05-04 15:20:00+00:00,0.24050450400305395,0.1303003505655241,315000000000
2019-05-04 15:25:00+00:00,0.23605979235500238,0.11780149274065457,315300000000
2019-05-04 15:30:00+00:00,0.19338629365445137,0.1118616475735958,315600000000
2019-05-04 15:35:00+00:00,0.21120974014550795,0.11609033006807201,315900000000
2019-05-04 15:40:00+00:00,0.2105281802894226,0.13824290388287783,316200000000
2019-05-04 15:45:00+00:00,0.20317401026941878,0.12087650761780079,316500000000
2019-05-04 15:50:00+00:00,0.18422772706400398,0.12309068412944082,316800000000
2019-05-04 15:55:00+00:00,0.1790362991430954,0.10160135002415135,317100000000
2019-05-04 16:00:00+00:00,0.22861928545454746,0.12386942385235236,317400000000
2019-05-04 16:05:00+00:00,0.2339616714032774,0.12870579188404496,317700000000
2019-05-04 16:10:00+00:00,0.20272147956313025,0.16253166369849867,318000000000
2019-05-04 16:15:00+00:00,0.17363935022446117,0.1086870287792154,318300000000
2019-05-04 16:20:00+00:00,0.19354893569629433,0.0764541172287157,318600000000
2019-05-04 16:25:00+00:00,0.11817726217732007,0.06050217703731042,318900000000
2019-05-04 16:30:00+00:00,0.19512782886220598,0.11901401796684109,319200000000
2019-05-04 16:35:00+00:00,0.13433531905588214,0.11750918505853686,319500000000
2019-05-04 16:40:00+00:00,0.15883198044856603,0.11587316258693761,319800000000
2019-05-04 16:45:00+00:00,0.14061418856961816,0.06593415641213259,320100000000
2019-05-04 16:50:00+00:00,0.13401779596677912,0.12877779265151648,320400000000
2019-05-04 16:55:00+00:00,0.1800103322966639,0.10738299208196879,320700000000
2019-05-04 17:00:00+00:00,0.14430216607247345,0.11150789586498297,321000000000
2019-05-04 17:05:00+00:00,0.15743018370576292,0.07135794027545969,321300000000
2019-05-04 17:10:00+00:00,0.1463886416242428,0.03986992306952773,321600000000
2019-05-04 17:15:00+00:00,0.15367936484688222,0.06403898910076211,321900000000
2019-05-04 17:20:00+00:00,0.14247255336013365,0.020476862492166056,322200000000
2019-05-04 17:25:00+00:00,0.11206144122249459,0.10947865127855493,322500000000
2019-05-04 17:30:00+00:00,0.15442093188861747,0.09694321751089881,322800000000
2019-05-04 17:35:00+00:00,0.12138545512012379,0.054338392703113636,323100000000
2019-05-04 17:40:00+00:00,0.09688616788339854,0.06718418132964155,323400000000
2019-05-04 17:45:00+00:00,0.11620649949853647,0.0735105804227252,323700000000
2019-05-04 17:50:00+00:00,0.15153032613970935,0.10333686359610543,324000000000
2019-05-04 17:55:00+00:00,0.3558182471082636,0.23768157628768352,324300000000
2019-05-04 18:00:00+00:00,0.28447133203160224,0.16488437615846105,324600000000
2019-05-04 18:05:00+00:00,0.2370897830871554,0.12465708373027351,324900000000
2019-05-04 18:10:00+00:00,0.1902743560085088,0.13072011789254365,325200000000
2019-05-04 18:15:00+00:00,0.19087725063330205,0.13057300593767054,325500000000
2019-05-04 18:20:00+00:00,0.10962090318803779,0.06778725807524957,325800000000
2019-05-04 18:25:00+00:00,0.10734024616047164,0.10795523146989844,326100000000
2019-05-04 18:30:00+00:00,0.11611007358096248,0.060909601691344434,326400000000
2019-05-04 18:35:00+00:00,0.14150854571223592,0.06690796799463618,326700000000
2019-05-04 18:40:00+00:00,0.08388304154465766,0.05869165347692663,327000000000
2019-05-04 18:45:00+00:00,0.0819344547158809,0.035661915691258574,327300000000
2019-05-04 18:50:00+00:00,0.08124092160989248,0.0586548834488334,327600000000
2019-05-04 18:55:00+00:00,0.07875544919865483,0.0305931044024041,327900000000
2019-05-04 19:00:00+00:00,0.09089640077402857,0.04653299480577943,328200000000
2019-05-04 19:05:00+00:00,0.07424512116705272,0.08236388110101495,328500000000
2019-05-04 19:10:00+00:00,0.08474137606311563,0.0427330785029158,328800000000
2019-05-04 19:15:00+00:00,0.06537808193568759,0.023249818281066623,329100000000
2019-05-04 19:20:00+00:00,0.0654919045296934,0.06270871849194605,329400000000
2019-05-04 19:25:00+00:00,0.020906391677913964,0.0,329700000000
2019-05-04 19:30:00+00:00,0.07617403863928598,0.03184555858063023,330000000000
2019-05-04 19:35:00+00:00,0.061781654928038526,0.04860021536700301,330300000000
2019-05-04 19:40:00+00:00,0.07184524071386586,0.06187537290578535,330600000000
2019-05-04 19:45:00+00:00,0.0,0.02440952782162149,330900000000
2019-05-04 19:50:00+00:00,0.08781075766591509,0.03774201795513935,331200000000
2019-05-04 19:55:00+00:00,0.0403793365434325,0.0361477753857819,331500000000
2019-05-04 20:00:00+00:00,0.06249698966808387,0.02817602980996673,331800000000
2019-05-04 20:05:00+00:00,0.016733114955633198,0.0,332100000000
2019-05-04 20:10:00+00:00,0.04702164796033925,0.05227724442204926,332400000000
2019-05-04 20:15:00+00:00,0.01097115378358647,0.0,332700000000
2019-05-04 20:20:00+00:00,0.016877044222316284,0.015690318453809367,333000000000
2019-05-04 20:25:00+00:00,0.06498695760057618,0.04210376394495849,333300000000
2019-05-04 20:30:00+00:00,0.020288804300091303,0.0,333600000000
2019-05-04 20:35:00+00:00,0.025890692191541314,0.0348562724220512,333900000000
2019-05-04 20:40:00+00:00,0.0364276576052384,0.03306221243672212,334200000000
2019-05-04 20:45:00+00:00,0.02647009882777534,0.0,334500000000
2019-05-04 20:50:00+00:00,0.017142069182744628,0.01583366373439364,334800000000
2019-05-04 20:55:00+00:00,0.019058372793095562,0.0,335100000000
2019-05-04 21:00:00+00:00,0.057502294526783376,0.05644288284432258,335400000000
2019-05-04 21:05:00+00:00,0.006006918639254257,0.0,335700000000
2019-05-04 21:10:00+00:00,0.008958158190558629,0.0,336000000000
2019-05-04 21:15:00+00:00,0.023778783464972097,0.021507761098752572,336300000000
2019-05-04 21:20:00+00:00,0.022759407746868725,0.01474245053095874,336600000000
2019-05-04 21:25:00+00:00,0.02232737809171966,0.028655591989311224,336900000000
2019-05-04 21:30:00+00:00,0.009354936730232011,0.0,337200000000
2019-05-04 21:35:00+00:00,0.0,0.033038286737347565,337500000000
2019-05-04 21:40:00+00:00,0.025406935113784584,0.02574705424403618,337800000000
2019-05-04 21:45:00+00:00,0.0,0.027194364260017923,338100000000
2019-05-04 21:50:00+00:00,0.0,0.017484803384664835,338400000000
2019-05-04 21:55:00+00:00,0.0,0.0,338700000000
2019-05-04 22:00:00+00:00,0.0,0.0,339000000000
2019-05-04 22:05:00+00:00,0.0,0.0,339300000000
2019-05-04 22:10:00+00:00,0.0,0.03179126665725155,339600000000
2019-05-04 22:15:00+00:00,0.0,0.027708755633127646,339900000000
2019-05-04 22:20:00+00:00,0.012050279547897697,0.0,340200000000
2019-05-04 22:25:00+00:00,0.0,0.0,340500000000
2019-05-04 22:30:00+00:00,0.0,0.0,340800000000
2019-05-04 22:35:00+00:00,0.0,0.0,341100000000
2019-05-04 22:40:00+00:00,0.0,0.0,341400000000
2019-05-04 22:45:00+00:00,0.0,0.01057078403662803,341700000000
2019-05-04 22:50:00+00:00,0.0,0.017524251586433264,342000000000
2019-05-04 22:55:00+00:00,0.0,0.019805990941990485,342300000000
2019-05-04 23:00:00+00:00,0.0,0.00891418280270734,342600000000
2019-05-04 23:05:00+00:00,0.0,0.0,342900000000
2019-05-04 23:10:00+00:00,0.3186530400852995,0.18436782939731378,343200000000
2019-05-04 23:15:00+00:00,0.18261120207864356,0.15564851691816994,343500000000
2019-05-04 23:20:00+00:00,0.03515377780794602,0.02857660138081718,343800000000
2019-05-04 23:25:00+00:00,0.2644364829528789,0.16601828114060466,344100000000
2019-05-04 23:30:00+00:00,0.12316024619887256,0.08108586651480068,344400000000
2019-05-04 23:35:00+00:00,0.0,0.008307592450119796,344700000000
2019-05-04 23:40:00+00:00,0.0,0.0,345000000000
2019-05-04 23:45:00+00:00,0.0,0.0,345300000000
2019-05-04 23:50:00+00:00,0.0,0.0,345600000000
2019-05-04 23:55:00+00:00,0.0,0.02562990798506825,345900000000
2019-05-05 00:00:00+00:00,0.0,0.0009534578924459189,346200000000
2019-05-05 00:05:00+00:00,0.0,0.0,346500000000
2019-05-05 00:10:00+00:00,0.0,0.008601783123435043,346800000000
2019-05-05 00:15:00+00:00,0.0,0.0,347100000000
2019-05-05 00:20:00+00:00,0.0,0.0,347400000000
2019-05-05 00:25:00+00:00,0.012009709817982654,0.0,347700000000
2019-05-05 00:30:00+00:00,0.0,0.01085008459329031,348000000000
2019-05-05 00:35:00+00:00,0.0,0.02517522479520137,348300000000
2019-05-05 00:40:00+00:00,0.0,0.009658598903551736,348600000000
2019-05-05 00:45:00+00:00,0.014826059391330172,0.021536100107138533,348900000000
2019-05-05 00:50:00+00:00,0.0,0.009460905456760023,349200000000
2019-05-05 00:55:00+00:00,0.0,0.0020265435372093664,349500000000
2019-05-05 01:00:00+00:00,0.0,0.013938612699255153,349800000000
2019-05-05 01:05:00+00:00,0.0209681255244518,0.0,350100000000
2019-05-05 01:10:00+00:00,0.0008223582024206762,0.0027151819475490693,350400000000
2019-05-05 01:15:00+00:00,0.0,0.0,350700000000
2019-05-05 01:20:00+00:00,0.0,0.023258051450882788,351000000000
2019-05-05 01:25:00+00:00,0.0,0.0,351300000000
2019-05-05 01:30:00+00:00,0.0,0.0006189617653566037,351600000000
2019-05-05 01:35:00+00:00,0.0,0.0,351900000000
2019-05-05 01:40:00+00:00,0.0,0.02033661778025703,352200000000
2019-05-05 01:45:00+00:00,0.0,0.012546562405476188,352500000000
2019-05-05 01:50:00+00:00,0.0,0.011138957646810064,352800000000
2019-05-05 01:55:00+00:00,0.0,0.0,353100000000
2019-05-05 02:00:00+00:00,0.0,0.0,353400000000
2019-05-05 02:05:00+00:00,0.0,0.0044719890889181055,353700000000
2019-05-05 02:10:00+00:00,0.0,0.0,354000000000
2019-05-05 02:15:00+00:00,0.0,0.008697859253546771,354300000000
2019-05-05 02:20:00+00:00,0.0,0.0,354600000000
2019-05-05 02:25:00+00:00,0.023276132864547525,0.004214788590596661,354900000000
2019-05-05 02:30:00+00:00,0.01577999774302743,0.04540306795434629,355200000000
2019-05-05 02:35:00+00:00,0.0,0.008789716559915296,355500000000
2019-05-05 02:40:00+00:00,0.0,0.0033358732906198538,355800000000
2019-05-05 02:45:00+00:00,0.022497785971251016,0.05320320229617775,356100000000
2019-05-05 02:50:00+00:00,0.0,0.0,356400000000
2019-05-05 02:55:00+00:00,0.003638853802207153,0.0,356700000000
2019-05-05 03:00:00+00:00,0.021435024802509098,0.004837551446557675,357000000000
2019-05-05 03:05:00+00:00,0.0,0.0171670246601078,357300000000
2019-05-05 03:10:00+00:00,0.017296756758348037,0.02789118131957355,357600000000
2019-05-05 03:15:00+00:00,0.0,0.0,357900000000
2019-05-05 03:20:00+00:00,0.4996814813624655,0.3197679752603303,358200000000
2019-05-05 03:25:00+00:00,0.32401941438303494,0.1863453532833868,358500000000
2019-05-05 03:30:00+00:00,0.09172352833917477,0.0792669095164882,358800000000
2019-05-05 03:35:00+00:00,0.0367102697268931,0.0013733078736947006,359100000000
2019-05-05 03:40:00+00:00,0.030181889679920332,0.015642901826628988,359400000000
2019-05-05 03:45:00+00:00,0.04433926413540276,0.01680021217371045,359700000000
2019-05-05 03:50:00+00:00,0.04052223031815817,0.045433945622209176,360000000000
2019-05-05 03:55:00+00:00,0.06611959765317646,0.02921613426058245,360300000000
2019-05-05 04:00:00+00:00,0.0441711567196243,0.02565372345153946,360600000000
2019-05-05 04:05:00+00:00,0.5134487437458416,0.3182054742007659,360900000000
2019-05-05 04:10:00+00:00,0.43188179400039484,0.2700342460607593,361200000000
2019-05-05 04:15:00+00:00,0.3477337589916303,0.22637930754444158,361500000000
2019-05-05 04:20:00+00:00,0.24530853010791126,0.15140761360164007,361800000000
2019-05-05 04:25:00+00:00,0.15263686432651768,0.08321714029031398,362100000000
2019-05-05 04:30:00+00:00,0.045307651389101485,0.02019061592628588,362400000000
2019-05-05 04:35:00+00:00,0.04914016479531416,0.029997545181340735,362700000000
2019-05-05 04:40:00+00:00,0.03742265084293353,0.027445440027247785,363000000000
2019-05-05 04:45:00+00:00,0.10356728173493157,0.05919693608399021,363300000000
2019-05-05 04:50:00+00:00,0.04682242092208869,0.028477520972564157,363600000000
2019-05-05 04:55:00+00:00,0.06098698838387771,0.006247115818884517,363900000000
2019-05-05 05:00:00+00:00,0.06364233125657093,0.05153250444303612,364200000000
2019-05-05 05:05:00+00:00,0.09909282591218518,0.06307794132509971,364500000000
2019-05-05 05:10:00+00:00,0.07849617545455462,0.06713511354355453,364800000000
2019-05-05 05:15:00+00:00,0.1125662931510554,0.06754298603877494,365100000000
2019-05-05 05:20:00+00:00,0.07737184975397134,0.011655158281947076,365400000000
2019-05-05 05:25:00+00:00,0.09966415309376614,0.052629568070126184,365700000000
2019-05-05 05:30:00+00:00,0.08063079676846406,0.0443798795987101,366000000000
2019-05-05 05:35:00+00:00,0.14350350688322833,0.10096017023860897,366300000000
2019-05-05 05:40:00+00:00,0.08011911465170561,0.006665997900755463,366600000000
2019-05-05 05:45:00+00:00,0.11334427815335195,0.06883015723098986,366900000000
2019-05-05 05:50:00+00:00,0.1231048517360638,0.08413641535750441,367200000000
2019-05-05 05:55:00+00:00,0.1219898603049563,0.05996415847734338,367500000000
2019-05-05 06:00:00+00:00,0.11329424682244568,0.06946910828980436,367800000000
2019-05-05 06:05:00+00:00,0.11768970764940485,0.058073094406646014,368100000000
2019-05-05 06:10:00+00:00,0.1244469153221601,0.06007669052888824,368400000000
2019-05-05 06:15:00+00:00,0.12391209601861854,0.06617886060854478,368700000000
2019-05-05 06:20:00+00:00,0.14940649930360206,0.07543005973282102,369000000000
2019-05-05 06:25:00+00:00,0.1776099357040662,0.12023832766116636,369300000000
2019-05-05 06:30:00+00:00,0.12551242646618385,0.06060841834300276,369600000000
2019-05-05 06:35:00+00:00,0.11251967055912807,0.04945360219451829,369900000000
2019-05-05 06:40:00+00:00,0.14139269679412592,0.12019419141326622,370200000000
2019-05-05 06:45:00+00:00,0.19798273505550534,0.1380044412697839,370500000000
2019-05-05 06:50:00+00:00,0.13353133962020886,0.04288853655894131,370800000000
2019-05-05 06:55:00+00:00,0.1855879977355847,0.09605743284430016,371100000000
2019-05-05 07:00:00+00:00,0.18954353971357368,0.11857538326259842,371400000000
2019-05-05 07:05:00+00:00,0.14808314282604396,0.09532498704025623,371700000000
2019-05-05 07:10:00+00:00,0.17367997595379087,0.07439812825753665,372000000000
2019-05-05 07:15:00+00:00,0.19799218559137868,0.14196662121127365,372300000000
2019-05-05 07:20:00+00:00,0.1609426889013226,0.11307010172442608,372600000000
2019-05-05 07:25:00+00:00,0.16753020965161836,0.11015615843177778,372900000000
2019-05-05 07:30:00+00:00,0.16301889657579025,0.12494590775971656,373200000000
2019-05-05 07:35:00+00:00,0.15738075775384222,0.10347425450372369,373500000000
2019-05-05 07:40:00+00:00,0.16768496613756212,0.10958259726757422,373800000000
2019-05-05 07:45:00+00:00,0.15915616486427173,0.12664728435500788,374100000000
2019-05-05 07:50:00+00:00,0.18724951690599553,0.1343741017581515,374400000000
2019-05-05 07:55:00+00:00,0.1740682951611796,0.08761082791847713,374700000000
2019-05-05 08:00:00+00:00,0.19700905156914764,0.13086933451492688,375000000000
2019-05-05 08:05:00+00:00,0.16404529802222764,0.08514182151416494,375300000000
2019-05-05 08:10:00+00:00,0.20457365700742394,0.1328272852234599,375600000000
2019-05-05 08:15:00+00:00,0.21738111418511843,0.13996093865146733,375900000000
2019-05-05 08:20:00+00:00,0.1635506414901167,0.07046103864495029,376200000000
2019-05-05 08:25:00+00:00,0.21358035642926698,0.12571130163133948,376500000000
2019-05-05 08:30:00+00:00,0.2332842608674405,0.14527569699207235,376800000000
2019-05-05 08:35:00+00:00,0.18712625600933974,0.1035499497857207,377100000000
2019-05-05 08:40:00+00:00,0.2473140336341792,0.15468261902832273,377400000000
2019-05-05 08:45:00+00:00,0.2247405857856647,0.1509623070114202,377700000000
2019-05-05 08:50:00+00:00,0.20471051624940279,0.12221444846502655,378000000000
2019-05-05 08:55:00+00:00,0.24331105979470216,0.15047862541098647,378300000000
2019-05-05 09:00:00+00:00,0.25175569479931376,0.17872189845070777,378600000000
2019-05-05 09:05:00+00:00,0.23822149789848926,0.15239683040359805,378900000000
2019-05-05 09:10:00+00:00,0.24353717252210424,0.15013878930675204,379200000000
2019-05-05 09:15:00+00:00,0.2119041659269258,0.10798091196332826,379500000000
2019-05-05 09:20:00+00:00,0.23584943850412396,0.15493018333025135,379800000000
2019-05-05 09:25:00+00:00,0.20627782697027688,0.1303696951700049,380100000000
2019-05-05 09:30:00+00:00,0.23436181315004465,0.16629187656405495,380400000000
2019-05-05 09:35:00+00:00,0.2204857600330485,0.13322902688589533,380700000000
2019-05-05 09:40:00+00:00,0.22577331890266453,0.09913866133891878,381000000000
2019-05-05 09:45:00+00:00,0.26706730534959017,0.12623796583318886,381300000000
2019-05-05 09:50:00+00:00,0.265973808172707,0.17429790017881885,381600000000
2019-05-05 09:55:00+00:00,0.25807232079686343,0.14343952052415498,381900000000
2019-05-05 10:00:00+00:00,0.22572422194088074,0.1441698881867384,382200000000
2019-05-05 10:05:00+00:00,0.24286139991778574,0.14800149284071856,382500000000
2019-05-05 10:10:00+00:00,0.27500802342076114,0.16166802069857827,382800000000
2019-05-05 10:15:00+00:00,0.25507358283603465,0.15111692398985632,383100000000
2019-05-05 10:20:00+00:00,0.30005498107735334,0.1627251985455075,383400000000
2019-05-05 10:25:00+00:00,0.26289918976691556,0.15742396008215592,383700000000
2019-05-05 10:30:00+00:00,0.26017291220649336,0.14441387866800803,384000000000
2019-05-05 10:35:00+00:00,0.25138273999725846,0.14338451359584098,384300000000
2019-05-05 10:40:00+00:00,0.2614024889913097,0.1503685125006026,384600000000
2019-05-05 10:45:00+00:00,0.25678178936332147,0.1495352082200185,384900000000
2019-05-05 10:50:00+00:00,0.2750252717015614,0.18345863215107855,385200000000
2019-05-05 10:55:00+00:00,0.28096096893822525,0.1659807647788413,385500000000
2019-05-05 11:00:00+00:00,0.24700241806653456,0.1686754975717227,385800000000
2019-05-05 11:05:00+00:00,0.23692387362305567,0.172911423200363,386100000000
2019-05-05 11:10:00+00:00,0.22758140471703509,0.15364773585134403,386400000000
2019-05-05 11:15:00+00:00,0.2751526185987355,0.17578094186061152,386700000000
2019-05-05 11:20:00+00:00,0.24354271971724253,0.15266227602001592,387000000000
2019-05-05 11:25:00+00:00,0.2230991924888922,0.15116668967433672,387300000000
2019-05-05 11:30:00+00:00,0.27440496796335745,0.16643019554993924,387600000000
2019-05-05 11:35:00+00:00,0.31689899663755927,0.20983079490167955,387900000000
2019-05-05 11:40:00+00:00,0.26725223092740835,0.1726334546622387,388200000000
2019-05-05 11:45:00+00:00,0.28440698730815667,0.16344738316928625,388500000000
2019-05-05 11:50:00+00:00,0.26946604263045215,0.1795966431803274,388800000000
2019-05-05 11:55:00+00:00,0.26597262210927464,0.16141317338511615,389100000000
2019-05-05 12:00:00+00:00,0.2863815296597554,0.1697062776436069,389400000000
2019-05-05 12:05:00+00:00,0.2621727020671022,0.14777963803228156,389700000000
2019-05-05 12:10:00+00:00,0.27323285729649455,0.16726009133538816,390000000000
2019-05-05 12:15:00+00:00,0.2741544612763775,0.18442192907408617,390300000000
2019-05-05 12:20:00+00:00,0.2541229511964564,0.17025257082973458,390600000000
2019-05-05 12:25:00+00:00,0.2870187421685228,0.1792791212502928,390900000000
2019-05-05 12:30:00+00:00,0.26330086740549674,0.16997339325779875,391200000000
2019-05-05 12:35:00+00:00,0.2512365456025294,0.17617586319196876,391500000000
2019-05-05 12:40:00+00:00,0.2765624709343505,0.16293815673719306,391800000000
2019-05-05 12:45:00+00:00,0.24727343242466382,0.12605565938419416,392100000000
2019-05-05 12:50:00+00:00,0.26514691310426136,0.18511074490612828,392400000000
2019-05-05 12:55:00+00:00,0.26367170831688297,0.1476074599495154,392700000000
2019-05-05 13:00:00+00:00,0.28477345192665837,0.15705730868911694,393000000000
2019-05-05 13:05:00+00:00,0.27168199837104395,0.12708524391593534,393300000000
2019-05-05 13:10:00+00:00,0.2607514478817755,0.16787652979235124,393600000000
2019-05-05 13:15:00+00:00,0.27660317874160506,0.13353285475391863,393900000000
2019-05-05 13:20:00+00:00,0.2869802663204551,0.15718298363843833,394200000000
2019-05-05 13:25:00+00:00,0.2691934976305684,0.17328083446864218,394500000000
2019-05-05 13:30:00+00:00,0.2570389822735607,0.16866181441230385,394800000000
2019-05-05 13:35:00+00:00,0.22932388610980306,0.12456024870151716,395100000000
2019-05-05 13:40:00+00:00,0.23292167257176788,0.13706993700321263,395400000000
2019-05-05 13:45:00+00:00,0.24671808380947646,0.1305789597575628,395700000000
2019-05-05 13:50:00+00:00,0.23916693648910328,0.1325322261372383,396000000000
2019-05-05 13:55:00+00:00,0.24608903174086164,0.1529777242475751,396300000000
2019-05-05 14:00:00+00:00,0.24937014239894156,0.13958915186343576,396600000000
2019-05-05 14:05:00+00:00,0.25717785791029885,0.14942241394266592,396900000000
2019-05-05 14:10:00+00:00,0.2434598524218619,0.11678177782076579,397200000000
2019-05-05 14:15:00+00:00,0.2528254747219059,0.17435440812926628,397500000000
2019-05-05 14:20:00+00:00,0.2425511838284399,0.15573204216048525,397800000000
2019-05-05 14:25:00+00:00,0.19986013709082293,0.13577418969123778,398100000000
2019-05-05 14:30:00+00:00,0.2186329598339774,0.15698828239272367,398400000000
2019-05-05 14:35:00+00:00,0.23253147690505582,0.12301462863211915,398700000000
2019-05-05 14:40:00+00:00,0.209157216055469,0.11832643997272091,399000000000
2019-05-05 14:45:00+00:00,0.24323287905510443,0.10804304008141843,399300000000
2019-05-05 14:50:00+00:00,0.25967883939061487,0.21861576183641368,399600000000
2019-05-05 14:55:00+00:00,0.2512159424540213,0.14773785916606524,399900000000
2019-05-05 15:00:00+00:00,0.2202971597593782,0.15295285385392515,400200000000
2019-05-05 15:05:00+00:00,0.2520553699932282,0.12646999910922774,400500000000
2019-05-05 15:10:00+00:00,0.2228396580641694,0.1536315633513618,400800000000
2019-05-05 15:15:00+00:00,0.21070181950931618,0.16357290923858303,401100000000
2019-05-05 15:20:00+00:00,0.2027056437377173,0.12041777126207075,401400000000
2019-05-05 15:25:00+00:00,0.20640857154229084,0.10362751299358247,401700000000
2019-05-05 15:30:00+00:00,0.20213401131381656,0.11850447876937921,402000000000
2019-05-05 15:35:00+00:00,0.21070199392426955,0.0818859658554172,402300000000
2019-05-05 15:40:00+00:00,0.20785905618476605,0.12395769969042278,402600000000
2019-05-05 15:45:00+00:00,0.20202145535600896,0.13763221599986528,402900000000
2019-05-05 15:50:00+00:00,0.2079725935358403,0.12406840323403388,403200000000
2019-05-05 15:55:00+00:00,0.2202816919975833,0.12648622410477064,403500000000
2019-05-05 16:00:00+00:00,0.2126577493754932,0.13814601194753656,403800000000
2019-05-05 16:05:00+00:00,0.1611309115244662,0.10875904385367077,404100000000
2019-05-05 16:10:00+00:00,0.13687831373166065,0.048928876988892735,404400000000
2019-05-05 16:15:00+00:00,0.20373803509096877,0.12401928030015703,404700000000
2019-05-05 16:20:00+00:00,0.15477738751501902,0.14158613499359626,405000000000
2019-05-05 16:25:00+00:00,0.1746528065520679,0.07809135901828027,405300000000
2019-05-05 16:30:00+00:00,0.15275025433357578,0.08994177594348413,405600000000
2019-05-05 16:35:00+00:00,0.13708998587984378,0.12108891396894031,405900000000
2019-05-05 16:40:00+00:00,0.18091005384072345,0.1306295354353076,406200000000
2019-05-05 16:45:00+00:00,0.18219068966819402,0.09904648018539518,406500000000
2019-05-05 16:50:00+00:00,0.15238121746666286,0.09555143807244978,406800000000
2019-05-05 16:55:00+00:00,0.10897295070619537,0.06534153682402076,407100000000
2019-05-05 17:00:00+00:00,0.1467313011336627,0.07307734459376428,407400000000
2019-05-05 17:05:00+00:00,0.16233618617919957,0.0959166695576581,407700000000
2019-05-05 17:10:00+00:00,0.12174882182634397,0.0674499704396758,408000000000
2019-05-05 17:15:00+00:00,0.15180574669800292,0.09333842678033674,408300000000
2019-05-05 17:20:00+00:00,0.14462991855546867,0.07181028751946053,408600000000
2019-05-05 17:25:00+00:00,0.15330711569828673,0.0664519054140788,408900000000
2019-05-05 17:30:00+00:00,0.14088720286795775,0.08370670625292723,409200000000
2019-05-05 17:35:00+00:00,0.11579920796571896,0.10378188914300698,409500000000
2019-05-05 17:40:00+00:00,0.1559492358898834,0.09521360005918597,409800000000
2019-05-05 17:45:00+00:00,0.12559821125731532,0.0687270511757583,410100000000
2019-05-05 17:50:00+00:00,0.12496903953682349,0.09006313982286407,410400000000
2019-05-05 17:55:00+00:00,0.10359298468483147,0.05898939855899131,410700000000
2019-05-05 18:00:00+00:00,0.1101343549761705,0.1034412714848845,411000000000
2019-05-05 18:05:00+00:00,0.09804560185316694,0.058749110925998584,411300000000
2019-05-05 18:10:00+00:00,0.10902594847450978,0.07942551034786913,411600000000
2019-05-05 18:15:00+00:00,0.14346536688499245,0.07098713248313,411900000000
2019-05-05 18:20:00+00:00,0.07854417128477961,0.057188287837601014,412200000000
2019-05-05 18:25:00+00:00,0.07046818525911547,0.047782780694344364,412500000000
2019-05-05 18:30:00+00:00,0.12892781105019782,0.07622656413693453,412800000000
2019-05-05 18:35:00+00:00,0.09209224075069805,0.04522018922702443,413100000000
2019-05-05 18:40:00+00:00,0.07968242968787342,0.03504885449967657,413400000000
2019-05-05 18:45:00+00:00,0.11065954544550204,0.07204278054689428,413700000000
2019-05-05 18:50:00+00:00,0.07456063600343651,0.05731516379599138,414000000000
2019-05-05 18:55:00+00:00,0.12002008819979043,0.06946879699399162,414300000000
2019-05-05 19:00:00+00:00,0.09390232732807335,0.06208675497925986,414600000000
2019-05-05 19:05:00+00:00,0.06744797528799272,0.03971049161014024,414900000000
2019-05-05 19:10:00+00:00,0.11723473878411414,0.07231136376857623,415200000000
2019-05-05 19:15:00+00:00,0.058878115077792476,0.03131796939313099,415500000000
2019-05-05 19:20:00+00:00,0.08276110816355876,0.05001611648550142,415800000000
2019-05-05 19:25:00+00:00,0.07085625697668599,0.09647456332236012,416100000000
2019-05-05 19:30:00+00:00,0.08788231093321335,0.0589620725360765,416400000000
2019-05-05 19:35:00+00:00,0.09008210934461576,0.06695520477539031,416700000000
2019-05-05 19:40:00+00:00,0.05652512149798819,0.04267554500535485,417000000000
2019-05-05 19:45:00+00:00,0.03788000572689333,0.01747166697019481,417300000000
2019-05-05 19:50:00+00:00,0.0592427064290829,0.0614254081232831,417600000000
2019-05-05 19:55:00+00:00,0.03361682171149387,0.014346817618369496,417900000000
2019-05-05 20:00:00+00:00,0.08460107828386604,0.07186173794917065,418200000000
2019-05-05 20:05:00+00:00,0.04426194011979858,0.01987302411055017,418500000000
2019-05-05 20:10:00+00:00,0.03145973883284481,0.0,418800000000
2019-05-05 20:15:00+00:00,0.03973307116435778,0.031147766863338526,419100000000
2019-05-05 20:20:00+00:00,0.006409897645638488,0.0,419400000000
2019-05-05 20:25:00+00:00,0.011274049753028311,0.017477234352149172,419700000000
2019-05-05 20:30:00+00:00,0.052110730474247635,0.007383265162722245,420000000000
2019-05-05 20:35:00+00:00,0.012404149148518959,0.0010623288796543081,420300000000
2019-05-05 20:40:00+00:00,0.0020880833378253937,0.0,420600000000
2019-05-05 20:45:00+00:00,0.031289516118869,0.07525704985937598,420900000000
2019-05-05 20:50:00+00:00,0.041847774173133054,0.0,421200000000
2019-05-05 20:55:00+00:00,0.030138218957072405,0.018279206182171527,421500000000
2019-05-05 21:00:00+00:00,0.03335493653813423,0.042879047409480814,421800000000
2019-05-05 21:05:00+00:00,0.0,0.020727718171740506,422100000000
2019-05-05 21:10:00+00:00,0.0,0.017026842443462746,422400000000
2019-05-05 21:15:00+00:00,0.40866770643089656,0.2388560560941084,422700000000
2019-05-05 21:20:00+00:00,0.07257035988025971,0.07056399485489587,423000000000
2019-05-05 21:25:00+00:00,0.0,0.018267821816043653,423300000000
2019-05-05 21:30:00+00:00,0.027144215126629522,0.020532521429187243,423600000000
2019-05-05 21:35:00+00:00,0.00975513177011368,0.01066469421660005,423900000000
2019-05-05 21:40:00+00:00,0.005856059909394848,0.0,424200000000
2019-05-05 21:45:00+00:00,0.03820460505263999,0.004729722514923228,424500000000
2019-05-05 21:50:00+00:00,0.0,0.02474301950957433,424800000000
2019-05-05 21:55:00+00:00,0.009972799738460672,0.032227839715107044,425100000000
2019-05-05 22:00:00+00:00,0.0,0.0,425400000000
2019-05-05 22:05:00+00:00,0.0,0.0,425700000000
2019-05-05 22:10:00+00:00,0.017212187995961827,0.007458848468398515,426000000000
2019-05-05 22:15:00+00:00,0.0,0.0,426300000000
2019-05-05 22:20:00+00:00,0.0,0.0012858975717516335,426600000000
2019-05-05 22:25:00+00:00,0.0038895359893899376,0.02127095082655756,426900000000
2019-05-05 22:30:00+00:00,0.0,0.0,427200000000
2019-05-05 22:35:00+00:00,0.0,0.0,427500000000
2019-05-05 22:40:00+00:00,0.0,0.024732394842859506,427800000000
2019-05-05 22:45:00+00:00,0.0,0.0,428100000000
2019-05-05 22:50:00+00:00,0.01787215554212814,0.0,428400000000
2019-05-05 22:55:00+00:00,0.0,0.0,428700000000
2019-05-05 23:00:00+00:00,0.0,0.0,429000000000
2019-05-05 23:05:00+00:00,0.0,0.031099254554515298,429300000000
2019-05-05 23:10:00+00:00,0.0,0.018496524247534746,429600000000
2019-05-05 23:15:00+00:00,0.0,0.022950412332644846,429900000000
2019-05-05 23:20:00+00:00,0.0,0.01639947284693572,430200000000
2019-05-05 23:25:00+00:00,0.0,0.018924873432306283,430500000000
2019-05-05 23:30:00+00:00,0.0,0.0,430800000000
2019-05-05 23:35:00+00:00,0.0,0.0,431100000000
2019-05-05 23:40:00+00:00,0.0,0.0,431400000000
2019-05-05 23:45:00+00:00,0.0024264063679426615,0.0,431700000000
2019-05-05 23:50:00+00:00,0.0,0.01368209981869482,432000000000
2019-05-05 23:55:00+00:00,0.0,0.002691665696244936,432300000000
2019-05-06 00:00:00+00:00,0.0,0.026229616379205904,432600000000
2019-05-06 00:05:00+00:00,0.0,0.0,432900000000
2019-05-06 00:10:00+00:00,0.0,0.010004767013964796,433200000000
2019-05-06 00:15:00+00:00,0.0,0.0,433500000000
2019-05-06 00:20:00+00:00,0.0,0.0018835293834728456,433800000000
2019-05-06 00:25:00+00:00,0.0,0.014806668451129577,434100000000
2019-05-06 00:30:00+00:00,0.0,0.0,434400000000
2019-05-06 00:35:00+00:00,0.0,0.011022532081739119,434700000000
2019-05-06 00:40:00+00:00,0.0,0.0,435000000000
2019-05-06 00:45:00+00:00,0.0,0.0,435300000000
2019-05-06 00:50:00+00:00,0.0,0.011140592449756062,435600000000
2019-05-06 00:55:00+00:00,0.0,0.034880204681514655,435900000000
2019-05-06 01:00:00+00:00,0.0,0.0,436200000000
2019-05-06 01:05:00+00:00,0.0,0.024443883602135907,436500000000
2019-05-06 01:10:00+00:00,0.0,0.0008684681763282202,436800000000
2019-05-06 01:15:00+00:00,0.0,0.0,437100000000
2019-05-06 01:20:00+00:00,0.0,0.0,437400000000
2019-05-06 01:25:00+00:00,0.0,0.0003156954672130011,437700000000
2019-05-06 01:30:00+00:00,0.0,0.0,438000000000
2019-05-06 01:35:00+00:00,0.0,0.0,438300000000
2019-05-06 01:40:00+00:00,0.0,0.0,438600000000
2019-05-06 01:45:00+00:00,0.0,0.0,438900000000
2019-05-06 01:50:00+00:00,0.0,0.003876180166622365,439200000000
2019-05-06 01:55:00+00:00,0.0,0.0,439500000000
2019-05-06 02:00:00+00:00,0.0,0.0,439800000000
2019-05-06 02:05:00+00:00,0.0,0.004037743885829655,440100000000
2019-05-06 02:10:00+00:00,0.0,0.020800534397253753,440400000000
2019-05-06 02:15:00+00:00,0.0,0.007882530208682957,440700000000
2019-05-06 02:20:00+00:00,0.0,0.0,441000000000
2019-05-06 02:25:00+00:00,0.0,0.018561440133213775,441300000000
2019-05-06 02:30:00+00:00,0.0,0.0,441600000000
2019-05-06 02:35:00+00:00,0.0,0.0,441900000000
2019-05-06 02:40:00+00:00,0.0,0.0,442200000000
2019-05-06 02:45:00+00:00,0.0,0.0,442500000000
2019-05-06 02:50:00+00:00,0.0,0.0,442800000000
2019-05-06 02:55:00+00:00,0.0,0.0,443100000000
2019-05-06 03:00:00+00:00,0.0,0.03824356095325907,443400000000
2019-05-06 03:05:00+00:00,0.0,0.0,443700000000
2019-05-06 03:10:00+00:00,0.0,0.03172228262842624,444000000000
2019-05-06 03:15:00+00:00,0.0,0.000761690114389849,444300000000
2019-05-06 03:20:00+00:00,0.0,0.011297282643119178,444600000000
2019-05-06 03:25:00+00:00,0.0,0.0,444900000000
2019-05-06 03:30:00+00:00,0.013808396006693181,0.012443631443249396,445200000000
2019-05-06 03:35:00+00:00,0.0,0.013009792799768721,445500000000
2019-05-06 03:40:00+00:00,0.0,0.013291048287883645,445800000000
2019-05-06 03:45:00+00:00,0.0059412816845215745,0.01906023681220009,446100000000
2019-05-06 03:50:00+00:00,0.0,0.0,446400000000
2019-05-06 03:55:00+00:00,0.0,0.0,446700000000
2019-05-06 04:00:00+00:00,0.0,0.0,447000000000
2019-05-06 04:05:00+00:00,0.023783922286190917,0.024734733595253286,447300000000
2019-05-06 04:10:00+00:00,0.0,0.021647574226468853,447600000000
2019-05-06 04:15:00+00:00,0.05552901551384792,0.06563704290666733,447900000000
2019-05-06 04:20:00+00:00,0.0,0.006103452691610155,448200000000
2019-05-06 04:25:00+00:00,0.014015133696240861,0.0,448500000000
2019-05-06 04:30:00+00:00,0.04418968419659308,0.0,448800000000
2019-05-06 04:35:00+00:00,0.056520040909515554,0.05474535920737634,449100000000
2019-05-06 04:40:00+00:00,0.06070482781165532,0.0004973653514424858,449400000000
2019-05-06 04:45:00+00:00,0.0467430714830546,0.021233761334957427,449700000000
2019-05-06 04:50:00+00:00,0.046180936146143575,0.023222425128813225,450000000000
2019-05-06 04:55:00+00:00,0.04069563132381847,0.023028276037270694,450300000000
2019-05-06 05:00:00+00:00,0.04757769809128759,0.029262670855489357,450600000000
2019-05-06 05:05:00+00:00,0.024170624046725646,0.017265325555386887,450900000000
2019-05-06 05:10:00+00:00,0.022031191351949007,0.0,451200000000
2019-05-06 05:15:00+00:00,0.04154396254936166,0.025219495727019526,451500000000
2019-05-06 05:20:00+00:00,0.04143796978835114,0.0,451800000000
2019-05-06 05:25:00+00:00,0.03901970886274455,0.03805618677946662,452100000000
2019-05-06 05:30:00+00:00,0.06526548678279241,0.028056788953603203,452400000000
2019-05-06 05:35:00+00:00,0.07370662849917073,0.0010832425950354288,452700000000
2019-05-06 05:40:00+00:00,0.0596392207581317,0.019499438907171505,453000000000
2019-05-06 05:45:00+00:00,0.0906984655699166,0.04301757255825689,453300000000
2019-05-06 05:50:00+00:00,0.04159553183475062,0.04877131145195046,453600000000
2019-05-06 05:55:00+00:00,0.06384068917033194,0.04223716833720406,453900000000
2019-05-06 06:00:00+00:00,0.05666355358794371,0.040887031039777824,454200000000
2019-05-06 06:05:00+00:00,0.036955389302611066,0.045797666265978657,454500000000
2019-05-06 06:10:00+00:00,0.07591707216572387,0.04362735754094453,454800000000
2019-05-06 06:15:00+00:00,0.07841718588352259,0.06213407075076162,455100000000
2019-05-06 06:20:00+00:00,0.11439791183254644,0.0823159693781677,455400000000
2019-05-06 06:25:00+00:00,0.10001570936333469,0.034280035746612564,455700000000
2019-05-06 06:30:00+00:00,0.07017852567975744,0.07156678696045105,456000000000
2019-05-06 06:35:00+00:00,0.13099758147739338,0.05019251328502214,456300000000
2019-05-06 06:40:00+00:00,0.12157901167165698,0.09129473999255114,456600000000
2019-05-06 06:45:00+00:00,0.11203050237179024,0.036876840684961484,456900000000
2019-05-06 06:50:00+00:00,0.0990751490026068,0.07146982516459754,457200000000
2019-05-06 06:55:00+00:00,0.08761687689223374,0.08980842369834369,457500000000
2019-05-06 07:00:00+00:00,0.10254538791062272,0.05726765961536941,457800000000
2019-05-06 07:05:00+00:00,0.13492988005428755,0.0758308151755096,458100000000
2019-05-06 07:10:00+00:00,0.15399204048877752,0.1046040242796035,458400000000
2019-05-06 07:15:00+00:00,0.15028912369425068,0.08358554509729954,458700000000
2019-05-06 07:20:00+00:00,0.11274825528534682,0.10401452724606453,459000000000
2019-05-06 07:25:00+00:00,0.10320946818788633,0.06576952590190571,459300000000
2019-05-06 07:30:00+00:00,0.13147023979298722,0.07247875371137781,459600000000
2019-05-06 07:35:00+00:00,0.09630710505644252,0.04697855247595185,459900000000
2019-05-06 07:40:00+00:00,0.14113387132257785,0.06602135339008629,460200000000
2019-05-06 07:45:00+00:00,0.13468291847354344,0.06825465134897628,460500000000
2019-05-06 07:50:00+00:00,0.1312471175034452,0.07173480262889519,460800000000
2019-05-06 07:55:00+00:00,0.11157369843701559,0.05719143759223774,461100000000
2019-05-06 08:00:00+00:00,0.3144943318136879,0.17553309360547065,461400000000
2019-05-06 08:05:00+00:00,0.2542944581422999,0.19455349949242873,461700000000
2019-05-06 08:10:00+00:00,0.2022392472784432,0.10074164683727611,462000000000
2019-05-06 08:15:00+00:00,0.12884308995709914,0.08023850572718298,462300000000
2019-05-06 08:20:00+00:00,0.15687505624053308,0.10597545393953728,462600000000
2019-05-06 08:25:00+00:00,0.19554425696570948,0.12992871409110035,462900000000
2019-05-06 08:30:00+00:00,0.195956065308932,0.11640149766970975,463200000000
2019-05-06 08:35:00+00:00,0.1561771512514384,0.08889223931391686,463500000000
2019-05-06 08:40:00+00:00,0.15581834469018954,0.10252195663890386,463800000000
2019-05-06 08:45:00+00:00,0.17973569071984427,0.11317184743147057,464100000000
2019-05-06 08:50:00+00:00,0.15284304458080508,0.08652665005313277,464400000000
2019-05-06 08:55:00+00:00,0.18124890747484082,0.07751177305041587,464700000000
2019-05-06 09:00:00+00:00,0.1928876227456755,0.10637409920074035,465000000000
2019-05-06 09:05:00+00:00,0.20440714767553758,0.09971328533117339,465300000000
2019-05-06 09:10:00+00:00,0.18011629676969687,0.0947265870604916,465600000000
2019-05-06 09:15:00+00:00,0.1802441627849738,0.10881096244132346,465900000000
2019-05-06 09:20:00+00:00,0.16890257028827046,0.1085162650528946,466200000000
2019-05-06 09:25:00+00:00,0.17201450982757926,0.13881776092239567,466500000000
2019-05-06 09:30:00+00:00,0.18605675653898746,0.1008859263453162,466800000000
2019-05-06 09:35:00+00:00,0.19991122299866787,0.13543924650470374,467100000000
2019-05-06 09:40:00+00:00,0.21275561027912482,0.1337725666562316,467400000000
2019-05-06 09:45:00+00:00,0.1802818628317745,0.1340890711118605,467700000000
2019-05-06 09:50:00+00:00,0.22800137714001206,0.14832540067591973,468000000000
2019-05-06 09:55:00+00:00,0.19446708635786847,0.09651062326899476,468300000000
2019-05-06 10:00:00+00:00,0.20114313134736353,0.08622495822259349,468600000000
2019-05-06 10:05:00+00:00,0.1882453353287253,0.11917243519058528,468900000000
2019-05-06 10:10:00+00:00,0.15626126421571862,0.08318773857142336,469200000000
2019-05-06 10:15:00+00:00,0.2239201524904571,0.11474581657526232,469500000000
2019-05-06 10:20:00+00:00,0.22240526821956816,0.10809160684107932,469800000000
2019-05-06 10:25:00+00:00,0.20340628183666343,0.12526327905374116,470100000000
2019-05-06 10:30:00+00:00,0.21167174422119017,0.1571572005189814,470400000000
2019-05-06 10:35:00+00:00,0.2218838536353905,0.12495686526711347,470700000000
2019-05-06 10:40:00+00:00,0.18148075375793288,0.12069385847626617,471000000000
2019-05-06 10:45:00+00:00,0.20325013254400648,0.11990475252205203,471300000000
2019-05-06 10:50:00+00:00,0.23074839176022613,0.11266139327406782,471600000000
2019-05-06 10:55:00+00:00,0.19074113413894855,0.12914090735357747,471900000000
2019-05-06 11:00:00+00:00,0.22259336592002615,0.11166217867146826,472200000000
2019-05-06 11:05:00+00:00,0.19041689660174344,0.11468267057291734,472500000000
2019-05-06 11:10:00+00:00,0.22763411182777157,0.12975005879655682,472800000000
2019-05-06 11:15:00+00:00,0.21827996241453493,0.1488295261400348,473100000000
2019-05-06 11:20:00+00:00,0.18730741552260982,0.09122142946415215,473400000000
2019-05-06 11:25:00+00:00,0.24345179143708515,0.15388847301829026,473700000000
2019-05-06 11:30:00+00:00,0.20594156433677718,0.10676899045509228,474000000000
2019-05-06 11:35:00+00:00,0.20483395754861577,0.11267827028259376,474300000000
2019-05-06 11:40:00+00:00,0.2253850331028251,0.06252701531089301,474600000000
2019-05-06 11:45:00+00:00,0.24460991880769814,0.18860792271697707,474900000000
2019-05-06 11:50:00+00:00,0.20151301907993296,0.1319189501044844,475200000000
2019-05-06 11:55:00+00:00,0.22318401217005693,0.11856345758327086,475500000000
2019-05-06 12:00:00+00:00,0.23057633000661149,0.11585268423730699,475800000000
2019-05-06 12:05:00+00:00,0.23584030509613813,0.13159120800009605,476100000000
2019-05-06 12:10:00+00:00,0.22541384212060098,0.14958589596874963,476400000000
2019-05-06 12:15:00+00:00,0.21437994837079077,0.09078627051077594,476700000000
2019-05-06 12:20:00+00:00,0.20493295585634302,0.12012808512791905,477000000000
2019-05-06 12:25:00+00:00,0.22290077283871984,0.16915330115248536,477300000000
2019-05-06 12:30:00+00:00,0.1993572822996928,0.09693544266045959,477600000000
2019-05-06 12:35:00+00:00,0.16192443912249435,0.0987623642487697,477900000000
2019-05-06 12:40:00+00:00,0.2285634701460958,0.1812042783928126,478200000000
2019-05-06 12:45:00+00:00,0.23732148888220872,0.1550359259231407,478500000000
2019-05-06 12:50:00+00:00,0.17132464124604227,0.10531326115733447,478800000000
2019-05-06 12:55:00+00:00,0.19765947415556828,0.128728413591521,479100000000
2019-05-06 13:00:00+00:00,0.22943862583013108,0.1296458687978846,479400000000
2019-05-06 13:05:00+00:00,0.25733794310767893,0.18039539157067616,479700000000
2019-05-06 13:10:00+00:00,0.2156678612101869,0.1214141162681079,480000000000
2019-05-06 13:15:00+00:00,0.19968779393301664,0.08062904418509044,480300000000
2019-05-06 13:20:00+00:00,0.20951818651801168,0.11788484983199779,480600000000
2019-05-06 13:25:00+00:00,0.23953481988649483,0.12438620133436282,480900000000
2019-05-06 13:30:00+00:00,0.19791264629420233,0.11312370753257281,481200000000
2019-05-06 13:35:00+00:00,0.19357677062380074,0.11096438119266781,481500000000
2019-05-06 13:40:00+00:00,0.19856907538963475,0.143089909229879,481800000000
2019-05-06 13:45:00+00:00,0.1877560057313961,0.12655945797212537,482100000000
2019-05-06 13:50:00+00:00,0.20781058685218487,0.12995166186281884,482400000000
2019-05-06 13:55:00+00:00,0.2363220269699623,0.14173430795532546,482700000000
2019-05-06 14:00:00+00:00,0.20869872936331998,0.10404207744083209,483000000000
2019-05-06 14:05:00+00:00,0.1955369327806391,0.07369865491506991,483300000000
2019-05-06 14:10:00+00:00,0.19303360260473343,0.11808336179069572,483600000000
2019-05-06 14:15:00+00:00,0.16583162567144877,0.11539179947434243,483900000000
2019-05-06 14:20:00+00:00,0.21292389107518134,0.125587656980217,484200000000
2019-05-06 14:25:00+00:00,0.19181272447764433,0.10439054823085259,484500000000
2019-05-06 14:30:00+00:00,0.1878100694385394,0.12197608496740787,484800000000
2019-05-06 14:35:00+00:00,0.2532753793763854,0.15029858361334428,485100000000
2019-05-06 14:40:00+00:00,0.1933261690796049,0.14971058528724215,485400000000
2019-05-06 14:45:00+00:00,0.170198483453276,0.1267736569133313,485700000000
2019-05-06 14:50:00+00:00,0.1745366708196301,0.12391216363224465,486000000000
2019-05-06 14:55:00+00:00,0.20380961960401012,0.13744045404660415,486300000000
2019-05-06 15:00:00+00:00,0.1808314253887384,0.08269550694421389,486600000000
2019-05-06 15:05:00+00:00,0.14747528768988263,0.10174504665498157,486900000000
2019-05-06 15:10:00+00:00,0.19225088761163123,0.12287705171991024,487200000000
2019-05-06 15:15:00+00:00,0.15808065722089792,0.10697688890036201,487500000000
2019-05-06 15:20:00+00:00,0.20643965253288785,0.13371598125599377,487800000000
2019-05-06 15:25:00+00:00,0.1880589265863464,0.12189060770876915,488100000000
2019-05-06 15:30:00+00:00,0.15495110977146703,0.14698799525387213,488400000000
2019-05-06 15:35:00+00:00,0.18691399671146208,0.11062468462783887,488700000000
2019-05-06 15:40:00+00:00,0.16000468677431595,0.11472955968117617,489000000000
2019-05-06 15:45:00+00:00,0.1730160084553851,0.09438980886795098,489300000000
2019-05-06 15:50:00+00:00,0.16292848648680197,0.11356992356983461,489600000000
2019-05-06 15:55:00+00:00,0.133541633402039,0.0989113778458725,489900000000
2019-05-06 16:00:00+00:00,0.13479567002031753,0.08816592355489747,490200000000
2019-05-06 16:05:00+00:00,0.16542808724508754,0.13264179119458253,490500000000
2019-05-06 16:10:00+00:00,0.13526122978756988,0.06347121714533357,490800000000
2019-05-06 16:15:00+00:00,0.13097866760134438,0.0688427817274422,491100000000
2019-05-06 16:20:00+00:00,0.11701250989634046,0.07445510765827407,491400000000
2019-05-06 16:25:00+00:00,0.1416200959017918,0.10258819461075952,491700000000
2019-05-06 16:30:00+00:00,0.17140301323962687,0.10643039836967479,492000000000
2019-05-06 16:35:00+00:00,0.10577893634635874,0.08918254253802657,492300000000
2019-05-06 16:40:00+00:00,0.12456518841008389,0.06150531562672394,492600000000
2019-05-06 16:45:00+00:00,0.1492519975704497,0.06673962875249874,492900000000
2019-05-06 16:50:00+00:00,0.116318597656283,0.07595372532449989,493200000000
2019-05-06 16:55:00+00:00,0.12384123247408826,0.07276113396217904,493500000000
2019-05-06 17:00:00+00:00,0.09040831953577375,0.06510226612862866,493800000000
2019-05-06 17:05:00+00:00,0.11706624801530165,0.06969170299185092,494100000000
2019-05-06 17:10:00+00:00,0.10158416790173559,0.05415010492857221,494400000000
2019-05-06 17:15:00+00:00,0.12185314821601714,0.07161313749513581,494700000000
2019-05-06 17:20:00+00:00,0.12268383657022468,0.0741872798379985,495000000000
2019-05-06 17:25:00+00:00,0.14751255854663833,0.0824079091310164,495300000000
2019-05-06 17:30:00+00:00,0.10408825896394623,0.058390314451899177,495600000000
2019-05-06 17:35:00+00:00,0.09577651311499448,0.04939404112925848,495900000000
2019-05-06 17:40:00+00:00,0.08990549188814034,0.07107659753027235,496200000000
2019-05-06 17:45:00+00:00,0.07570547686164208,0.049303706207101235,496500000000
2019-05-06 17:50:00+00:00,0.08628480719625704,0.09690593376112955,496800000000
2019-05-06 17:55:00+00:00,0.07035031566351482,0.04542428042367813,497100000000
2019-05-06 18:00:00+00:00,0.07636921952539302,0.034804382308662576,497400000000
2019-05-06 18:05:00+00:00,0.09609360684586418,0.11106967160477979,497700000000
2019-05-06 18:10:00+00:00,0.046354018367384384,0.03608493857471733,498000000000
2019-05-06 18:15:00+00:00,0.08602876850472654,0.07141975684069227,498300000000
2019-05-06 18:20:00+00:00,0.08632449549020407,0.06363675695817228,498600000000
2019-05-06 18:25:00+00:00,0.05437804267682873,0.04508704619205221,498900000000
2019-05-06 18:30:00+00:00,0.011067306520154849,0.017353464939142395,499200000000
2019-05-06 18:35:00+00:00,0.038122274551846747,0.0008316734355867383,499500000000
2019-05-06 18:40:00+00:00,0.07300377539229398,0.05115284618660462,499800000000
2019-05-06 18:45:00+00:00,0.04340409045160394,0.0,500100000000
2019-05-06 18:50:00+00:00,0.07954917226436689,0.04424224663036945,500400000000
2019-05-06 18:55:00+00:00,0.027404395504288415,0.001930288171307304,500700000000
2019-05-06 19:00:00+00:00,0.05115621043138012,0.03784312997580255,501000000000
2019-05-06 19:05:00+00:00,0.042140874814934386,0.03196704983572532,501300000000
2019-05-06 19:10:00+00:00,0.023309932535410215,0.023608877336549865,501600000000
2019-05-06 19:15:00+00:00,0.01765592530156554,0.016339486635921066,501900000000
2019-05-06 19:20:00+00:00,0.01408403774249523,0.0,502200000000
2019-05-06 19:25:00+00:00,0.0004222016785861288,0.0,502500000000
2019-05-06 19:30:00+00:00,0.04815499893462525,0.047300922585864845,502800000000
2019-05-06 19:35:00+00:00,0.006405476025851944,0.025200419161399167,503100000000
2019-05-06 19:40:00+00:00,0.034228208933183776,0.0,503400000000
2019-05-06 19:45:00+00:00,0.03737468417226607,0.0,503700000000
2019-05-06 19:50:00+00:00,0.024009481533260754,0.0,504000000000
2019-05-06 19:55:00+00:00,0.0,0.020904151640645012,504300000000
2019-05-06 20:00:00+00:00,0.006407935140065789,0.02814244168770016,504600000000
2019-05-06 20:05:00+00:00,0.0,0.0,504900000000
2019-05-06 20:10:00+00:00,0.0,0.006146187074726766,505200000000
2019-05-06 20:15:00+00:00,0.0,0.03668862666280175,505500000000
2019-05-06 20:20:00+00:00,0.0,0.008306229544806676,505800000000
2019-05-06 20:25:00+00:00,0.008459918292471787,0.03350601668014494,506100000000
2019-05-06 20:30:00+00:00,0.0,0.019974531401661968,506400000000
2019-05-06 20:35:00+00:00,0.0,0.0,506700000000
2019-05-06 20:40:00+00:00,0.0,0.0,507000000000
2019-05-06 20:45:00+00:00,0.0,0.000695089565836958,507300000000
2019-05-06 20:50:00+00:00,0.0,0.0020826677604268004,507600000000
2019-05-06 20:55:00+00:00,0.0,0.018326579068771425,507900000000
2019-05-06 21:00:00+00:00,0.0,0.008173695245508171,508200000000
2019-05-06 21:05:00+00:00,0.0,0.0,508500000000
2019-05-06 21:10:00+00:00,0.0,0.0,508800000000
2019-05-06 21:15:00+00:00,0.0,0.0,509100000000
2019-05-06 21:20:00+00:00,0.0,0.0035073048131066833,509400000000
2019-05-06 21:25:00+00:00,0.0,0.0048097529893552215,509700000000
2019-05-06 21:30:00+00:00,0.0,0.005664499172214369,510000000000
2019-05-06 21:35:00+00:00,0.0,0.0,510300000000
2019-05-06 21:40:00+00:00,0.0,0.013482880102399784,510600000000
2019-05-06 21:45:00+00:00,0.0,0.014325249929370582,510900000000
2019-05-06 21:50:00+00:00,0.0,0.0,511200000000
2019-05-06 21:55:00+00:00,0.0,0.0,511500000000
2019-05-06 22:00:00+00:00,0.0,0.0,511800000000
2019-05-06 22:05:00+00:00,0.0,0.03583564547226718,512100000000
2019-05-06 22:10:00+00:00,0.0,0.03399485484397285,512400000000
2019-05-06 22:15:00+00:00,0.0,0.01126808720896105,512700000000
2019-05-06 22:20:00+00:00,0.0,0.0,513000000000
2019-05-06 22:25:00+00:00,0.0,0.017736853189771702,513300000000
2019-05-06 22:30:00+00:00,0.0,0.0,513600000000
2019-05-06 22:35:00+00:00,0.0,0.0,513900000000
2019-05-06 22:40:00+00:00,0.0,0.0,514200000000
2019-05-06 22:45:00+00:00,0.0,0.002047643966953058,514500000000
2019-05-06 22:50:00+00:00,0.0,0.0,514800000000
2019-05-06 22:55:00+00:00,0.0,0.0019286075905700884,515100000000
2019-05-06 23:00:00+00:00,0.0,0.0,515400000000
2019-05-06 23:05:00+00:00,0.0,0.0033965334516737446,515700000000
2019-05-06 23:10:00+00:00,0.0,0.0,516000000000
2019-05-06 23:15:00+00:00,0.0,0.02175880506537104,516300000000
2019-05-06 23:20:00+00:00,0.0,0.010437824682701689,516600000000
2019-05-06 23:25:00+00:00,0.0,0.0,516900000000
2019-05-06 23:30:00+00:00,0.0,0.011254397201641585,517200000000
2019-05-06 23:35:00+00:00,0.0,0.0,517500000000
2019-05-06 23:40:00+00:00,0.0,0.0014475103122978485,517800000000
2019-05-06 23:45:00+00:00,0.0,0.015895480769206712,518100000000
2019-05-06 23:50:00+00:00,0.0,0.0,518400000000
2019-05-06 23:55:00+00:00,0.0,0.0,518700000000
2019-05-07 00:00:00+00:00,0.0,0.0,519000000000
2019-05-07 00:05:00+00:00,0.0,0.0,519300000000
2019-05-07 00:10:00+00:00,0.0,0.029142036524548103,519600000000
2019-05-07 00:15:00+00:00,0.0,0.0,519900000000
2019-05-07 00:20:00+00:00,0.0,0.0,520200000000
2019-05-07 00:25:00+00:00,0.0,0.0,520500000000
2019-05-07 00:30:00+00:00,0.0,0.030205733025462908,520800000000
2019-05-07 00:35:00+00:00,0.0,0.0,521100000000
2019-05-07 00:40:00+00:00,0.0,0.0,521400000000
2019-05-07 00:45:00+00:00,0.0,0.0,521700000000
2019-05-07 00:50:00+00:00,0.0,0.012724716568606482,522000000000
2019-05-07 00:55:00+00:00,0.0,0.006947268070322495,522300000000
2019-05-07 01:00:00+00:00,0.0,0.05295768427114175,522600000000
2019-05-07 01:05:00+00:00,0.0,0.009078717768075492,522900000000
2019-05-07 01:10:00+00:00,0.0,0.0,523200000000
2019-05-07 01:15:00+00:00,0.0,0.0,523500000000
2019-05-07 01:20:00+00:00,0.0,0.0,523800000000
2019-05-07 01:25:00+00:00,0.0,0.0,524100000000
2019-05-07 01:30:00+00:00,0.0,0.0007972841498317212,524400000000
2019-05-07 01:35:00+00:00,0.0,0.015669362124178344,524700000000
2019-05-07 01:40:00+00:00,0.0,0.0,525000000000
2019-05-07 01:45:00+00:00,0.0,0.0,525300000000
2019-05-07 01:50:00+00:00,0.0,0.030318902925884676,525600000000
2019-05-07 01:55:00+00:00,0.0,0.0,525900000000
2019-05-07 02:00:00+00:00,0.0,0.0,526200000000
2019-05-07 02:05:00+00:00,0.0,0.0,526500000000
2019-05-07 02:10:00+00:00,0.0,0.0,526800000000
2019-05-07 02:15:00+00:00,0.0,0.007724521282091636,527100000000
2019-05-07 02:20:00+00:00,0.0,0.0,527400000000
2019-05-07 02:25:00+00:00,0.0,0.0,527700000000
2019-05-07 02:30:00+00:00,0.0,0.023058683539495466,528000000000
2019-05-07 02:35:00+00:00,0.0,0.0,528300000000
2019-05-07 02:40:00+00:00,0.0,0.015501788234912816,528600000000
2019-05-07 02:45:00+00:00,0.0,0.030226455984064062,528900000000
2019-05-07 02:50:00+00:00,0.0,0.0,529200000000
2019-05-07 02:55:00+00:00,0.0,0.014740457111126273,529500000000
2019-05-07 03:00:00+00:00,0.0,0.0,529800000000
2019-05-07 03:05:00+00:00,0.0,0.01848196257681578,530100000000
2019-05-07 03:10:00+00:00,0.016608100985384275,0.0,530400000000
2019-05-07 03:15:00+00:00,0.0,0.0,530700000000
2019-05-07 03:20:00+00:00,0.0,0.0,531000000000
2019-05-07 03:25:00+00:00,0.0,0.0,531300000000
2019-05-07 03:30:00+00:00,0.0,0.0,531600000000
2019-05-07 03:35:00+00:00,0.01980179577630011,0.007490545816837268,531900000000
2019-05-07 03:40:00+00:00,0.0,0.014400270636725035,532200000000
2019-05-07 03:45:00+00:00,0.0,0.0,532500000000
2019-05-07 03:50:00+00:00,0.0,0.0,532800000000
2019-05-07 03:55:00+00:00,0.0,0.0,533100000000
2019-05-07 04:00:00+00:00,0.0,0.0,533400000000
2019-05-07 04:05:00+00:00,0.0017915042766780682,0.0,533700000000
2019-05-07 04:10:00+00:00,0.0,0.0,534000000000
2019-05-07 04:15:00+00:00,0.16686824888220073,0.101510511653742,534300000000
2019-05-07 04:20:00+00:00,0.0866141168951968,0.04059435600517701,534600000000
2019-05-07 04:25:00+00:00,0.0471323239155652,0.047604969134032546,534900000000
2019-05-07 04:30:00+00:00,0.0,0.0,535200000000
2019-05-07 04:35:00+00:00,0.03559930242012511,0.010517910351117486,535500000000
2019-05-07 04:40:00+00:00,0.02512355133761739,0.05133227521574541,535800000000
2019-05-07 04:45:00+00:00,0.0,0.0,536100000000
2019-05-07 04:50:00+00:00,0.023515504088917037,0.009378637411427741,536400000000
2019-05-07 04:55:00+00:00,0.017801964227984145,0.0,536700000000
2019-05-07 05:00:00+00:00,0.0423939667763384,0.0,537000000000
2019-05-07 05:05:00+00:00,0.06600334729375813,0.07054822803800845,537300000000
2019-05-07 05:10:00+00:00,0.004891719627480223,0.006355821629231079,537600000000
2019-05-07 05:15:00+00:00,0.04791197328052796,0.031420760733069236,537900000000
2019-05-07 05:20:00+00:00,0.04563900632751582,0.0,538200000000
2019-05-07 05:25:00+00:00,0.06551107137829933,0.04648147058914565,538500000000
2019-05-07 05:30:00+00:00,0.05960167039841187,0.05890944115892364,538800000000
2019-05-07 05:35:00+00:00,0.04356113769298409,0.049126223832361045,539100000000
2019-05-07 05:40:00+00:00,0.05549000431896341,0.04666066718350126,539400000000
2019-05-07 05:45:00+00:00,0.04922734681274155,0.0069466965357368494,539700000000
2019-05-07 05:50:00+00:00,0.08994945688939371,0.06023214247749606,540000000000
2019-05-07 05:55:00+00:00,0.07214011132936511,0.056635766007151214,540300000000
2019-05-07 06:00:00+00:00,0.11302381371505993,0.03192541652725793,540600000000
2019-05-07 06:05:00+00:00,0.07707290536778089,0.023818151391032834,540900000000
2019-05-07 06:10:00+00:00,0.06740255054436858,0.05820467676148998,541200000000
2019-05-07 06:15:00+00:00,0.054577848198930606,0.05026762445279693,541500000000
2019-05-07 06:20:00+00:00,0.05206612344258489,0.00026801339312308714,541800000000
2019-05-07 06:25:00+00:00,0.05971675681212824,0.051730483272660395,542100000000
2019-05-07 06:30:00+00:00,0.1000047951865701,0.06190894509501441,542400000000
2019-05-07 06:35:00+00:00,0.10809023061530823,0.08047431746132797,542700000000
2019-05-07 06:40:00+00:00,0.06953452372050722,0.029030287763625505,543000000000
2019-05-07 06:45:00+00:00,0.12228931458394124,0.08627725867998279,543300000000
2019-05-07 06:50:00+00:00,0.09794360994593461,0.07564274145727326,543600000000
2019-05-07 06:55:00+00:00,0.11374152186641427,0.06121821441073433,543900000000
2019-05-07 07:00:00+00:00,0.14623393599715329,0.08809541252175769,544200000000
2019-05-07 07:05:00+00:00,0.13509169397751444,0.06808458379641559,544500000000
2019-05-07 07:10:00+00:00,0.11492970141196862,0.10199059982089875,544800000000
2019-05-07 07:15:00+00:00,0.10560040862050213,0.06095480638578596,545100000000
2019-05-07 07:20:00+00:00,0.08348893569448618,0.03165287491314807,545400000000
2019-05-07 07:25:00+00:00,0.1152187504688171,0.05481473200379526,545700000000
2019-05-07 07:30:00+00:00,0.1284299100782092,0.07959335806976778,546000000000
2019-05-07 07:35:00+00:00,0.11593230182467487,0.08462600453036916,546300000000
2019-05-07 07:40:00+00:00,0.13604537769703612,0.05491068971521123,546600000000
2019-05-07 07:45:00+00:00,0.1431720078586912,0.1228564047740637,546900000000
2019-05-07 07:50:00+00:00,0.14007072790464847,0.09021594262390141,547200000000
2019-05-07 07:55:00+00:00,0.1344677081658832,0.09000974435891816,547500000000
2019-05-07 08:00:00+00:00,0.15370642677266716,0.09028006518713157,547800000000
2019-05-07 08:05:00+00:00,0.16200202393768826,0.09758639370963546,548100000000
2019-05-07 08:10:00+00:00,0.13414807081427782,0.07752317973001863,548400000000
2019-05-07 08:15:00+00:00,0.1869291825478653,0.1325134289094384,548700000000
2019-05-07 08:20:00+00:00,0.1594535916958605,0.0955135832684489,549000000000
2019-05-07 08:25:00+00:00,0.16447621749121238,0.11402673486458162,549300000000
2019-05-07 08:30:00+00:00,0.18089516948310577,0.09986015122281201,549600000000
2019-05-07 08:35:00+00:00,0.17398339900843382,0.10830284997130661,549900000000
2019-05-07 08:40:00+00:00,0.19092531857568917,0.09847678426062507,550200000000
2019-05-07 08:45:00+00:00,0.18010268890237946,0.13239217799241842,550500000000
2019-05-07 08:50:00+00:00,0.16456200587176215,0.08206225870867498,550800000000
2019-05-07 08:55:00+00:00,0.1864431399825728,0.10536629510431716,551100000000
2019-05-07 09:00:00+00:00,0.1586914930315685,0.08891568756984619,551400000000
2019-05-07 09:05:00+00:00,0.1860396773133826,0.10454477863455419,551700000000
2019-05-07 09:10:00+00:00,0.18545477848640665,0.12572278248070273,552000000000
2019-05-07 09:15:00+00:00,0.18415530064306226,0.10416002509110449,552300000000
2019-05-07 09:20:00+00:00,0.18789147179462373,0.1406133736875957,552600000000
2019-05-07 09:25:00+00:00,0.15491513599842366,0.07657957987645084,552900000000
2019-05-07 09:30:00+00:00,0.18361183622219937,0.11355465113217375,553200000000
2019-05-07 09:35:00+00:00,0.19842081088516655,0.10353676674484794,553500000000
2019-05-07 09:40:00+00:00,0.20168104559440783,0.12942808300727404,553800000000
2019-05-07 09:45:00+00:00,0.17979193902686222,0.10755616887658193,554100000000
2019-05-07 09:50:00+00:00,0.22746176257811504,0.13337581665289944,554400000000
2019-05-07 09:55:00+00:00,0.18656606141442927,0.13570913617872804,554700000000
2019-05-07 10:00:00+00:00,0.224959621244867,0.12188893532581811,555000000000
2019-05-07 10:05:00+00:00,0.21573345614911493,0.14117037684182895,555300000000
2019-05-07 10:10:00+00:00,0.1958215232243014,0.10211371568108499,555600000000
2019-05-07 10:15:00+00:00,0.2457454624154268,0.14970098145246355,555900000000
2019-05-07 10:20:00+00:00,0.18779565364258985,0.088765885621085,556200000000
2019-05-07 10:25:00+00:00,0.2314159164512281,0.12559920694460205,556500000000
2019-05-07 10:30:00+00:00,0.23434357623755225,0.13896328483107406,556800000000
2019-05-07 10:35:00+00:00,0.20215266509977564,0.15758458240632695,557100000000
2019-05-07 10:40:00+00:00,0.24458097689695066,0.14876466354736587,557400000000
2019-05-07 10:45:00+00:00,0.21283025579895332,0.16079151979670614,557700000000
2019-05-07 10:50:00+00:00,0.22463697075338673,0.1391886482858504,558000000000
2019-05-07 10:55:00+00:00,0.22503335937775798,0.127278330737156,558300000000
2019-05-07 11:00:00+00:00,0.2180360324472823,0.16160874992038324,558600000000
2019-05-07 11:05:00+00:00,0.23776469815740692,0.15139917133591252,558900000000
2019-05-07 11:10:00+00:00,0.2381752865901453,0.13005074007643289,559200000000
2019-05-07 11:15:00+00:00,0.18802215259572078,0.1222247207454384,559500000000
2019-05-07 11:20:00+00:00,0.249696856698283,0.1439662190208176,559800000000
2019-05-07 11:25:00+00:00,0.19090716458722823,0.07476361482891102,560100000000
2019-05-07 11:30:00+00:00,0.2452843199595713,0.16589005516105512,560400000000
2019-05-07 11:35:00+00:00,0.2475731090254551,0.17044254652811164,560700000000
2019-05-07 11:40:00+00:00,0.2035543205539022,0.15889143293218683,561000000000
2019-05-07 11:45:00+00:00,0.21742088606003215,0.13889540547992452,561300000000
2019-05-07 11:50:00+00:00,0.2037153620897822,0.11725474877221867,561600000000
2019-05-07 11:55:00+00:00,0.2216519945673228,0.14969098528796537,561900000000
2019-05-07 12:00:00+00:00,0.2198393143162852,0.14889999589614925,562200000000
2019-05-07 12:05:00+00:00,0.24157140359626203,0.17770846582048566,562500000000
2019-05-07 12:10:00+00:00,0.25209118593744867,0.15036215910114034,562800000000
2019-05-07 12:15:00+00:00,0.25363418136825633,0.14886892936960192,563100000000
2019-05-07 12:20:00+00:00,0.21424139973775147,0.11423395144748033,563400000000
2019-05-07 12:25:00+00:00,0.2209934577029019,0.14334531635624517,563700000000
2019-05-07 12:30:00+00:00,0.19113129869498593,0.08371354585237485,564000000000
2019-05-07 12:35:00+00:00,0.2082340474624627,0.1404621759347289,564300000000
2019-05-07 12:40:00+00:00,0.24312930672489158,0.15763428647225075,564600000000
2019-05-07 12:45:00+00:00,0.25555444853144926,0.165034073168037,564900000000
2019-05-07 12:50:00+00:00,0.19789631251928058,0.12150229224160515,565200000000
2019-05-07 12:55:00+00:00,0.3533397342425735,0.24266340549616577,565500000000
2019-05-07 13:00:00+00:00,0.3065283841763669,0.20135689981435742,565800000000
2019-05-07 13:05:00+00:00,0.25445824312501,0.14053340204749198,566100000000
2019-05-07 13:10:00+00:00,0.2030599166582455,0.11005236900099435,566400000000
2019-05-07 13:15:00+00:00,0.22672907364688114,0.11844396791983595,566700000000
2019-05-07 13:20:00+00:00,0.20769932839869057,0.1356452636947261,567000000000
2019-05-07 13:25:00+00:00,0.2157482460859655,0.10944616922678016,567300000000
2019-05-07 13:30:00+00:00,0.22575761483676746,0.15712241177372752,567600000000
2019-05-07 13:35:00+00:00,0.21368905615302503,0.15467289985872587,567900000000
2019-05-07 13:40:00+00:00,0.203496228022744,0.10451741143463737,568200000000
2019-05-07 13:45:00+00:00,0.2086303818180537,0.12146725839897515,568500000000
2019-05-07 13:50:00+00:00,0.20758992134818233,0.12488637243615766,568800000000
2019-05-07 13:55:00+00:00,0.20042823720292807,0.1379366055311502,569100000000
2019-05-07 14:00:00+00:00,0.2010612226476574,0.152823601100792,569400000000
2019-05-07 14:05:00+00:00,0.23655694623325862,0.10822431988258363,569700000000
2019-05-07 14:10:00+00:00,0.21408821694186914,0.1220893158145878,570000000000
2019-05-07 14:15:00+00:00,0.19518583548479876,0.1117911673796723,570300000000
2019-05-07 14:20:00+00:00,0.21320078362245226,0.0999070730757404,570600000000
2019-05-07 14:25:00+00:00,0.19069307862278023,0.1047136467875869,570900000000
2019-05-07 14:30:00+00:00,0.2188821604620854,0.13988467516426345,571200000000
2019-05-07 14:35:00+00:00,0.20080607186345,0.11491006506127886,571500000000
2019-05-07 14:40:00+00:00,0.18920506803220732,0.08263061744717612,571800000000
2019-05-07 14:45:00+00:00,0.19818864297138597,0.17639483974302986,572100000000
2019-05-07 14:50:00+00:00,0.155646299702371,0.09871133712550621,572400000000
2019-05-07 14:55:00+00:00,0.16230535604187893,0.09961709622726085,572700000000
2019-05-07 15:00:00+00:00,0.15868751705000128,0.07325398296865984,573000000000
2019-05-07 15:05:00+00:00,0.18309970915150414,0.11507394873032799,573300000000
2019-05-07 15:10:00+00:00,0.21251660890982907,0.12422568966506754,573600000000
2019-05-07 15:15:00+00:00,0.22006954185552968,0.09427125685900967,573900000000
2019-05-07 15:20:00+00:00,0.18573471903735214,0.09003572262212295,574200000000
2019-05-07 15:25:00+00:00,0.1804748547709426,0.12418343321604446,574500000000
2019-05-07 15:30:00+00:00,0.13187639300158643,0.11800618880096068,574800000000
2019-05-07 15:35:00+00:00,0.1544401934820794,0.10000742419010854,575100000000
2019-05-07 15:40:00+00:00,0.146891901525604,0.11019680648122974,575400000000
2019-05-07 15:45:00+00:00,0.14754358298791845,0.08541104362108687,575700000000
2019-05-07 15:50:00+00:00,0.15387095376921756,0.09059164904791847,576000000000
2019-05-07 15:55:00+00:00,0.14502695494791398,0.1088357535211377,576300000000
2019-05-07 16:00:00+00:00,0.11208067045915197,0.10050394805908057,576600000000
2019-05-07 16:05:00+00:00,0.16378707601581505,0.12429417947880145,576900000000
2019-05-07 16:10:00+00:00,0.12450187591490368,0.05337386404124582,577200000000
2019-05-07 16:15:00+00:00,0.1478365741484073,0.08736276668273947,577500000000
2019-05-07 16:20:00+00:00,0.181596614878327,0.1145084626165221,577800000000
2019-05-07 16:25:00+00:00,0.11876042275819318,0.06606269438476532,578100000000
2019-05-07 16:30:00+00:00,0.08354676439983738,0.05788520950821434,578400000000
2019-05-07 16:35:00+00:00,0.12540951019384203,0.09165724234968416,578700000000
2019-05-07 16:40:00+00:00,0.15009999197659918,0.1101161902250623,579000000000
2019-05-07 16:45:00+00:00,0.16417453554655298,0.13222212437236225,579300000000
2019-05-07 16:50:00+00:00,0.097320433592149,0.0518034380607927,579600000000
2019-05-07 16:55:00+00:00,0.12872778101382407,0.04995600531150816,579900000000
2019-05-07 17:00:00+00:00,0.10634998096311137,0.07097468045815587,580200000000
2019-05-07 17:05:00+00:00,0.11038113898506599,0.10390490401473562,580500000000
2019-05-07 17:10:00+00:00,0.16221392014216834,0.08778883488621983,580800000000
2019-05-07 17:15:00+00:00,0.07607914173451684,0.059384424581984493,581100000000
2019-05-07 17:20:00+00:00,0.10801090876882011,0.07872146111074492,581400000000
2019-05-07 17:25:00+00:00,0.10907514914157475,0.06927393043183702,581700000000
2019-05-07 17:30:00+00:00,0.1182113219984617,0.0710652876199513,582000000000
2019-05-07 17:35:00+00:00,0.09522024985276803,0.038663565797232964,582300000000
2019-05-07 17:40:00+00:00,0.0961788166466757,0.012074048539593867,582600000000
2019-05-07 17:45:00+00:00,0.07893583136941901,0.025124484688370825,582900000000
2019-05-07 17:50:00+00:00,0.08889766915192435,0.04553251850892062,583200000000
2019-05-07 17:55:00+00:00,0.07339449835634723,0.06598515276226247,583500000000
2019-05-07 18:00:00+00:00,0.08943143779712179,0.05159630143124556,583800000000
2019-05-07 18:05:00+00:00,0.06634944941283343,0.02942915526933708,584100000000
2019-05-07 18:10:00+00:00,0.07802687755102203,0.028996417691544603,584400000000
2019-05-07 18:15:00+00:00,0.06664594100844608,0.05312368117525725,584700000000
2019-05-07 18:20:00+00:00,0.08650319915885124,0.07906906282392284,585000000000
2019-05-07 18:25:00+00:00,0.05971153874488063,0.05709563768427757,585300000000
2019-05-07 18:30:00+00:00,0.022043755136188094,0.02534924707688224,585600000000
2019-05-07 18:35:00+00:00,0.07951714430801528,0.018198031657150362,585900000000
2019-05-07 18:40:00+00:00,0.03294923844381946,0.012736058209416246,586200000000
2019-05-07 18:45:00+00:00,0.03478612492460419,0.059817759532556025,586500000000
2019-05-07 18:50:00+00:00,0.03275972091730401,0.042094842388686896,586800000000
2019-05-07 18:55:00+00:00,0.06898865579226812,0.01064312911066637,587100000000
2019-05-07 19:00:00+00:00,0.0,0.0,587400000000
2019-05-07 19:05:00+00:00,0.09796117412410672,0.0660386731276848,587700000000
2019-05-07 19:10:00+00:00,0.05320971070012517,0.016682657159550706,588000000000
2019-05-07 19:15:00+00:00,0.033457191820443516,0.0,588300000000
2019-05-07 19:20:00+00:00,0.024821320711046986,0.016869273326956827,588600000000
2019-05-07 19:25:00+00:00,0.028581486865709348,0.0013937269670168222,588900000000
2019-05-07 19:30:00+00:00,0.030269933712824198,0.0024851254460008347,589200000000
2019-05-07 19:35:00+00:00,0.02975619712907991,0.010760111078832787,589500000000
2019-05-07 19:40:00+00:00,0.024997127836741857,0.01232475840894888,589800000000
2019-05-07 19:45:00+00:00,0.012739976758922033,0.007462330173439491,590100000000
2019-05-07 19:50:00+00:00,0.004096495164154113,0.0,590400000000
2019-05-07 19:55:00+00:00,0.002145663433466764,0.0,590700000000
2019-05-07 20:00:00+00:00,0.0,0.0,591000000000
2019-05-07 20:05:00+00:00,0.022206635435485185,0.019544762568652674,591300000000
2019-05-07 20:10:00+00:00,0.008637304304705171,0.0,591600000000
2019-05-07 20:15:00+00:00,0.0,0.0,591900000000
2019-05-07 20:20:00+00:00,0.004470438966827696,0.021065986453635686,592200000000
2019-05-07 20:25:00+00:00,0.0,0.0,592500000000
2019-05-07 20:30:00+00:00,0.0,0.014328604073148002,592800000000
2019-05-07 20:35:00+00:00,0.0,0.023114654242417845,593100000000
2019-05-07 20:40:00+00:00,0.00350855739118449,0.0,593400000000
2019-05-07 20:45:00+00:00,0.0,0.0,593700000000
2019-05-07 20:50:00+00:00,0.0,0.0,594000000000
2019-05-07 20:55:00+00:00,0.0,0.0,594300000000
2019-05-07 21:00:00+00:00,0.0,0.0,594600000000
2019-05-07 21:05:00+00:00,0.0,0.0,594900000000
2019-05-07 21:10:00+00:00,0.0,0.03849676724159731,595200000000
2019-05-07 21:15:00+00:00,0.0,0.005720316152692499,595500000000
2019-05-07 21:20:00+00:00,0.0,0.0,595800000000
2019-05-07 21:25:00+00:00,0.0,0.029307588549970367,596100000000
2019-05-07 21:30:00+00:00,0.0,0.0,596400000000
2019-05-07 21:35:00+00:00,0.0,0.0,596700000000
2019-05-07 21:40:00+00:00,0.0,0.0,597000000000
2019-05-07 21:45:00+00:00,0.0,0.03602090393078668,597300000000
2019-05-07 21:50:00+00:00,0.0,0.00664692742944007,597600000000
2019-05-07 21:55:00+00:00,0.0,0.013188035796969899,597900000000
2019-05-07 22:00:00+00:00,0.0,0.006020024678369515,598200000000
2019-05-07 22:05:00+00:00,0.0,0.011475355222891693,598500000000
2019-05-07 22:10:00+00:00,0.0,0.001561554277919789,598800000000
2019-05-07 22:15:00+00:00,0.0,0.005418426854148827,599100000000
2019-05-07 22:20:00+00:00,0.0,0.0021520687244590154,599400000000
2019-05-07 22:25:00+00:00,0.0,0.0,599700000000
2019-05-07 22:30:00+00:00,0.0,0.0,600000000000
2019-05-07 22:35:00+00:00,0.0,0.005471891465233553,600300000000
2019-05-07 22:40:00+00:00,0.0,0.0022109823910426156,600600000000
2019-05-07 22:45:00+00:00,0.0,0.0,600900000000
2019-05-07 22:50:00+00:00,0.0,0.0,601200000000
2019-05-07 22:55:00+00:00,0.0,0.021656828678327824,601500000000
2019-05-07 23:00:00+00:00,0.0,0.0,601800000000
2019-05-07 23:05:00+00:00,0.0,0.01169450694071881,602100000000
2019-05-07 23:10:00+00:00,0.0,0.0,602400000000
2019-05-07 23:15:00+00:00,0.0,0.0,602700000000
2019-05-07 23:20:00+00:00,0.0,0.0,603000000000
2019-05-07 23:25:00+00:00,0.0,0.0,603300000000
2019-05-07 23:30:00+00:00,0.0,0.0,603600000000
2019-05-07 23:35:00+00:00,0.0,0.025878670462114277,603900000000
2019-05-07 23:40:00+00:00,0.0,0.003590466030749231,604200000000
2019-05-07 23:45:00+00:00,0.0,0.03697877237123717,604500000000
2019-05-07 23:50:00+00:00,0.0,0.008088163081428344,604800000000
2019-05-07 23:55:00+00:00,0.0,0.0,605100000000
2019-05-08 00:00:00+00:00,0.0,0.02112083212917109,605400000000
2019-05-08 00:05:00+00:00,0.0,0.0,605700000000
2019-05-08 00:10:00+00:00,0.0,0.0046106733442267825,606000000000
2019-05-08 00:15:00+00:00,0.0,0.0,606300000000
2019-05-08 00:20:00+00:00,0.0,0.04285422068928373,606600000000
2019-05-08 00:25:00+00:00,0.0,0.028791958548602708,606900000000
2019-05-08 00:30:00+00:00,0.006579776044034667,0.0,607200000000
2019-05-08 00:35:00+00:00,0.0,0.0,607500000000
2019-05-08 00:40:00+00:00,0.0,0.004891961392984348,607800000000
2019-05-08 00:45:00+00:00,0.0,0.01726828143123221,608100000000
2019-05-08 00:50:00+00:00,0.017704711451115927,0.01120586511716981,608400000000
2019-05-08 00:55:00+00:00,0.007230394364577387,0.0,608700000000
2019-05-08 01:00:00+00:00,0.0,0.0,609000000000
2019-05-08 01:05:00+00:00,0.0,0.0,609300000000
2019-05-08 01:10:00+00:00,0.001279353764956491,0.025456751834267717,609600000000
2019-05-08 01:15:00+00:00,0.0,0.00855675721072088,609900000000
2019-05-08 01:20:00+00:00,0.0,0.0,610200000000
2019-05-08 01:25:00+00:00,0.0,0.0129674555541958,610500000000
2019-05-08 01:30:00+00:00,0.010872268273284306,0.0,610800000000
2019-05-08 01:35:00+00:00,0.04616036779919329,0.04550438078325279,611100000000
2019-05-08 01:40:00+00:00,0.00017992906585524715,0.050648165806085256,611400000000
2019-05-08 01:45:00+00:00,0.0,0.0,611700000000
2019-05-08 01:50:00+00:00,0.0,0.016032103194527417,612000000000
2019-05-08 01:55:00+00:00,0.0,0.0,612300000000
2019-05-08 02:00:00+00:00,0.0,0.0,612600000000
2019-05-08 02:05:00+00:00,0.0,0.0005912457374420259,612900000000
2019-05-08 02:10:00+00:00,0.0,0.0,613200000000
2019-05-08 02:15:00+00:00,0.006701655595292233,0.053281267132675815,613500000000
2019-05-08 02:20:00+00:00,0.0,0.0,613800000000
2019-05-08 02:25:00+00:00,0.02985670048414427,0.02965105106618392,614100000000
2019-05-08 02:30:00+00:00,0.009417806921345055,0.0,614400000000
2019-05-08 02:35:00+00:00,0.011261876668850302,0.015397057268702385,614700000000
2019-05-08 02:40:00+00:00,0.006979883646338975,0.02702902203484832,615000000000
2019-05-08 02:45:00+00:00,0.01878617588866621,0.0007197586816187068,615300000000
2019-05-08 02:50:00+00:00,0.0343825869940558,0.0,615600000000
2019-05-08 02:55:00+00:00,0.002788912487929538,0.0009003121162112208,615900000000
2019-05-08 03:00:00+00:00,0.009271653040512853,0.005906668832018272,616200000000
2019-05-08 03:05:00+00:00,0.01871240994601487,0.025708946982495005,616500000000
2019-05-08 03:10:00+00:00,0.00027182816596446613,0.04038115760784736,616800000000
2019-05-08 03:15:00+00:00,0.01325463720722593,0.00035170931232942314,617100000000
2019-05-08 03:20:00+00:00,0.022612996631681384,0.0,617400000000
2019-05-08 03:25:00+00:00,0.05216870723108958,0.00796286831122488,617700000000
2019-05-08 03:30:00+00:00,0.04252034556206266,0.029473779677869585,618000000000
2019-05-08 03:35:00+00:00,0.04377257319503504,0.03585062909339106,618300000000
2019-05-08 03:40:00+00:00,0.05959260490181331,0.024842455053836292,618600000000
2019-05-08 03:45:00+00:00,0.042542029279070914,0.041098872481958336,618900000000
2019-05-08 03:50:00+00:00,0.05585324463544263,0.04281962831764909,619200000000
2019-05-08 03:55:00+00:00,0.04877235399504956,0.03012804618992754,619500000000
2019-05-08 04:00:00+00:00,0.058973913654658656,0.017336053777912683,619800000000
2019-05-08 04:05:00+00:00,0.04487706706541556,0.017288953929554873,620100000000
2019-05-08 04:10:00+00:00,0.010655809293660022,0.0,620400000000
2019-05-08 04:15:00+00:00,0.059679446556756735,0.040523409218014714,620700000000
2019-05-08 04:20:00+00:00,0.0937844456831162,0.05679749318481842,621000000000
2019-05-08 04:25:00+00:00,0.08684841567713189,0.05587862922806886,621300000000
2019-05-08 04:30:00+00:00,0.0906554348370599,0.06447964121352714,621600000000
2019-05-08 04:35:00+00:00,0.0991207975824574,0.0671889082781189,621900000000
2019-05-08 04:40:00+00:00,0.07924790809815503,0.04534108124597231,622200000000
2019-05-08 04:45:00+00:00,0.0845220610193036,0.051686597474837205,622500000000
2019-05-08 04:50:00+00:00,0.07134664772122727,0.014721660298812972,622800000000
2019-05-08 04:55:00+00:00,0.08052363521925375,0.03663976821776373,623100000000
2019-05-08 05:00:00+00:00,0.10232589956337758,0.06240496081169577,623400000000
2019-05-08 05:05:00+00:00,0.11727202711667153,0.05564614475175571,623700000000
2019-05-08 05:10:00+00:00,0.09360624350677509,0.07336676202151599,624000000000
2019-05-08 05:15:00+00:00,0.09060766640055239,0.04119195822123082,624300000000
2019-05-08 05:20:00+00:00,0.10285222141598052,0.06603744107455464,624600000000
2019-05-08 05:25:00+00:00,0.11810840482787227,0.07319635603303008,624900000000
2019-05-08 05:30:00+00:00,0.08046064151098827,0.06320193677880115,625200000000
2019-05-08 05:35:00+00:00,0.06667690526501566,0.05802196663957543,625500000000
2019-05-08 05:40:00+00:00,0.38954725895507125,0.2476090075924015,625800000000
2019-05-08 05:45:00+00:00,0.30350401823310674,0.13998228691220138,626100000000
2019-05-08 05:50:00+00:00,0.24512040285702447,0.17095520467447722,626400000000
2019-05-08 05:55:00+00:00,0.1796956545620982,0.13836355722115087,626700000000
2019-05-08 06:00:00+00:00,0.1199350318195384,0.062318533405293655,627000000000
2019-05-08 06:05:00+00:00,0.16133547233348713,0.10153422165354928,627300000000
2019-05-08 06:10:00+00:00,0.1421055811746242,0.06744671510215888,627600000000
2019-05-08 06:15:00+00:00,0.14486162324340368,0.047949403811399186,627900000000
2019-05-08 06:20:00+00:00,0.15457305984857178,0.07796953059829534,628200000000
2019-05-08 06:25:00+00:00,0.12262281331662368,0.06277090720070201,628500000000
2019-05-08 06:30:00+00:00,0.16944449791474578,0.09456968412181116,628800000000
2019-05-08 06:35:00+00:00,0.15040044442000033,0.07106198485188045,629100000000
2019-05-08 06:40:00+00:00,0.16856795010597517,0.08647226672724032,629400000000
2019-05-08 06:45:00+00:00,0.1369514036416158,0.08195071575240132,629700000000
2019-05-08 06:50:00+00:00,0.13052965565928315,0.06291325373336705,630000000000
2019-05-08 06:55:00+00:00,0.18116345478720383,0.11956855952332285,630300000000
2019-05-08 07:00:00+00:00,0.17551771395399407,0.11894384140034522,630600000000
2019-05-08 07:05:00+00:00,0.15311387657305356,0.13947608086712193,630900000000
2019-05-08 07:10:00+00:00,0.15690705274459033,0.11665783028922343,631200000000
2019-05-08 07:15:00+00:00,0.19993294881710222,0.12482183045682961,631500000000
2019-05-08 07:20:00+00:00,0.1567370058637257,0.08163691758488183,631800000000
2019-05-08 07:25:00+00:00,0.21645527591878477,0.13574811258475084,632100000000
2019-05-08 07:30:00+00:00,0.16864010016180564,0.10771597929541049,632400000000
2019-05-08 07:35:00+00:00,0.20244373087986717,0.11119997674780707,632700000000
2019-05-08 07:40:00+00:00,0.18609814752390247,0.12733351644939903,633000000000
2019-05-08 07:45:00+00:00,0.20769871882116359,0.09665727099906063,633300000000
2019-05-08 07:50:00+00:00,0.1876855674985261,0.10772334378836544,633600000000
2019-05-08 07:55:00+00:00,0.1982119016609065,0.13004431018289203,633900000000
2019-05-08 08:00:00+00:00,0.2051517168412479,0.11733934715290678,634200000000
2019-05-08 08:05:00+00:00,0.18711946183067063,0.10813658902981695,634500000000
2019-05-08 08:10:00+00:00,0.22477253927153634,0.1321078063390762,634800000000
2019-05-08 08:15:00+00:00,0.20244626362350818,0.10475573336034999,635100000000
2019-05-08 08:20:00+00:00,0.21085335603474448,0.14999003225233085,635400000000
2019-05-08 08:25:00+00:00,0.1982122375401443,0.09856658908563026,635700000000
2019-05-08 08:30:00+00:00,0.16948420784206836,0.10805371125343871,636000000000
2019-05-08 08:35:00+00:00,0.21949852113116033,0.13997207064434367,636300000000
2019-05-08 08:40:00+00:00,0.27411489432968333,0.14549649857363067,636600000000
2019-05-08 08:45:00+00:00,0.24405229135630338,0.14789345990139688,636900000000
2019-05-08 08:50:00+00:00,0.23042554576988297,0.12006268400703574,637200000000
2019-05-08 08:55:00+00:00,0.22795525289428611,0.16459400123769058,637500000000
2019-05-08 09:00:00+00:00,0.23601533503422256,0.11883354228100927,637800000000
2019-05-08 09:05:00+00:00,0.24881086550135628,0.13620857741617448,638100000000
2019-05-08 09:10:00+00:00,0.2165031219931197,0.10541737302876021,638400000000
2019-05-08 09:15:00+00:00,0.2646040716818905,0.13160846847178323,638700000000
2019-05-08 09:20:00+00:00,0.25876984833222655,0.1870862148169818,639000000000
2019-05-08 09:25:00+00:00,0.2609158314225351,0.1674049923317723,639300000000
2019-05-08 09:30:00+00:00,0.25735584915321247,0.15721937800593835,639600000000
2019-05-08 09:35:00+00:00,0.25095624601622407,0.137442208342796,639900000000
2019-05-08 09:40:00+00:00,0.26594114247379563,0.17771692170521275,640200000000
2019-05-08 09:45:00+00:00,0.2661817245202089,0.14322458592477627,640500000000
2019-05-08 09:50:00+00:00,0.2490667915420011,0.16531286081180271,640800000000
2019-05-08 09:55:00+00:00,0.24641752292078128,0.13040028822035604,641100000000
2019-05-08 10:00:00+00:00,0.261607603139572,0.14407440784622977,641400000000
2019-05-08 10:05:00+00:00,0.29216997194158545,0.1904676308873097,641700000000
2019-05-08 10:10:00+00:00,0.2379639279080994,0.16005490362797498,642000000000
2019-05-08 10:15:00+00:00,0.23488873924818776,0.15288270222684788,642300000000
2019-05-08 10:20:00+00:00,0.2689636071024502,0.14038468194633422,642600000000
2019-05-08 10:25:00+00:00,0.2680505870161484,0.1518958148952325,642900000000
2019-05-08 10:30:00+00:00,0.27179876316410084,0.16621723272243077,643200000000
2019-05-08 10:35:00+00:00,0.27444413323947814,0.14768086070548506,643500000000
2019-05-08 10:40:00+00:00,0.2662676258029676,0.18717983068436642,643800000000
2019-05-08 10:45:00+00:00,0.30162845486297396,0.13293813403877344,644100000000
2019-05-08 10:50:00+00:00,0.24084501859825894,0.1289322208515723,644400000000
2019-05-08 10:55:00+00:00,0.25725698210672865,0.14416285920664054,644700000000
2019-05-08 11:00:00+00:00,0.27265711207371257,0.10671539394879219,645000000000
2019-05-08 11:05:00+00:00,0.24268475647112786,0.1176862712779529,645300000000
2019-05-08 11:10:00+00:00,0.2727884240904596,0.17617884470511713,645600000000
2019-05-08 11:15:00+00:00,0.310222195375045,0.18673898995608626,645900000000
2019-05-08 11:20:00+00:00,0.2780277816066392,0.19827938940484158,646200000000
2019-05-08 11:25:00+00:00,0.28277102246231556,0.20056714239508572,646500000000
2019-05-08 11:30:00+00:00,0.25343010056928655,0.16071898791365086,646800000000
2019-05-08 11:35:00+00:00,0.26671177812811386,0.16629183185688257,647100000000
2019-05-08 11:40:00+00:00,0.27186972155172745,0.16444045510261449,647400000000
2019-05-08 11:45:00+00:00,0.2732828698839991,0.11086808157280964,647700000000
2019-05-08 11:50:00+00:00,0.30546233135957623,0.15538620854922422,648000000000
2019-05-08 11:55:00+00:00,0.29110423638759997,0.17667605189453864,648300000000
2019-05-08 12:00:00+00:00,0.2577708408612594,0.16698301869170906,648600000000
2019-05-08 12:05:00+00:00,0.28490828851951533,0.176738369354472,648900000000
2019-05-08 12:10:00+00:00,0.2898494459849922,0.15606036823668215,649200000000
2019-05-08 12:15:00+00:00,0.30252348592288253,0.20026221720311943,649500000000
2019-05-08 12:20:00+00:00,0.3110955740006849,0.21630622497550367,649800000000
2019-05-08 12:25:00+00:00,0.25887601134123506,0.17408539881056784,650100000000
2019-05-08 12:30:00+00:00,0.26258291231519815,0.1773417339809283,650400000000
2019-05-08 12:35:00+00:00,0.253199891614094,0.1407354190093522,650700000000
2019-05-08 12:40:00+00:00,0.2731518768808028,0.18540980858249764,651000000000
2019-05-08 12:45:00+00:00,0.2865699595494113,0.1748571485161999,651300000000
2019-05-08 12:50:00+00:00,0.2963299802886611,0.18802909874363674,651600000000
2019-05-08 12:55:00+00:00,0.27433506777691685,0.1719096775226443,651900000000
2019-05-08 13:00:00+00:00,0.26865859014493026,0.15876541197814992,652200000000
2019-05-08 13:05:00+00:00,0.27722319355841973,0.1491338666326058,652500000000
2019-05-08 13:10:00+00:00,0.2565491290240783,0.15228674414336604,652800000000
2019-05-08 13:15:00+00:00,0.3140386271914948,0.20815840866455332,653100000000
2019-05-08 13:20:00+00:00,0.23902289479774738,0.13458422077239024,653400000000
2019-05-08 13:25:00+00:00,0.27373210308144563,0.1821062071010303,653700000000
2019-05-08 13:30:00+00:00,0.30930405426128593,0.200323845969125,654000000000
2019-05-08 13:35:00+00:00,0.26769660764800624,0.15463921664840713,654300000000
2019-05-08 13:40:00+00:00,0.26242316513324554,0.18522990115233884,654600000000
2019-05-08 13:45:00+00:00,0.2576736694403613,0.14749326824040265,654900000000
2019-05-08 13:50:00+00:00,0.25974934689704093,0.18604054539047718,655200000000
2019-05-08 13:55:00+00:00,0.2892854272941012,0.18225379600728017,655500000000
2019-05-08 14:00:00+00:00,0.21599990567440924,0.12928262503557528,655800000000
2019-05-08 14:05:00+00:00,0.28925267684909134,0.15579557850270173,656100000000
2019-05-08 14:10:00+00:00,0.22839068493404147,0.13526920635772405,656400000000
2019-05-08 14:15:00+00:00,0.24976239526069366,0.1457822468865278,656700000000
2019-05-08 14:20:00+00:00,0.2446768071262649,0.12164015657074084,657000000000
2019-05-08 14:25:00+00:00,0.2631405338133148,0.15353201183363555,657300000000
2019-05-08 14:30:00+00:00,0.2174571806726776,0.11439824480166483,657600000000
2019-05-08 14:35:00+00:00,0.256656681341127,0.16571384418425184,657900000000
2019-05-08 14:40:00+00:00,0.28583730337802826,0.197627991541381,658200000000
2019-05-08 14:45:00+00:00,0.2159708243633242,0.1050441810920897,658500000000
2019-05-08 14:50:00+00:00,0.2448579460959489,0.1811609222249078,658800000000
2019-05-08 14:55:00+00:00,0.2256010618641421,0.13278961643078266,659100000000
2019-05-08 15:00:00+00:00,0.24508376130184314,0.12754982908233561,659400000000
2019-05-08 15:05:00+00:00,0.2346238028045443,0.15592937728689024,659700000000
2019-05-08 15:10:00+00:00,0.21903657073924102,0.12249285287844364,660000000000
2019-05-08 15:15:00+00:00,0.23920098462909933,0.14188585725682973,660300000000
2019-05-08 15:20:00+00:00,0.26306065920427185,0.1497508306383215,660600000000
2019-05-08 15:25:00+00:00,0.22063988943750834,0.11604917502520701,660900000000
2019-05-08 15:30:00+00:00,0.23629270652760573,0.1562555645646015,661200000000
2019-05-08 15:35:00+00:00,0.1934282103193366,0.11033089813371821,661500000000
2019-05-08 15:40:00+00:00,0.19751884902740863,0.08977827357286025,661800000000
2019-05-08 15:45:00+00:00,0.2234086605105483,0.14506639879064762,662100000000
2019-05-08 15:50:00+00:00,0.2409161507116318,0.12043804340650396,662400000000
2019-05-08 15:55:00+00:00,0.21558103347756974,0.10628341663303666,662700000000
2019-05-08 16:00:00+00:00,0.19940550605620375,0.14349542773326857,663000000000
2019-05-08 16:05:00+00:00,0.20281469900193055,0.09776202141695409,663300000000
2019-05-08 16:10:00+00:00,0.17494858175030548,0.058640251911633474,663600000000
2019-05-08 16:15:00+00:00,0.20914194339329073,0.13794239573520434,663900000000
2019-05-08 16:20:00+00:00,0.21176162272979576,0.12097970504825485,664200000000
2019-05-08 16:25:00+00:00,0.18210630793326107,0.10491068233719432,664500000000
2019-05-08 16:30:00+00:00,0.178751671899574,0.1009609952727404,664800000000
2019-05-08 16:35:00+00:00,0.19044715922448627,0.1189016943150663,665100000000
2019-05-08 16:40:00+00:00,0.17334640455581687,0.08895345789542876,665400000000
2019-05-08 16:45:00+00:00,0.17768493416962472,0.13613325799309012,665700000000
2019-05-08 16:50:00+00:00,0.21790586126452768,0.10121890715252863,666000000000
2019-05-08 16:55:00+00:00,0.16785328253417373,0.1096094678540467,666300000000
2019-05-08 17:00:00+00:00,0.16248938705828697,0.11033605231250386,666600000000
2019-05-08 17:05:00+00:00,0.15354926995844556,0.07693652675839976,666900000000
2019-05-08 17:10:00+00:00,0.1782108926318254,0.08645184667353888,667200000000
2019-05-08 17:15:00+00:00,0.15651406483805785,0.11425192318623784,667500000000
2019-05-08 17:20:00+00:00,0.14394865477250018,0.06655197778316581,667800000000
2019-05-08 17:25:00+00:00,0.18014736635172532,0.09595514099602385,668100000000
2019-05-08 17:30:00+00:00,0.17888765558994757,0.12507877260316347,668400000000
2019-05-08 17:35:00+00:00,0.13525211546857713,0.08184609395192675,668700000000
2019-05-08 17:40:00+00:00,0.10668700682938136,0.028069330745046715,669000000000
2019-05-08 17:45:00+00:00,0.1609190765145944,0.1314926287998269,669300000000
2019-05-08 17:50:00+00:00,0.1238225338118232,0.0636933051114946,669600000000
2019-05-08 17:55:00+00:00,0.15007085584955085,0.08198736771160217,669900000000
2019-05-08 18:00:00+00:00,0.0915979236457641,0.06007443923398577,670200000000
2019-05-08 18:05:00+00:00,0.14559360289969125,0.0998576976798962,670500000000
2019-05-08 18:10:00+00:00,0.1002614310873627,0.09937894447824695,670800000000
2019-05-08 18:15:00+00:00,0.13584647966347618,0.04830652480997178,671100000000
2019-05-08 18:20:00+00:00,0.11826765550013556,0.08747963747860026,671400000000
2019-05-08 18:25:00+00:00,0.09566062482871751,0.07225656877823204,671700000000
2019-05-08 18:30:00+00:00,0.10336367824179014,0.059274908727591745,672000000000
2019-05-08 18:35:00+00:00,0.12200508343286844,0.0889485239560455,672300000000
2019-05-08 18:40:00+00:00,0.10718177352337656,0.08299454446675686,672600000000
2019-05-08 18:45:00+00:00,0.11354971130703134,0.04049057108447872,672900000000
2019-05-08 18:50:00+00:00,0.1382017584884836,0.11791638521070677,673200000000
2019-05-08 18:55:00+00:00,0.06421506169463181,0.00735379195401625,673500000000
2019-05-08 19:00:00+00:00,0.12468806140066162,0.0521065112156215,673800000000
2019-05-08 19:05:00+00:00,0.09129332220137214,0.049540239848341355,674100000000
2019-05-08 19:10:00+00:00,0.0681128935523416,0.07936654639514609,674400000000
2019-05-08 19:15:00+00:00,0.05638614102307956,0.02766655201878001,674700000000
2019-05-08 19:20:00+00:00,0.07613679290783208,0.04504339794368303,675000000000
2019-05-08 19:25:00+00:00,0.09530340760704543,0.08582361664231852,675300000000
2019-05-08 19:30:00+00:00,0.07129650273768581,0.03677153879130203,675600000000
2019-05-08 19:35:00+00:00,0.10107498401502577,0.03707625615040194,675900000000
2019-05-08 19:40:00+00:00,0.038861524715641756,0.01497221812461876,676200000000
2019-05-08 19:45:00+00:00,0.06470658417689505,0.06623978718225258,676500000000
2019-05-08 19:50:00+00:00,0.0369953946820383,0.02361453675032571,676800000000
2019-05-08 19:55:00+00:00,0.06644376675903638,0.07847942523654702,677100000000
2019-05-08 20:00:00+00:00,0.07407108113528058,0.059201347206411445,677400000000
2019-05-08 20:05:00+00:00,0.04511599762452378,0.0141734198468446,677700000000
2019-05-08 20:10:00+00:00,0.0,0.0010215260893015668,678000000000
2019-05-08 20:15:00+00:00,0.0520184279829905,0.014146694426956711,678300000000
2019-05-08 20:20:00+00:00,0.054087194470902704,0.019083656069566222,678600000000
2019-05-08 20:25:00+00:00,0.05079222562247454,0.12005702039399986,678900000000
2019-05-08 20:30:00+00:00,0.06481809615180231,0.059263347891757606,679200000000
2019-05-08 20:35:00+00:00,0.016120961134965976,0.026894536461113047,679500000000
2019-05-08 20:40:00+00:00,0.04863062510047243,0.01671476875412218,679800000000
2019-05-08 20:45:00+00:00,0.05640661131788287,0.0652356481163513,680100000000
2019-05-08 20:50:00+00:00,0.0,0.021988312035858742,680400000000
2019-05-08 20:55:00+00:00,0.034152189262150696,0.05812373934444583,680700000000
2019-05-08 21:00:00+00:00,0.015350386201864559,0.04587251468908772,681000000000
2019-05-08 21:05:00+00:00,0.021528841117893157,0.0,681300000000
2019-05-08 21:10:00+00:00,0.02788970692702681,0.0,681600000000
2019-05-08 21:15:00+00:00,0.0090211242625496,0.0,681900000000
2019-05-08 21:20:00+00:00,0.0031347275044768946,0.0,682200000000
2019-05-08 21:25:00+00:00,0.015269820330273328,0.015630939483371804,682500000000
2019-05-08 21:30:00+00:00,0.0,0.0,682800000000
2019-05-08 21:35:00+00:00,0.0,0.04145197081525037,683100000000
2019-05-08 21:40:00+00:00,0.02232577012689284,0.05148905971776846,683400000000
2019-05-08 21:45:00+00:00,0.0,0.0,683700000000
2019-05-08 21:50:00+00:00,0.018456422035140745,0.05018037754408025,684000000000
2019-05-08 21:55:00+00:00,0.012667823033915018,0.03736338636515305,684300000000
2019-05-08 22:00:00+00:00,0.0,0.0,684600000000
2019-05-08 22:05:00+00:00,0.0,0.0,684900000000
2019-05-08 22:10:00+00:00,0.02252500752865867,0.009155636817980614,685200000000
2019-05-08 22:15:00+00:00,0.0,0.0,685500000000
2019-05-08 22:20:00+00:00,0.0,0.004130112502916608,685800000000
2019-05-08 22:25:00+00:00,0.00368060710823229,0.003992930002434356,686100000000
2019-05-08 22:30:00+00:00,0.008835880308959036,0.006561881363359993,686400000000
2019-05-08 22:35:00+00:00,0.0,0.01047369482758329,686700000000
2019-05-08 22:40:00+00:00,0.0,0.0,687000000000
2019-05-08 22:45:00+00:00,0.018199544476371336,0.019146932237216956,687300000000
2019-05-08 22:50:00+00:00,0.02352600621927329,0.005323280671223852,687600000000
2019-05-08 22:55:00+00:00,0.007389127302191118,0.00843312037858841,687900000000
2019-05-08 23:00:00+00:00,0.0,0.019148196904643797,688200000000
2019-05-08 23:05:00+00:00,0.0,0.0,688500000000
2019-05-08 23:10:00+00:00,0.0,0.0,688800000000
2019-05-08 23:15:00+00:00,0.0,0.0,689100000000
2019-05-08 23:20:00+00:00,0.0,0.0,689400000000
2019-05-08 23:25:00+00:00,0.011680523066542357,0.02500490376258456,689700000000
2019-05-08 23:30:00+00:00,0.0,0.0,690000000000
2019-05-08 23:35:00+00:00,0.0,0.0,690300000000
2019-05-08 23:40:00+00:00,0.003554192085141121,0.0,690600000000
2019-05-08 23:45:00+00:00,0.0,0.021841108228776034,690900000000
2019-05-08 23:50:00+00:00,0.0,0.0,691200000000
2019-05-08 23:55:00+00:00,0.0,0.009200907817671125,691500000000
2019-05-09 00:00:00+00:00,0.0219133497956793,0.05266211190200906,691800000000
2019-05-09 00:05:00+00:00,0.04424795594700974,0.025052405161194138,692100000000
2019-05-09 00:10:00+00:00,0.0,0.022241213600663147,692400000000
2019-05-09 00:15:00+00:00,0.0,0.033427081681862564,692700000000
2019-05-09 00:20:00+00:00,0.0,0.020543831200808275,693000000000
2019-05-09 00:25:00+00:00,0.0007141022285732136,9.243501758911981e-05,693300000000
2019-05-09 00:30:00+00:00,0.0,0.01284215517997227,693600000000
2019-05-09 00:35:00+00:00,0.01974722277030449,0.0,693900000000
2019-05-09 00:40:00+00:00,0.0,0.0,694200000000
2019-05-09 00:45:00+00:00,0.0,0.0,694500000000
2019-05-09 00:50:00+00:00,0.0,0.04481224240348564,694800000000
2019-05-09 00:55:00+00:00,0.0,0.0,695100000000
2019-05-09 01:00:00+00:00,0.0040566027326985644,0.0,695400000000
2019-05-09 01:05:00+00:00,0.0,0.0,695700000000
2019-05-09 01:10:00+00:00,0.0018876392073713145,0.012328818763038008,696000000000
2019-05-09 01:15:00+00:00,0.0,0.0028524278533776566,696300000000
2019-05-09 01:20:00+00:00,0.014408417189189305,0.030380229854044878,696600000000
2019-05-09 01:25:00+00:00,0.017580369770566227,0.02397341518388682,696900000000
2019-05-09 01:30:00+00:00,0.007606881937160756,0.0,697200000000
2019-05-09 01:35:00+00:00,0.028457015687922485,0.0009286540125460763,697500000000
2019-05-09 01:40:00+00:00,0.0,0.027306574965516427,697800000000
2019-05-09 01:45:00+00:00,0.01113558854861349,0.0026153882376319937,698100000000
2019-05-09 01:50:00+00:00,0.0,0.023751836360360254,698400000000
2019-05-09 01:55:00+00:00,0.0,0.0,698700000000
2019-05-09 02:00:00+00:00,0.016340277916982487,0.0,699000000000
2019-05-09 02:05:00+00:00,0.02109248383614276,0.006590274748351534,699300000000
2019-05-09 02:10:00+00:00,0.0,0.0,699600000000
2019-05-09 02:15:00+00:00,0.0062225731174563904,0.0,699900000000
2019-05-09 02:20:00+00:00,0.0,0.004018514131304919,700200000000
2019-05-09 02:25:00+00:00,0.004295503121522628,0.012809403680293987,700500000000
2019-05-09 02:30:00+00:00,0.031221328893376827,0.0,700800000000
2019-05-09 02:35:00+00:00,0.02695198341375457,0.01582382989807078,701100000000
2019-05-09 02:40:00+00:00,0.027551092404221517,0.004798340731337858,701400000000
2019-05-09 02:45:00+00:00,0.020677835955105816,0.0,701700000000
2019-05-09 02:50:00+00:00,0.022021884873267318,0.015866823306621928,702000000000
2019-05-09 02:55:00+00:00,0.010925094012678592,0.0,702300000000
2019-05-09 03:00:00+00:00,0.04041055122606791,0.05188909063257423,702600000000
2019-05-09 03:05:00+00:00,0.03720638940933593,0.046085071170622764,702900000000
2019-05-09 03:10:00+00:00,0.04102962359528391,0.04825434003601113,703200000000
2019-05-09 03:15:00+00:00,0.023119097548304254,0.003973254619176515,703500000000
2019-05-09 03:20:00+00:00,0.0,0.0,703800000000
2019-05-09 03:25:00+00:00,0.06062397785190892,0.038014985298907664,704100000000
2019-05-09 03:30:00+00:00,0.0316923698618569,0.016008454591388797,704400000000
2019-05-09 03:35:00+00:00,0.02664525968682172,0.003810692563625734,704700000000
2019-05-09 03:40:00+00:00,0.060444223896733706,0.012751845404700993,705000000000
2019-05-09 03:45:00+00:00,0.04144921224867708,0.024039167963844813,705300000000
2019-05-09 03:50:00+00:00,0.07324267531779724,0.03586421618562888,705600000000
2019-05-09 03:55:00+00:00,0.06717690804523341,0.05407308556790044,705900000000
2019-05-09 04:00:00+00:00,0.07133805313067648,0.05610495290883548,706200000000
2019-05-09 04:05:00+00:00,0.033213125993636475,0.041943871704636225,706500000000
2019-05-09 04:10:00+00:00,0.08767103216691659,0.027416708262549185,706800000000
2019-05-09 04:15:00+00:00,0.07159004042515894,0.050975190408968016,707100000000
2019-05-09 04:20:00+00:00,0.06194394017619234,0.02261704998104196,707400000000
2019-05-09 04:25:00+00:00,0.07519187697914503,0.020706841971265322,707700000000
2019-05-09 04:30:00+00:00,0.03982278048726908,0.015321623553387245,708000000000
2019-05-09 04:35:00+00:00,0.08657123937594643,0.07331684322826021,708300000000
2019-05-09 04:40:00+00:00,0.06088732611528582,0.029086028597761805,708600000000
2019-05-09 04:45:00+00:00,0.05752234115432095,0.06582249789177481,708900000000
2019-05-09 04:50:00+00:00,0.057252501905556405,0.045329071453740516,709200000000
2019-05-09 04:55:00+00:00,0.11309885983959421,0.059977506324144975,709500000000
2019-05-09 05:00:00+00:00,0.08142520869409894,0.07205609379458754,709800000000
2019-05-09 05:05:00+00:00,0.1278688925716262,0.08562927098526144,710100000000
2019-05-09 05:10:00+00:00,0.0896791397593491,0.03515629608667535,710400000000
2019-05-09 05:15:00+00:00,0.06946429254572166,0.0788546282390433,710700000000
2019-05-09 05:20:00+00:00,0.08451117343987538,0.055896280525654755,711000000000
2019-05-09 05:25:00+00:00,0.1348005022494277,0.08125622518936644,711300000000
2019-05-09 05:30:00+00:00,0.11021977427492466,0.049021211166842465,711600000000
2019-05-09 05:35:00+00:00,0.10563477839794838,0.08697163239092379,711900000000
2019-05-09 05:40:00+00:00,0.12307144754935041,0.08418837707683638,712200000000
2019-05-09 05:45:00+00:00,0.1331835186721622,0.09249487480920213,712500000000
2019-05-09 05:50:00+00:00,0.1487772904354709,0.07911574739076717,712800000000
2019-05-09 05:55:00+00:00,0.1586838629537847,0.11189232921047218,713100000000
2019-05-09 06:00:00+00:00,0.125804627084218,0.09371904812194683,713400000000
2019-05-09 06:05:00+00:00,0.1097651679224314,0.05248353597783639,713700000000
2019-05-09 06:10:00+00:00,0.1313013826601122,0.0504410268024475,714000000000
2019-05-09 06:15:00+00:00,0.14805774618284587,0.10046210889648599,714300000000
2019-05-09 06:20:00+00:00,0.12685373844349151,0.04464530407398011,714600000000
2019-05-09 06:25:00+00:00,0.1302564573743382,0.0811941899813585,714900000000
2019-05-09 06:30:00+00:00,0.15953801979733806,0.08677790978265669,715200000000
2019-05-09 06:35:00+00:00,0.1549426831192994,0.11733891408735805,715500000000
2019-05-09 06:40:00+00:00,0.15981427766938155,0.08803168878628478,715800000000
2019-05-09 06:45:00+00:00,0.14721864160841744,0.11047664440512654,716100000000
2019-05-09 06:50:00+00:00,0.16099681669548802,0.08631390113003228,716400000000
2019-05-09 06:55:00+00:00,0.15032099874133714,0.11019241934599451,716700000000
2019-05-09 07:00:00+00:00,0.18979349165453943,0.1550829258694603,717000000000
2019-05-09 07:05:00+00:00,0.19585989435467874,0.09615499384548243,717300000000
2019-05-09 07:10:00+00:00,0.14137655712532332,0.09066664870981214,717600000000
2019-05-09 07:15:00+00:00,0.1628340359249586,0.15267606987317645,717900000000
2019-05-09 07:20:00+00:00,0.15459465861927063,0.09408857170962082,718200000000
2019-05-09 07:25:00+00:00,0.17460133816552847,0.10599656830391005,718500000000
2019-05-09 07:30:00+00:00,0.1889837554589558,0.12916023222239387,718800000000
2019-05-09 07:35:00+00:00,0.16468298797372885,0.0996314100661324,719100000000
2019-05-09 07:40:00+00:00,0.17823332077637585,0.07279547257441446,719400000000
2019-05-09 07:45:00+00:00,0.28526758196711194,0.19380629667704594,719700000000
2019-05-09 07:50:00+00:00,0.20671319412878886,0.08396894819996945,720000000000
2019-05-09 07:55:00+00:00,0.2068546465230764,0.115776954891079,720300000000
2019-05-09 08:00:00+00:00,0.19389858226658746,0.14048766434308543,720600000000
2019-05-09 08:05:00+00:00,0.21469962838908802,0.12168892846059708,720900000000
2019-05-09 08:10:00+00:00,0.20302245067138847,0.107939540553545,721200000000
2019-05-09 08:15:00+00:00,0.21127743274641878,0.14435173775118249,721500000000
2019-05-09 08:20:00+00:00,0.2528943961475164,0.1347143419518221,721800000000
2019-05-09 08:25:00+00:00,0.2489084460681215,0.12490055324903383,722100000000
2019-05-09 08:30:00+00:00,0.1987392562794226,0.12473383351751922,722400000000
2019-05-09 08:35:00+00:00,0.24391372474074804,0.142689768876197,722700000000
2019-05-09 08:40:00+00:00,0.24609051698725687,0.12278084790857727,723000000000
2019-05-09 08:45:00+00:00,0.20939493982329133,0.1383760146938722,723300000000
2019-05-09 08:50:00+00:00,0.25118630623966803,0.1600015358553455,723600000000
2019-05-09 08:55:00+00:00,0.2679717078467017,0.15358792437590837,723900000000
2019-05-09 09:00:00+00:00,0.21711512105309339,0.12444243250935709,724200000000
2019-05-09 09:05:00+00:00,0.22351842677756603,0.14351891090672275,724500000000
2019-05-09 09:10:00+00:00,0.2644726076361659,0.18249079297674087,724800000000
2019-05-09 09:15:00+00:00,0.25174754400502597,0.14539266220082908,725100000000
2019-05-09 09:20:00+00:00,0.2594917475281921,0.16878881837707815,725400000000
2019-05-09 09:25:00+00:00,0.25736390123638636,0.1657223450835238,725700000000
2019-05-09 09:30:00+00:00,0.26040025279558143,0.1738262975315284,726000000000
2019-05-09 09:35:00+00:00,0.2280344702961226,0.13760686615254286,726300000000
2019-05-09 09:40:00+00:00,0.27743027188688874,0.1482116528508061,726600000000
2019-05-09 09:45:00+00:00,0.2817372416939368,0.1597923619523627,726900000000
2019-05-09 09:50:00+00:00,0.25555979087946096,0.16019294384330954,727200000000
2019-05-09 09:55:00+00:00,0.2610200193824426,0.19298129919709742,727500000000
2019-05-09 10:00:00+00:00,0.2329483271832178,0.1300886038460051,727800000000
2019-05-09 10:05:00+00:00,0.2754746640320379,0.18138054728977074,728100000000
2019-05-09 10:10:00+00:00,0.2781872182554603,0.16035120193974095,728400000000
2019-05-09 10:15:00+00:00,0.26699542422324984,0.1624066296516726,728700000000
2019-05-09 10:20:00+00:00,0.29215545747512944,0.20560120947034952,729000000000
2019-05-09 10:25:00+00:00,0.2643512883594292,0.17389662464406622,729300000000
2019-05-09 10:30:00+00:00,0.2836240483945646,0.14534844358191962,729600000000
2019-05-09 10:35:00+00:00,0.2531717825074662,0.1404535690282479,729900000000
2019-05-09 10:40:00+00:00,0.2742606278781789,0.18968080361573453,730200000000
2019-05-09 10:45:00+00:00,0.2723441009328756,0.16624402141229527,730500000000
2019-05-09 10:50:00+00:00,0.28136925660860834,0.1458447515728477,730800000000
2019-05-09 10:55:00+00:00,0.2704363840256664,0.1458827815159254,731100000000
2019-05-09 11:00:00+00:00,0.27609275536326017,0.17972552367217953,731400000000
2019-05-09 11:05:00+00:00,0.29606947612304163,0.19752989129817755,731700000000
2019-05-09 11:10:00+00:00,0.2715702274343367,0.16329924249024547,732000000000
2019-05-09 11:15:00+00:00,0.24886125004571075,0.1988230260461485,732300000000
2019-05-09 11:20:00+00:00,0.3166017299248284,0.20644408522400978,732600000000
2019-05-09 11:25:00+00:00,0.30978608592175144,0.18100203016039285,732900000000
2019-05-09 11:30:00+00:00,0.25678814197062577,0.13775876422038857,733200000000
2019-05-09 11:35:00+00:00,0.2968331623938073,0.15860221134350355,733500000000
2019-05-09 11:40:00+00:00,0.2733141537471793,0.17069691865791498,733800000000
2019-05-09 11:45:00+00:00,0.28890691612574504,0.16356860877717888,734100000000
2019-05-09 11:50:00+00:00,0.2897139380397707,0.2073032379035309,734400000000
2019-05-09 11:55:00+00:00,0.27926225916677105,0.1968835915584198,734700000000
2019-05-09 12:00:00+00:00,0.2683246866882721,0.1736561429629078,735000000000
2019-05-09 12:05:00+00:00,0.27016737190455004,0.1385204996835921,735300000000
2019-05-09 12:10:00+00:00,0.2655611727054316,0.14589232617221087,735600000000
2019-05-09 12:15:00+00:00,0.26708406098784826,0.185363987107531,735900000000
2019-05-09 12:20:00+00:00,0.28214119446833036,0.15802339268509616,736200000000
2019-05-09 12:25:00+00:00,0.2688626953955775,0.18376045191573698,736500000000
2019-05-09 12:30:00+00:00,0.29644110385365735,0.18735674077288964,736800000000
2019-05-09 12:35:00+00:00,0.31209637189910505,0.18829218083572677,737100000000
2019-05-09 12:40:00+00:00,0.27023120923554156,0.1480820692826161,737400000000
2019-05-09 12:45:00+00:00,0.2860308820711923,0.16973365237222035,737700000000
2019-05-09 12:50:00+00:00,0.29057699216293775,0.17813915439526062,738000000000
2019-05-09 12:55:00+00:00,0.2892941336681526,0.194227258166914,738300000000
2019-05-09 13:00:00+00:00,0.28057464596834886,0.15063007556833422,738600000000
2019-05-09 13:05:00+00:00,0.2930416820806394,0.17056867239786136,738900000000
2019-05-09 13:10:00+00:00,0.28689696611029164,0.17303464230482068,739200000000
2019-05-09 13:15:00+00:00,0.2514946043110534,0.16415032974035534,739500000000
2019-05-09 13:20:00+00:00,0.292559236627894,0.15736625522628087,739800000000
2019-05-09 13:25:00+00:00,0.29178310824886555,0.14873846909157504,740100000000
2019-05-09 13:30:00+00:00,0.2575662077931215,0.1680190277100739,740400000000
2019-05-09 13:35:00+00:00,0.27231936746575836,0.13303263818052097,740700000000
2019-05-09 13:40:00+00:00,0.2838905256894973,0.19603390970894174,741000000000
2019-05-09 13:45:00+00:00,0.26463630150498313,0.1556632589533317,741300000000
2019-05-09 13:50:00+00:00,0.28881674148760933,0.14233942324707666,741600000000
2019-05-09 13:55:00+00:00,0.3131059076929583,0.17825514022770508,741900000000
2019-05-09 14:00:00+00:00,0.2485174232482998,0.1566929266103646,742200000000
2019-05-09 14:05:00+00:00,0.2349631107600888,0.13032384470495373,742500000000
2019-05-09 14:10:00+00:00,0.26694619989514196,0.16056831491357212,742800000000
2019-05-09 14:15:00+00:00,0.27352669194790485,0.17891758248284864,743100000000
2019-05-09 14:20:00+00:00,0.25264436805534224,0.14754281412545295,743400000000
2019-05-09 14:25:00+00:00,0.2844346816843211,0.15191965548126998,743700000000
2019-05-09 14:30:00+00:00,0.226647551715887,0.13000885108209537,744000000000
2019-05-09 14:35:00+00:00,0.2652716004801204,0.18745976301725742,744300000000
2019-05-09 14:40:00+00:00,0.23723389449711335,0.1760416236049317,744600000000
2019-05-09 14:45:00+00:00,0.2816218625793264,0.12857459406875033,744900000000
2019-05-09 14:50:00+00:00,0.28491412980710407,0.19276903606809198,745200000000
2019-05-09 14:55:00+00:00,0.22750757366440813,0.14150749851935202,745500000000
2019-05-09 15:00:00+00:00,0.2295748744598108,0.15622457825828948,745800000000
2019-05-09 15:05:00+00:00,0.2554326049958261,0.14224979779214306,746100000000
2019-05-09 15:10:00+00:00,0.22812369592433693,0.10150894736457244,746400000000
2019-05-09 15:15:00+00:00,0.2325353145730323,0.15121096451676863,746700000000
2019-05-09 15:20:00+00:00,0.23148146541938525,0.12006933402597682,747000000000
2019-05-09 15:25:00+00:00,0.1900645021481004,0.08627285265916318,747300000000
2019-05-09 15:30:00+00:00,0.22562079276275734,0.10900444800818507,747600000000
2019-05-09 15:35:00+00:00,0.20949911399547644,0.13771774404559253,747900000000
2019-05-09 15:40:00+00:00,0.21078512011577255,0.12926012139004747,748200000000
2019-05-09 15:45:00+00:00,0.24683317502231705,0.16374922545088372,748500000000
2019-05-09 15:50:00+00:00,0.1901036922553274,0.12744372044312371,748800000000
2019-05-09 15:55:00+00:00,0.22873287023681613,0.12882105085041437,749100000000
2019-05-09 16:00:00+00:00,0.20408740806003162,0.12104297335846985,749400000000
2019-05-09 16:05:00+00:00,0.2012336675235477,0.11051144993847783,749700000000
2019-05-09 16:10:00+00:00,0.2197641743507341,0.1276519491531306,750000000000
2019-05-09 16:15:00+00:00,0.20785266275756223,0.10536650289491602,750300000000
2019-05-09 16:20:00+00:00,0.20952722142771826,0.13352601873411765,750600000000
2019-05-09 16:25:00+00:00,0.21451180780057993,0.15020949965998306,750900000000
2019-05-09 16:30:00+00:00,0.18552634719109762,0.09498354771823883,751200000000
2019-05-09 16:35:00+00:00,0.17688485994128933,0.13175630887280046,751500000000
2019-05-09 16:40:00+00:00,0.16437778874547287,0.10089710317684256,751800000000
2019-05-09 16:45:00+00:00,0.1664993758625621,0.10472120504565353,752100000000
2019-05-09 16:50:00+00:00,0.2388933139873709,0.10934739800027217,752400000000
2019-05-09 16:55:00+00:00,0.20168738816382942,0.08486718670698296,752700000000
2019-05-09 17:00:00+00:00,0.146634702774551,0.09086314892032424,753000000000
2019-05-09 17:05:00+00:00,0.1440509469362774,0.10222521065440658,753300000000
2019-05-09 17:10:00+00:00,0.17696437443619753,0.09275101578881946,753600000000
2019-05-09 17:15:00+00:00,0.17508384424997933,0.13845218456164937,753900000000
2019-05-09 17:20:00+00:00,0.17191379224527706,0.11784699483225254,754200000000
2019-05-09 17:25:00+00:00,0.15262216983519222,0.07340647686695563,754500000000
2019-05-09 17:30:00+00:00,0.15198651029961685,0.09180887952084024,754800000000
2019-05-09 17:35:00+00:00,0.1578181772665384,0.14422948903439128,755100000000
2019-05-09 17:40:00+00:00,0.14973566598246035,0.06499011953348209,755400000000
2019-05-09 17:45:00+00:00,0.10038279526290422,0.07079507593604464,755700000000
2019-05-09 17:50:00+00:00,0.13691913771551945,0.07569659157484482,756000000000
2019-05-09 17:55:00+00:00,0.12123021518108924,0.08687605492702379,756300000000
2019-05-09 18:00:00+00:00,0.13850422837817003,0.10844800995326964,756600000000
2019-05-09 18:05:00+00:00,0.1914468361857733,0.10714335993723663,756900000000
2019-05-09 18:10:00+00:00,0.13583450298246338,0.10387894722362151,757200000000
2019-05-09 18:15:00+00:00,0.11896060355869778,0.11580043002065789,757500000000
2019-05-09 18:20:00+00:00,0.14041822418295302,0.0855764292566565,757800000000
2019-05-09 18:25:00+00:00,0.12839317096083466,0.0927336763263845,758100000000
2019-05-09 18:30:00+00:00,0.12390629430936367,0.0625349611815527,758400000000
2019-05-09 18:35:00+00:00,0.12441572615804894,0.07503462187545361,758700000000
2019-05-09 18:40:00+00:00,0.15019475575766272,0.08658335160043279,759000000000
2019-05-09 18:45:00+00:00,0.08324368299106337,0.06588492830780994,759300000000
2019-05-09 18:50:00+00:00,0.11214558833440302,0.09138087171578033,759600000000
2019-05-09 18:55:00+00:00,0.08097227132922108,0.04639026581518346,759900000000
2019-05-09 19:00:00+00:00,0.10745406282813412,0.09514489461153894,760200000000
2019-05-09 19:05:00+00:00,0.07483247322118503,0.0755004327639436,760500000000
2019-05-09 19:10:00+00:00,0.08174123824670254,0.06598181781161955,760800000000
2019-05-09 19:15:00+00:00,0.08109061525310127,0.03833383851742619,761100000000
2019-05-09 19:20:00+00:00,0.10343553511026593,0.049824744731361496,761400000000
2019-05-09 19:25:00+00:00,0.09923949424740455,0.043296069454641956,761700000000
2019-05-09 19:30:00+00:00,0.05293313761630982,0.05074320397454911,762000000000
2019-05-09 19:35:00+00:00,0.07595056763007582,0.02133497642825821,762300000000
2019-05-09 19:40:00+00:00,0.057693441421690486,0.04815281793523444,762600000000
2019-05-09 19:45:00+00:00,0.04377826492031045,0.004644771995704011,762900000000
2019-05-09 19:50:00+00:00,0.061702922561813305,0.05349267593392745,763200000000
2019-05-09 19:55:00+00:00,0.05700147333742066,0.034545275657063605,763500000000
2019-05-09 20:00:00+00:00,0.10886766306024413,0.09199336907334303,763800000000
2019-05-09 20:05:00+00:00,0.0661904300053588,0.06254334956964071,764100000000
2019-05-09 20:10:00+00:00,0.027213819844003267,0.04502960014644419,764400000000
2019-05-09 20:15:00+00:00,0.04074398496364089,0.05366276534396679,764700000000
2019-05-09 20:20:00+00:00,0.06978008934482051,0.04474067028665626,765000000000
2019-05-09 20:25:00+00:00,0.08847518598063912,0.029909250259891378,765300000000
2019-05-09 20:30:00+00:00,0.012382786070599242,0.0,765600000000
2019-05-09 20:35:00+00:00,0.003943547025166069,0.0,765900000000
2019-05-09 20:40:00+00:00,0.07644560649889995,0.024194047230778094,766200000000
2019-05-09 20:45:00+00:00,0.04434874461574148,0.02798571992353787,766500000000
2019-05-09 20:50:00+00:00,0.016767836442346674,0.0,766800000000
2019-05-09 20:55:00+00:00,0.04245173446621987,0.021868328591534897,767100000000
2019-05-09 21:00:00+00:00,0.0,0.009854308389228019,767400000000
2019-05-09 21:05:00+00:00,0.027226804711869314,0.010254777665806427,767700000000
2019-05-09 21:10:00+00:00,0.0314926007131211,0.0,768000000000
2019-05-09 21:15:00+00:00,0.04125109833557729,0.02368598565007773,768300000000
2019-05-09 21:20:00+00:00,0.0003709700418584212,0.0,768600000000
2019-05-09 21:25:00+00:00,0.02030051520857938,0.006764579185566367,768900000000
2019-05-09 21:30:00+00:00,0.0,0.02685553928846007,769200000000
2019-05-09 21:35:00+00:00,0.01973820669558628,0.006432817935428275,769500000000
2019-05-09 21:40:00+00:00,0.0,0.0354191510669549,769800000000
2019-05-09 21:45:00+00:00,0.0027425413714139563,0.03027824456160777,770100000000
2019-05-09 21:50:00+00:00,0.0,0.0,770400000000
2019-05-09 21:55:00+00:00,0.02043872201330972,0.0,770700000000
2019-05-09 22:00:00+00:00,0.022931878432134678,0.012708043820876938,771000000000
2019-05-09 22:05:00+00:00,0.0,0.023066555267937782,771300000000
2019-05-09 22:10:00+00:00,0.0034075793669123156,0.0,771600000000
2019-05-09 22:15:00+00:00,0.0,0.01816180596524278,771900000000
2019-05-09 22:20:00+00:00,0.0,0.024168799782721764,772200000000
2019-05-09 22:25:00+00:00,0.0,0.0,772500000000
2019-05-09 22:30:00+00:00,0.04958393194390666,0.016229337400572252,772800000000
2019-05-09 22:35:00+00:00,0.0,0.014253240642540138,773100000000
2019-05-09 22:40:00+00:00,0.024107429434940437,0.017501408653795673,773400000000
2019-05-09 22:45:00+00:00,0.013689322711717012,0.0,773700000000
2019-05-09 22:50:00+00:00,0.0,0.0,774000000000
2019-05-09 22:55:00+00:00,0.02698437597045788,0.014780234527726342,774300000000
2019-05-09 23:00:00+00:00,0.0,0.0,774600000000
2019-05-09 23:05:00+00:00,0.0,0.015312862129653904,774900000000
2019-05-09 23:10:00+00:00,0.0,0.0,775200000000
2019-05-09 23:15:00+00:00,0.013228585587888097,0.0,775500000000
2019-05-09 23:20:00+00:00,0.010097110613275548,0.005580847001776274,775800000000
2019-05-09 23:25:00+00:00,0.0,0.0,776100000000
2019-05-09 23:30:00+00:00,0.0,0.033776443846053536,776400000000
2019-05-09 23:35:00+00:00,0.0,0.0,776700000000
2019-05-09 23:40:00+00:00,0.0,0.0,777000000000
2019-05-09 23:45:00+00:00,0.0,0.010158653399240318,777300000000
2019-05-09 23:50:00+00:00,0.010863751678626354,0.0,777600000000
2019-05-09 23:55:00+00:00,0.0,0.0,777900000000
2019-05-10 00:00:00+00:00,0.0,0.010190027656488118,778200000000
2019-05-10 00:05:00+00:00,0.0,0.0,778500000000
2019-05-10 00:10:00+00:00,0.0031391621846047664,0.0,778800000000
2019-05-10 00:15:00+00:00,0.0,0.03451996004188674,779100000000
2019-05-10 00:20:00+00:00,0.0,0.011589974752012898,779400000000
2019-05-10 00:25:00+00:00,0.0,0.0,779700000000
2019-05-10 00:30:00+00:00,0.011368183255798879,0.006751365759440607,780000000000
2019-05-10 00:35:00+00:00,0.0,0.010117287162323121,780300000000
2019-05-10 00:40:00+00:00,0.0,0.019466748992268416,780600000000
2019-05-10 00:45:00+00:00,0.40834022375447726,0.22988462842638613,780900000000
2019-05-10 00:50:00+00:00,0.05837499742351409,0.0423479289734221,781200000000
2019-05-10 00:55:00+00:00,0.0,0.0,781500000000
2019-05-10 01:00:00+00:00,0.0,0.0,781800000000
2019-05-10 01:05:00+00:00,0.0,0.0032138573492980923,782100000000
2019-05-10 01:10:00+00:00,0.0,0.0,782400000000
2019-05-10 01:15:00+00:00,0.0,0.014711337966051436,782700000000
2019-05-10 01:20:00+00:00,0.013209653042078412,0.017667523007558927,783000000000
2019-05-10 01:25:00+00:00,0.021932431544265326,0.0,783300000000
2019-05-10 01:30:00+00:00,0.010698509950096831,0.0,783600000000
2019-05-10 01:35:00+00:00,0.0,0.0,783900000000
2019-05-10 01:40:00+00:00,0.0,0.0365725052488365,784200000000
2019-05-10 01:45:00+00:00,0.0016303291321736063,0.0,784500000000
2019-05-10 01:50:00+00:00,0.015229818370060016,0.004973436829780951,784800000000
2019-05-10 01:55:00+00:00,0.018177240862679613,0.00017942397847733015,785100000000
2019-05-10 02:00:00+00:00,0.0,0.0,785400000000
2019-05-10 02:05:00+00:00,0.00975035274955162,0.009415006527832084,785700000000
2019-05-10 02:10:00+00:00,0.01899800233148235,0.039414346922802435,786000000000
2019-05-10 02:15:00+00:00,0.04077100459755305,0.03358197075614361,786300000000
2019-05-10 02:20:00+00:00,0.02760621304203434,0.0004931085966787575,786600000000
2019-05-10 02:25:00+00:00,0.03121722088516581,0.07379492274716362,786900000000
2019-05-10 02:30:00+00:00,0.019090198181568256,0.01302558332816347,787200000000
2019-05-10 02:35:00+00:00,0.0476570659956933,0.017049820469773713,787500000000
2019-05-10 02:40:00+00:00,0.02973303389578655,0.04608174783102372,787800000000
2019-05-10 02:45:00+00:00,0.006460604008014473,0.0,788100000000
2019-05-10 02:50:00+00:00,0.05394802110320686,0.06562708576167298,788400000000
2019-05-10 02:55:00+00:00,0.04208958225292806,0.007840893532423503,788700000000
2019-05-10 03:00:00+00:00,0.07977228069492996,0.07646397619538536,789000000000
2019-05-10 03:05:00+00:00,0.06975641380994779,0.045874801571602564,789300000000
2019-05-10 03:10:00+00:00,0.07604026451553214,0.07144520336336796,789600000000
2019-05-10 03:15:00+00:00,0.07018316162520022,0.08014521114915102,789900000000
2019-05-10 03:20:00+00:00,0.05572309507429498,0.010781711234151909,790200000000
2019-05-10 03:25:00+00:00,0.04890709708569347,0.054859694666582526,790500000000
2019-05-10 03:30:00+00:00,0.07926826647355342,0.019382881795623957,790800000000
2019-05-10 03:35:00+00:00,0.06933163801238183,0.020655295702464528,791100000000
2019-05-10 03:40:00+00:00,0.05438735748375429,0.016564225294403833,791400000000
2019-05-10 03:45:00+00:00,0.07211567666240842,0.053342138721002276,791700000000
2019-05-10 03:50:00+00:00,0.035393469566314006,0.021896399278485596,792000000000
2019-05-10 03:55:00+00:00,0.0667953300526356,0.03673447634832464,792300000000
2019-05-10 04:00:00+00:00,0.09785279366132726,0.06163638177724357,792600000000
2019-05-10 04:05:00+00:00,0.060171322309798735,0.047928585171748694,792900000000
2019-05-10 04:10:00+00:00,0.05047947388680686,0.043652646810911175,793200000000
2019-05-10 04:15:00+00:00,0.05732325202862154,0.05627728792947555,793500000000
2019-05-10 04:20:00+00:00,0.05153682221426954,0.06732278958391053,793800000000
2019-05-10 04:25:00+00:00,0.060628869469746896,0.035950074233018596,794100000000
2019-05-10 04:30:00+00:00,0.07193732317343486,0.03274061466144259,794400000000
2019-05-10 04:35:00+00:00,0.05428684276276015,0.04484282824135985,794700000000
2019-05-10 04:40:00+00:00,0.08578712295791928,0.028587177449459163,795000000000
2019-05-10 04:45:00+00:00,0.10662129034692558,0.05039869156592312,795300000000
2019-05-10 04:50:00+00:00,0.07354456202697579,0.06411435614404126,795600000000
2019-05-10 04:55:00+00:00,0.12523077081263004,0.07265589499122393,795900000000
2019-05-10 05:00:00+00:00,0.10822631833850556,0.04077194183594255,796200000000
2019-05-10 05:05:00+00:00,0.12180595008577629,0.043287508744162276,796500000000
2019-05-10 05:10:00+00:00,0.09123847794335226,0.0557174203538875,796800000000
2019-05-10 05:15:00+00:00,0.12470195623891285,0.0976591044827079,797100000000
2019-05-10 05:20:00+00:00,0.08900298423094331,0.07597270608918971,797400000000
2019-05-10 05:25:00+00:00,0.13188921986601904,0.08135114197746816,797700000000
2019-05-10 05:30:00+00:00,0.1207745246295286,0.1126429031596397,798000000000
2019-05-10 05:35:00+00:00,0.13166554872745603,0.07690292191766436,798300000000
2019-05-10 05:40:00+00:00,0.10035919091979864,0.057444162083930966,798600000000
2019-05-10 05:45:00+00:00,0.1092464671032802,0.014199162067188117,798900000000
2019-05-10 05:50:00+00:00,0.14237387848248825,0.07647706810626864,799200000000
2019-05-10 05:55:00+00:00,0.11474691827144215,0.08588845166103518,799500000000
2019-05-10 06:00:00+00:00,0.14626412584198215,0.11903770224238336,799800000000
2019-05-10 06:05:00+00:00,0.1129433655148672,0.05116132663557463,800100000000
2019-05-10 06:10:00+00:00,0.16053417013591106,0.10556554866740761,800400000000
2019-05-10 06:15:00+00:00,0.12220166975581795,0.09425858249995651,800700000000
2019-05-10 06:20:00+00:00,0.16117491572129308,0.09692911249669382,801000000000
2019-05-10 06:25:00+00:00,0.16591209434515794,0.05388164745655016,801300000000
2019-05-10 06:30:00+00:00,0.14272682579774884,0.09058189547013434,801600000000
2019-05-10 06:35:00+00:00,0.171556261492404,0.11816236937666025,801900000000
2019-05-10 06:40:00+00:00,0.16836718302782197,0.08207185191632399,802200000000
2019-05-10 06:45:00+00:00,0.155611711178563,0.08828393608965006,802500000000
2019-05-10 06:50:00+00:00,0.14943373729807916,0.06655032153627222,802800000000
2019-05-10 06:55:00+00:00,0.13355314779325161,0.028728937704343906,803100000000
2019-05-10 07:00:00+00:00,0.18298252437803852,0.13032960286257625,803400000000
2019-05-10 07:05:00+00:00,0.14785885223296358,0.08864034066374112,803700000000
2019-05-10 07:10:00+00:00,0.18420719835891133,0.14247781894944644,804000000000
2019-05-10 07:15:00+00:00,0.1801552888071618,0.12523961712242063,804300000000
2019-05-10 07:20:00+00:00,0.20210809922983505,0.11418066430459205,804600000000
2019-05-10 07:25:00+00:00,0.18556090686386814,0.1096729309162327,804900000000
2019-05-10 07:30:00+00:00,0.18806355912782116,0.12416168329209615,805200000000
2019-05-10 07:35:00+00:00,0.21231330645346533,0.14672565220719408,805500000000
2019-05-10 07:40:00+00:00,0.20737167762056347,0.1308764191871783,805800000000
2019-05-10 07:45:00+00:00,0.20995808934317128,0.14808671651169245,806100000000
2019-05-10 07:50:00+00:00,0.21595319933698046,0.12363854486869885,806400000000
2019-05-10 07:55:00+00:00,0.17875631731821015,0.08731091945521235,806700000000
2019-05-10 08:00:00+00:00,0.22746910693307307,0.1351852790886212,807000000000
2019-05-10 08:05:00+00:00,0.22741258682657298,0.14055124991066745,807300000000
2019-05-10 08:10:00+00:00,0.19762238979160382,0.09454272598017655,807600000000
2019-05-10 08:15:00+00:00,0.21582892547945576,0.102762913604741,807900000000
2019-05-10 08:20:00+00:00,0.22263920858899303,0.14253125108286435,808200000000
2019-05-10 08:25:00+00:00,0.22340928934427987,0.12591843657915944,808500000000
2019-05-10 08:30:00+00:00,0.23540808034934524,0.1379280300963671,808800000000
2019-05-10 08:35:00+00:00,0.5024387401683815,0.2942693907870125,809100000000
2019-05-10 08:40:00+00:00,0.25549792045088077,0.1837107703057927,809400000000
2019-05-10 08:45:00+00:00,0.21011582172971477,0.15130471624572886,809700000000
2019-05-10 08:50:00+00:00,0.25125215317069177,0.1260042181016317,810000000000
2019-05-10 08:55:00+00:00,0.2677917358691596,0.1500191772598868,810300000000
2019-05-10 09:00:00+00:00,0.2513021875917664,0.16778139791445174,810600000000
2019-05-10 09:05:00+00:00,0.26768809170157065,0.17265157976300724,810900000000
2019-05-10 09:10:00+00:00,0.2883647872133111,0.17218971308139094,811200000000
2019-05-10 09:15:00+00:00,0.27079182871065266,0.13972309312710687,811500000000
2019-05-10 09:20:00+00:00,0.25744839393623686,0.1408182354386712,811800000000
2019-05-10 09:25:00+00:00,0.2754538863900721,0.1549369804831175,812100000000
2019-05-10 09:30:00+00:00,0.2594840910389557,0.16123034124575542,812400000000
2019-05-10 09:35:00+00:00,0.25904197372804333,0.18949972733077075,812700000000
2019-05-10 09:40:00+00:00,0.2534556330401845,0.1383357751283481,813000000000
2019-05-10 09:45:00+00:00,0.2936137090220235,0.15564752046210928,813300000000
2019-05-10 09:50:00+00:00,0.2477790324419815,0.14649568992863002,813600000000
2019-05-10 09:55:00+00:00,0.2965369128722822,0.1985569273336505,813900000000
2019-05-10 10:00:00+00:00,0.2775677597091391,0.1376029964902694,814200000000
2019-05-10 10:05:00+00:00,0.24120344541564234,0.17379475026688437,814500000000
2019-05-10 10:10:00+00:00,0.2780990552810058,0.1634188059262901,814800000000
2019-05-10 10:15:00+00:00,0.23023871441020397,0.1234568285998549,815100000000
2019-05-10 10:20:00+00:00,0.28617855061434055,0.13970334463336115,815400000000
2019-05-10 10:25:00+00:00,0.2927374626388074,0.18977289305169698,815700000000
2019-05-10 10:30:00+00:00,0.26448481076365155,0.15526746255336024,816000000000
2019-05-10 10:35:00+00:00,0.28003602320042015,0.17143572357534223,816300000000
2019-05-10 10:40:00+00:00,0.31781481957066976,0.1726726569221746,816600000000
2019-05-10 10:45:00+00:00,0.2697162520056936,0.1554478305183957,816900000000
2019-05-10 10:50:00+00:00,0.2596849464266575,0.14607934292889974,817200000000
2019-05-10 10:55:00+00:00,0.3114601906515852,0.18486425228338696,817500000000
2019-05-10 11:00:00+00:00,0.32197395108730914,0.17979332412486926,817800000000
2019-05-10 11:05:00+00:00,0.28362244613116816,0.13948984846495646,818100000000
2019-05-10 11:10:00+00:00,0.3045347728872681,0.237290858638293,818400000000
2019-05-10 11:15:00+00:00,0.3118223103711022,0.15982530127591102,818700000000
2019-05-10 11:20:00+00:00,0.2707603671899521,0.16608540045282202,819000000000
2019-05-10 11:25:00+00:00,0.6250487192829745,0.33958867500130385,819300000000
2019-05-10 11:30:00+00:00,0.6040730647154404,0.32250289009690475,819600000000
2019-05-10 11:35:00+00:00,0.5577858173798989,0.3366280202649847,819900000000
2019-05-10 11:40:00+00:00,0.4799021388157363,0.2914286350448078,820200000000
2019-05-10 11:45:00+00:00,0.39553610414034324,0.26255164230025363,820500000000
2019-05-10 11:50:00+00:00,0.3972902440219677,0.24636508323349474,820800000000
2019-05-10 11:55:00+00:00,0.2773309972168582,0.1634023839551991,821100000000
2019-05-10 12:00:00+00:00,0.281297244376571,0.1497863417446425,821400000000
2019-05-10 12:05:00+00:00,0.2948249496406677,0.2068752111490716,821700000000
2019-05-10 12:10:00+00:00,0.31896821942935194,0.20995795657861566,822000000000
2019-05-10 12:15:00+00:00,0.30480002468350176,0.15795342525513256,822300000000
2019-05-10 12:20:00+00:00,0.29578207027655573,0.17822851673014614,822600000000
2019-05-10 12:25:00+00:00,0.2964436657801546,0.18074724409862267,822900000000
2019-05-10 12:30:00+00:00,0.28767035591227424,0.16568914041525115,823200000000
2019-05-10 12:35:00+00:00,0.2975142390827565,0.1939455531657898,823500000000
2019-05-10 12:40:00+00:00,0.23524107250905618,0.15777930627239725,823800000000
2019-05-10 12:45:00+00:00,0.27931064287908886,0.1637766717713512,824100000000
2019-05-10 12:50:00+00:00,0.2894097286552147,0.16802845227717564,824400000000
2019-05-10 12:55:00+00:00,0.260833806577377,0.18647945319977682,824700000000
2019-05-10 13:00:00+00:00,0.29078200696625806,0.19312598202699957,825000000000
2019-05-10 13:05:00+00:00,0.27809860929372254,0.16830637337440119,825300000000
2019-05-10 13:10:00+00:00,0.3163615010229886,0.15723271983219209,825600000000
2019-05-10 13:15:00+00:00,0.3117082472618968,0.19390495048323877,825900000000
2019-05-10 13:20:00+00:00,0.2698600039577456,0.17587767167300072,826200000000
2019-05-10 13:25:00+00:00,0.2750205372721973,0.1099218897953509,826500000000
2019-05-10 13:30:00+00:00,0.2753529785645253,0.1702491761050757,826800000000
2019-05-10 13:35:00+00:00,0.2665274212336135,0.1515826130042534,827100000000
2019-05-10 13:40:00+00:00,0.27812444551383847,0.16245758170571206,827400000000
2019-05-10 13:45:00+00:00,0.2576569365188186,0.13644654285602476,827700000000
2019-05-10 13:50:00+00:00,0.24874487383353855,0.1462831384920503,828000000000
2019-05-10 13:55:00+00:00,0.282282682278576,0.19720944089077222,828300000000
2019-05-10 14:00:00+00:00,0.28082773558543517,0.1595686713749508,828600000000
2019-05-10 14:05:00+00:00,0.250497687629965,0.16961008375384268,828900000000
2019-05-10 14:10:00+00:00,0.2827769365982964,0.1535395375813856,829200000000
2019-05-10 14:15:00+00:00,0.2504638872620754,0.16545345621036603,829500000000
2019-05-10 14:20:00+00:00,0.2663250002929978,0.15982811728823773,829800000000
2019-05-10 14:25:00+00:00,0.2757763486701496,0.17250630577787537,830100000000
2019-05-10 14:30:00+00:00,0.2567474164162777,0.15419151497171635,830400000000
2019-05-10 14:35:00+00:00,0.2645080462623116,0.1715373324062111,830700000000
2019-05-10 14:40:00+00:00,0.24302251803454053,0.09446180846204913,831000000000
2019-05-10 14:45:00+00:00,0.24730497278661853,0.11998647740281973,831300000000
2019-05-10 14:50:00+00:00,0.24494663412613424,0.15530959043585343,831600000000
2019-05-10 14:55:00+00:00,0.23190913848926958,0.09827471601563703,831900000000
2019-05-10 15:00:00+00:00,0.24103053391566756,0.13400671323645635,832200000000
2019-05-10 15:05:00+00:00,0.21126848127895514,0.12567427194664008,832500000000
2019-05-10 15:10:00+00:00,0.23004323397728518,0.12146313763411318,832800000000
2019-05-10 15:15:00+00:00,0.2317460290642837,0.12521638938469476,833100000000
2019-05-10 15:20:00+00:00,0.22985010195862862,0.143341705178249,833400000000
2019-05-10 15:25:00+00:00,0.22762801635463795,0.15676270892837893,833700000000
2019-05-10 15:30:00+00:00,0.22866226368743958,0.11802837058736758,834000000000
2019-05-10 15:35:00+00:00,0.23688249983848209,0.13062833597934184,834300000000
2019-05-10 15:40:00+00:00,0.24213791804641932,0.1306575313613107,834600000000
2019-05-10 15:45:00+00:00,0.20896523041597548,0.0769515432120397,834900000000
2019-05-10 15:50:00+00:00,0.1951698130331297,0.11993612362622798,835200000000
2019-05-10 15:55:00+00:00,0.19562787825699549,0.13607108187076714,835500000000
2019-05-10 16:00:00+00:00,0.20392260824276925,0.1426864290919792,835800000000
2019-05-10 16:05:00+00:00,0.2037904445371343,0.1048589391934658,836100000000
2019-05-10 16:10:00+00:00,0.19255681510575073,0.09050012809304758,836400000000
2019-05-10 16:15:00+00:00,0.17912930358118562,0.10790969310054506,836700000000
2019-05-10 16:20:00+00:00,0.19299254493384288,0.13238100069163505,837000000000
2019-05-10 16:25:00+00:00,0.20277664699220216,0.12476299716152897,837300000000
2019-05-10 16:30:00+00:00,0.20805310417147538,0.13061795522036046,837600000000
2019-05-10 16:35:00+00:00,0.18198113356927792,0.13202529869629143,837900000000
2019-05-10 16:40:00+00:00,0.18182084283376018,0.09430977451564204,838200000000
2019-05-10 16:45:00+00:00,0.16847362028519502,0.09668477043765641,838500000000
2019-05-10 16:50:00+00:00,0.18328264207370293,0.1426616954794458,838800000000
2019-05-10 16:55:00+00:00,0.16382522386527845,0.09435891185721454,839100000000
2019-05-10 17:00:00+00:00,0.1891187463635365,0.08812450849879047,839400000000
2019-05-10 17:05:00+00:00,0.1387827762324666,0.06988254381447406,839700000000
2019-05-10 17:10:00+00:00,0.16413445975277746,0.07971707882724163,840000000000
2019-05-10 17:15:00+00:00,0.1741606950862538,0.11163966876577767,840300000000
2019-05-10 17:20:00+00:00,0.1686128058653799,0.08324874344745237,840600000000
2019-05-10 17:25:00+00:00,0.21558195898587612,0.13476986044875056,840900000000
2019-05-10 17:30:00+00:00,0.16549159599103302,0.08457365322380682,841200000000
2019-05-10 17:35:00+00:00,0.13517949484651004,0.03864012613994146,841500000000
2019-05-10 17:40:00+00:00,0.15010852091481125,0.09619750828852519,841800000000
2019-05-10 17:45:00+00:00,0.11324387604852697,0.07091559926005396,842100000000
2019-05-10 17:50:00+00:00,0.14390313534108812,0.09669703751882969,842400000000
2019-05-10 17:55:00+00:00,0.12559722272628146,0.061898589252463734,842700000000
2019-05-10 18:00:00+00:00,0.15730780551120413,0.07879379379953494,843000000000
2019-05-10 18:05:00+00:00,0.12475085064179442,0.08287984755470756,843300000000
2019-05-10 18:10:00+00:00,0.1301495513570724,0.10847012226486305,843600000000
2019-05-10 18:15:00+00:00,0.11652004045405875,0.0701353844625618,843900000000
2019-05-10 18:20:00+00:00,0.1607592211804746,0.10494723462922764,844200000000
2019-05-10 18:25:00+00:00,0.11631455789429225,0.0633569810480612,844500000000
2019-05-10 18:30:00+00:00,0.15615554536990986,0.06282071678447222,844800000000
2019-05-10 18:35:00+00:00,0.13256174953609984,0.09888563810474105,845100000000
2019-05-10 18:40:00+00:00,0.12270521900778072,0.09179141618639167,845400000000
2019-05-10 18:45:00+00:00,0.11723611464393212,0.08455714928986315,845700000000
2019-05-10 18:50:00+00:00,0.11454889276249901,0.06509042689065103,846000000000
2019-05-10 18:55:00+00:00,0.06494644234193969,0.05090898739993463,846300000000
2019-05-10 19:00:00+00:00,0.09476614201827406,0.07473492115872105,846600000000
2019-05-10 19:05:00+00:00,0.11410936287459338,0.10086879142389017,846900000000
2019-05-10 19:10:00+00:00,0.09311063084932315,0.07563690060254273,847200000000
2019-05-10 19:15:00+00:00,0.06288861660178892,0.03900959446174613,847500000000
2019-05-10 19:20:00+00:00,0.0868711117118234,0.025957601918606608,847800000000
2019-05-10 19:25:00+00:00,0.11895251569366615,0.0744846753696345,848100000000
2019-05-10 19:30:00+00:00,0.10678531945593096,0.06920273959054472,848400000000
2019-05-10 19:35:00+00:00,0.07761180522275726,0.06074767864002043,848700000000
2019-05-10 19:40:00+00:00,0.0949140240578357,0.08402625162116993,849000000000
2019-05-10 19:45:00+00:00,0.06561822272645614,0.03746792339473809,849300000000
2019-05-10 19:50:00+00:00,0.03596583183376638,0.06359924289652205,849600000000
2019-05-10 19:55:00+00:00,0.04868180934394506,0.0,849900000000
2019-05-10 20:00:00+00:00,0.09559110870349677,0.06574150267133057,850200000000
2019-05-10 20:05:00+00:00,0.056051371861558834,0.017660415273254737,850500000000
2019-05-10 20:10:00+00:00,0.053898490271587655,0.0,850800000000
2019-05-10 20:15:00+00:00,0.050042701121563046,0.025990133146954655,851100000000
2019-05-10 20:20:00+00:00,0.09143515522769272,0.025717639168196495,851400000000
2019-05-10 20:25:00+00:00,0.08322550883048191,0.046706747337632804,851700000000
2019-05-10 20:30:00+00:00,0.09247805698432109,0.05618221915248179,852000000000
2019-05-10 20:35:00+00:00,0.042361130519946825,0.047787506498687085,852300000000
2019-05-10 20:40:00+00:00,0.04893879276640623,0.0,852600000000
2019-05-10 20:45:00+00:00,0.01022361007990761,0.024303069360860016,852900000000
2019-05-10 20:50:00+00:00,0.06767237960223875,0.04256503676693913,853200000000
2019-05-10 20:55:00+00:00,0.012403561718411737,0.028019120103238933,853500000000
2019-05-10 21:00:00+00:00,0.037769494097271386,0.014026672957740276,853800000000
2019-05-10 21:05:00+00:00,0.009213244027269241,0.0,854100000000
2019-05-10 21:10:00+00:00,0.017158840721485505,0.0,854400000000
2019-05-10 21:15:00+00:00,0.010020446923825994,0.0,854700000000
2019-05-10 21:20:00+00:00,0.012491383874192808,0.017051113382928786,855000000000
2019-05-10 21:25:00+00:00,0.011804317917532633,0.036621031194813566,855300000000
2019-05-10 21:30:00+00:00,0.009614956391147561,0.0,855600000000
2019-05-10 21:35:00+00:00,0.03529720981770674,0.03376103185577971,855900000000
2019-05-10 21:40:00+00:00,0.0,0.0,856200000000
2019-05-10 21:45:00+00:00,0.019315386694895735,0.01519565700048342,856500000000
2019-05-10 21:50:00+00:00,0.03748935506306716,0.035864865364582825,856800000000
2019-05-10 21:55:00+00:00,0.001152069886568692,0.0,857100000000
2019-05-10 22:00:00+00:00,0.0,0.0,857400000000
2019-05-10 22:05:00+00:00,0.003561049695824682,0.01645497262720611,857700000000
2019-05-10 22:10:00+00:00,0.030237323634925484,0.0,858000000000
2019-05-10 22:15:00+00:00,0.009059574722497101,0.032144806067533116,858300000000
2019-05-10 22:20:00+00:00,0.0,0.007073587517820963,858600000000
2019-05-10 22:25:00+00:00,0.012116922266955191,0.02160470631451997,858900000000
2019-05-10 22:30:00+00:00,0.0,0.0,859200000000
2019-05-10 22:35:00+00:00,0.013589898705328469,0.0,859500000000
2019-05-10 22:40:00+00:00,0.02330715267410597,0.024665550730802614,859800000000
2019-05-10 22:45:00+00:00,0.01876056290357995,0.009604531233817727,860100000000
2019-05-10 22:50:00+00:00,5.4279972391092085e-05,0.0006748770920810675,860400000000
2019-05-10 22:55:00+00:00,0.0,0.021752139703979073,860700000000
2019-05-10 23:00:00+00:00,0.018070033687090432,0.026083297689506218,861000000000
2019-05-10 23:05:00+00:00,0.027330371656305915,0.0548229713355758,861300000000
2019-05-10 23:10:00+00:00,0.0,0.0030770845774699797,861600000000
2019-05-10 23:15:00+00:00,0.0019249420105450152,0.0,861900000000
2019-05-10 23:20:00+00:00,0.0,0.0,862200000000
2019-05-10 23:25:00+00:00,0.0,0.008313267450772125,862500000000
2019-05-10 23:30:00+00:00,0.0,0.020317130379859546,862800000000
2019-05-10 23:35:00+00:00,0.0,0.0,863100000000
2019-05-10 23:40:00+00:00,0.0,0.0001707523035833789,863400000000
2019-05-10 23:45:00+00:00,0.0,0.032190833140767386,863700000000
2019-05-10 23:50:00+00:00,0.0,0.0,864000000000
2019-05-10 23:55:00+00:00,0.0,0.01862023709738209,864300000000
2019-05-11 00:00:00+00:00,0.0,0.009862350544320102,864600000000
2019-05-11 00:05:00+00:00,0.0,0.0191172121304996,864900000000
2019-05-11 00:10:00+00:00,0.0,0.0,865200000000
2019-05-11 00:15:00+00:00,0.0,0.0,865500000000
2019-05-11 00:20:00+00:00,0.0,0.0004054378424457613,865800000000
2019-05-11 00:25:00+00:00,0.0,0.0,866100000000
2019-05-11 00:30:00+00:00,0.0,0.0,866400000000
2019-05-11 00:35:00+00:00,0.019609751216227177,0.01682338388004965,866700000000
2019-05-11 00:40:00+00:00,0.0,0.03569271213899545,867000000000
2019-05-11 00:45:00+00:00,0.000666987634333871,0.008454556365996756,867300000000
2019-05-11 00:50:00+00:00,0.0,0.012504569417462046,867600000000
2019-05-11 00:55:00+00:00,0.0,0.023289516941000118,867900000000
2019-05-11 01:00:00+00:00,0.010641937055941072,0.0,868200000000
2019-05-11 01:05:00+00:00,0.00048100750679203746,0.0,868500000000
2019-05-11 01:10:00+00:00,0.007302274625701724,0.05288961661149889,868800000000
2019-05-11 01:15:00+00:00,0.07669356803779365,0.044433696374986016,869100000000
2019-05-11 01:20:00+00:00,0.0,0.022328614975644142,869400000000
2019-05-11 01:25:00+00:00,0.03492886371391345,0.04023207577181021,869700000000
2019-05-11 01:30:00+00:00,0.0,0.0,870000000000
2019-05-11 01:35:00+00:00,0.00871374510903146,0.011437832605537542,870300000000
2019-05-11 01:40:00+00:00,0.0034213648162550454,0.004987768333857541,870600000000
2019-05-11 01:45:00+00:00,0.0,0.006599175756808694,870900000000
2019-05-11 01:50:00+00:00,0.0,0.0,871200000000
2019-05-11 01:55:00+00:00,0.015400605799778682,0.0,871500000000
2019-05-11 02:00:00+00:00,0.0,0.0,871800000000
2019-05-11 02:05:00+00:00,0.02712202497171517,0.014317315041345046,872100000000
2019-05-11 02:10:00+00:00,0.005528506141472423,0.027016792636889775,872400000000
2019-05-11 02:15:00+00:00,0.0,0.03634621639451214,872700000000
2019-05-11 02:20:00+00:00,0.008515825085623594,0.033041451975837716,873000000000
2019-05-11 02:25:00+00:00,0.04457907147490685,0.04395114710058099,873300000000
2019-05-11 02:30:00+00:00,0.01070696388265594,0.0,873600000000
2019-05-11 02:35:00+00:00,0.03061695545581495,0.010192249773699058,873900000000
2019-05-11 02:40:00+00:00,0.010918652462287806,0.01074971252563264,874200000000
2019-05-11 02:45:00+00:00,0.04284079920995896,0.013055698764451874,874500000000
2019-05-11 02:50:00+00:00,0.043590776476507824,0.03769857893646371,874800000000
2019-05-11 02:55:00+00:00,0.06910369346807646,0.05587193824593163,875100000000
2019-05-11 03:00:00+00:00,0.030922703912032855,0.029279423598529086,875400000000
2019-05-11 03:05:00+00:00,0.05016002661670621,0.05059870806117535,875700000000
2019-05-11 03:10:00+00:00,0.04115059742620755,0.006598534181463053,876000000000
2019-05-11 03:15:00+00:00,0.0675572300389161,0.059190912105193616,876300000000
2019-05-11 03:20:00+00:00,0.029760766350399856,0.003943550807835986,876600000000
2019-05-11 03:25:00+00:00,0.06158102987437972,0.01812989887177012,876900000000
2019-05-11 03:30:00+00:00,0.04537517305969045,0.037867426519541905,877200000000
2019-05-11 03:35:00+00:00,0.05061701142551413,0.05468767809928809,877500000000
2019-05-11 03:40:00+00:00,0.056409695347421226,0.04360608693597293,877800000000
2019-05-11 03:45:00+00:00,0.06233427297559315,0.037816644260806775,878100000000
2019-05-11 03:50:00+00:00,0.05771936677442651,0.04083469658668605,878400000000
2019-05-11 03:55:00+00:00,0.06713105271710902,0.04300716999161101,878700000000
2019-05-11 04:00:00+00:00,0.09722902781790965,0.03581839876803791,879000000000
2019-05-11 04:05:00+00:00,0.08824123392995148,0.02809233745907258,879300000000
2019-05-11 04:10:00+00:00,0.0888152443091274,0.05171262899600734,879600000000
2019-05-11 04:15:00+00:00,0.06525423928000623,0.040749680283389815,879900000000
2019-05-11 04:20:00+00:00,0.05954466639654983,0.035953447405284576,880200000000
2019-05-11 04:25:00+00:00,0.09943011879705502,0.07318010355123128,880500000000
2019-05-11 04:30:00+00:00,0.1008684209958313,0.05621151827421198,880800000000
2019-05-11 04:35:00+00:00,0.11585159666135354,0.08077054163490924,881100000000
2019-05-11 04:40:00+00:00,0.07739514375954258,0.04354535090919659,881400000000
2019-05-11 04:45:00+00:00,0.08798477376398667,0.08925804349912132,881700000000
2019-05-11 04:50:00+00:00,0.06291000237940447,0.03936027596217161,882000000000
2019-05-11 04:55:00+00:00,0.09099567021857818,0.10141185436166045,882300000000
2019-05-11 05:00:00+00:00,0.1219418867795436,0.08020536388954344,882600000000
2019-05-11 05:05:00+00:00,0.09586443078873115,0.05324511506147437,882900000000
2019-05-11 05:10:00+00:00,0.12120476492441248,0.054733899429454,883200000000
2019-05-11 05:15:00+00:00,0.10780138957762218,0.03582306226541944,883500000000
2019-05-11 05:20:00+00:00,0.1213228028032797,0.05296483599404468,883800000000
2019-05-11 05:25:00+00:00,0.09513044205297545,0.03948613904850547,884100000000
2019-05-11 05:30:00+00:00,0.123041926826337,0.08172155650404572,884400000000
2019-05-11 05:35:00+00:00,0.06477780490974587,0.02834337552464377,884700000000
2019-05-11 05:40:00+00:00,0.12413315986905701,0.07821843697252416,885000000000
2019-05-11 05:45:00+00:00,0.09853839907450734,0.08476260669223812,885300000000
2019-05-11 05:50:00+00:00,0.1585492044483579,0.09337335563631767,885600000000
2019-05-11 05:55:00+00:00,0.15326202541121633,0.1335403492160659,885900000000
2019-05-11 06:00:00+00:00,0.15033341963932234,0.06668383217680944,886200000000
2019-05-11 06:05:00+00:00,0.17470624618726074,0.10181207674485789,886500000000
2019-05-11 06:10:00+00:00,0.12859235546608094,0.06636915480742898,886800000000
2019-05-11 06:15:00+00:00,0.18579940000949818,0.13020977212683907,887100000000
2019-05-11 06:20:00+00:00,0.17277274825291025,0.05886781634442373,887400000000
2019-05-11 06:25:00+00:00,0.15266836992786,0.06273871617315978,887700000000
2019-05-11 06:30:00+00:00,0.1833746651099992,0.10787786261698026,888000000000
2019-05-11 06:35:00+00:00,0.1417898599024778,0.11610147036167655,888300000000
2019-05-11 06:40:00+00:00,0.15066805453059526,0.0949176693991033,888600000000
2019-05-11 06:45:00+00:00,0.1582167538376248,0.06789910321729019,888900000000
2019-05-11 06:50:00+00:00,0.16302527681832296,0.07387183423718917,889200000000
2019-05-11 06:55:00+00:00,0.15567450877149913,0.12686449931979854,889500000000
2019-05-11 07:00:00+00:00,0.20445118477395113,0.11024801488844586,889800000000
2019-05-11 07:05:00+00:00,0.177977819652807,0.08792742434268892,890100000000
2019-05-11 07:10:00+00:00,0.19335041373722173,0.14555769945495023,890400000000
2019-05-11 07:15:00+00:00,0.1780172258005341,0.1270322755920603,890700000000
2019-05-11 07:20:00+00:00,0.1561131777101018,0.11914909949139699,891000000000
2019-05-11 07:25:00+00:00,0.20100296402149384,0.10160094080757996,891300000000
2019-05-11 07:30:00+00:00,0.16040741534636838,0.06574233638753381,891600000000
2019-05-11 07:35:00+00:00,0.20030321144598806,0.12284525665484694,891900000000
2019-05-11 07:40:00+00:00,0.17730421626222584,0.11308505241880878,892200000000
2019-05-11 07:45:00+00:00,0.24738049018413183,0.15572033018457573,892500000000
2019-05-11 07:50:00+00:00,0.22879510198430528,0.1668407399033632,892800000000
2019-05-11 07:55:00+00:00,0.21558283560778185,0.09467435956450415,893100000000
2019-05-11 08:00:00+00:00,0.24160746688642587,0.1621583811578108,893400000000
2019-05-11 08:05:00+00:00,0.20223689139698436,0.09940963395524427,893700000000
2019-05-11 08:10:00+00:00,0.2328256399365365,0.1568100903791387,894000000000
2019-05-11 08:15:00+00:00,0.22870674362731405,0.12772491208596087,894300000000
2019-05-11 08:20:00+00:00,0.23270575596821994,0.12334401766312172,894600000000
2019-05-11 08:25:00+00:00,0.2555462950344507,0.14112972288168638,894900000000
2019-05-11 08:30:00+00:00,0.2473807230735705,0.11951622982861106,895200000000
2019-05-11 08:35:00+00:00,0.24109354963966415,0.14546470858046784,895500000000
2019-05-11 08:40:00+00:00,0.20476483717285823,0.1074054344905058,895800000000
2019-05-11 08:45:00+00:00,0.22115927969275437,0.1484215324336582,896100000000
2019-05-11 08:50:00+00:00,0.24035657469265634,0.15701506643625215,896400000000
2019-05-11 08:55:00+00:00,0.24708051696398364,0.182011451236446,896700000000
2019-05-11 09:00:00+00:00,0.22496194268450237,0.14230371528152297,897000000000
2019-05-11 09:05:00+00:00,0.2981020167094204,0.18927476536725368,897300000000
2019-05-11 09:10:00+00:00,0.2824472594043672,0.1974703518791766,897600000000
2019-05-11 09:15:00+00:00,0.26636000419636335,0.14726274859728405,897900000000
2019-05-11 09:20:00+00:00,0.25790295924907713,0.12497661129298561,898200000000
2019-05-11 09:25:00+00:00,0.2543079375103533,0.15658664368877984,898500000000
2019-05-11 09:30:00+00:00,0.24154796517657318,0.11647610972165581,898800000000
2019-05-11 09:35:00+00:00,0.2641135232327221,0.20754688739814106,899100000000
2019-05-11 09:40:00+00:00,0.26963896855731473,0.19089334697596771,899400000000
2019-05-11 09:45:00+00:00,0.24151023033574878,0.18818566486748087,899700000000
2019-05-11 09:50:00+00:00,0.2748311341057189,0.16614761999669392,900000000000
2019-05-11 09:55:00+00:00,0.2667843774022237,0.17108209831536617,900300000000
2019-05-11 10:00:00+00:00,0.2334143260767843,0.1308590870070177,900600000000
2019-05-11 10:05:00+00:00,0.25598186869609113,0.1712476173293897,900900000000
2019-05-11 10:10:00+00:00,0.266473958752745,0.13557351101062584,901200000000
2019-05-11 10:15:00+00:00,0.31399299771004024,0.13753393483652857,901500000000
2019-05-11 10:20:00+00:00,0.2887994527683945,0.15746545927126537,901800000000
2019-05-11 10:25:00+00:00,0.25232320159702976,0.12228445144587154,902100000000
2019-05-11 10:30:00+00:00,0.2900526556650462,0.20359012812221844,902400000000
2019-05-11 10:35:00+00:00,0.2506189895025416,0.18668494280313125,902700000000
2019-05-11 10:40:00+00:00,0.3043854919734062,0.15457271373578152,903000000000
2019-05-11 10:45:00+00:00,0.2744086930545747,0.1904795279831696,903300000000
2019-05-11 10:50:00+00:00,0.28299037439300645,0.1888219243058193,903600000000
2019-05-11 10:55:00+00:00,0.3123428555531776,0.15601017963752903,903900000000
2019-05-11 11:00:00+00:00,0.26097893590500854,0.14878201092437277,904200000000
2019-05-11 11:05:00+00:00,0.25960616899195194,0.14416042695268075,904500000000
2019-05-11 11:10:00+00:00,0.2766335256521812,0.18094002336385273,904800000000
2019-05-11 11:15:00+00:00,0.3097603690808709,0.16128063443042226,905100000000
2019-05-11 11:20:00+00:00,0.2592231303311831,0.15355642568552022,905400000000
2019-05-11 11:25:00+00:00,0.23351389238573061,0.126389645352446,905700000000
2019-05-11 11:30:00+00:00,0.2816102187045583,0.17843295489043787,906000000000
2019-05-11 11:35:00+00:00,0.3020738222871221,0.17690845273851466,906300000000
2019-05-11 11:40:00+00:00,0.31537888415298276,0.17852241641298175,906600000000
2019-05-11 11:45:00+00:00,0.2823739445774159,0.16515843523380797,906900000000
2019-05-11 11:50:00+00:00,0.28360092331718084,0.21088141064711075,907200000000
2019-05-11 11:55:00+00:00,0.31502842985821244,0.18067906519253968,907500000000
2019-05-11 12:00:00+00:00,0.2546051660060916,0.13194299523797923,907800000000
2019-05-11 12:05:00+00:00,0.28420777744721504,0.1821933378514483,908100000000
2019-05-11 12:10:00+00:00,0.2956934888135576,0.17454559989967544,908400000000
2019-05-11 12:15:00+00:00,0.30070487957815795,0.15211824912956529,908700000000
2019-05-11 12:20:00+00:00,0.2812886264054997,0.21340310254734912,909000000000
2019-05-11 12:25:00+00:00,0.29186671541190917,0.16807045033541254,909300000000
2019-05-11 12:30:00+00:00,0.24103351547114493,0.13706272020345994,909600000000
2019-05-11 12:35:00+00:00,0.27718648054570955,0.16950859536558766,909900000000
2019-05-11 12:40:00+00:00,0.29890244831403157,0.21394380437259572,910200000000
2019-05-11 12:45:00+00:00,0.26959691137539105,0.1281632402948547,910500000000
2019-05-11 12:50:00+00:00,0.2897629743886706,0.17937750162161317,910800000000
2019-05-11 12:55:00+00:00,0.2967915382658208,0.219820366195365,911100000000
2019-05-11 13:00:00+00:00,0.2802045565928711,0.1706973075705156,911400000000
2019-05-11 13:05:00+00:00,0.28959730913337645,0.14905170589395628,911700000000
2019-05-11 13:10:00+00:00,0.26599733575098594,0.14723046439137852,912000000000
2019-05-11 13:15:00+00:00,0.28011562716367805,0.17220702689334264,912300000000
2019-05-11 13:20:00+00:00,0.295380438731893,0.20384434155193304,912600000000
2019-05-11 13:25:00+00:00,0.2851767507228991,0.16431933354541825,912900000000
2019-05-11 13:30:00+00:00,0.26910130448541486,0.17799381863989755,913200000000
2019-05-11 13:35:00+00:00,0.2840449388426217,0.14171958676463525,913500000000
2019-05-11 13:40:00+00:00,0.2925161416460078,0.14663531759570358,913800000000
2019-05-11 13:45:00+00:00,0.2358237523250199,0.13183823762131294,914100000000
2019-05-11 13:50:00+00:00,0.2985386618314066,0.2078837715363092,914400000000
2019-05-11 13:55:00+00:00,0.2671033630269482,0.1616395106064443,914700000000
2019-05-11 14:00:00+00:00,0.2807469425658041,0.17424438945081486,915000000000
2019-05-11 14:05:00+00:00,0.2945289412960684,0.18227895668911157,915300000000
2019-05-11 14:10:00+00:00,0.2414363540384345,0.16704597207479532,915600000000
2019-05-11 14:15:00+00:00,0.2529066217968299,0.13953955922734085,915900000000
2019-05-11 14:20:00+00:00,0.2594907216147229,0.1694601351385984,916200000000
2019-05-11 14:25:00+00:00,0.24769439799541132,0.1319989855201442,916500000000
2019-05-11 14:30:00+00:00,0.29611839922708816,0.2173364926546681,916800000000
2019-05-11 14:35:00+00:00,0.24227778614295245,0.12935884959983768,917100000000
2019-05-11 14:40:00+00:00,0.24624017532255324,0.13009631913195951,917400000000
2019-05-11 14:45:00+00:00,0.25932208508723936,0.1665866473221046,917700000000
2019-05-11 14:50:00+00:00,0.22902083222221783,0.13900826796197716,918000000000
2019-05-11 14:55:00+00:00,0.24292709118494987,0.1522933028361886,918300000000
2019-05-11 15:00:00+00:00,0.25491508240298527,0.15749532535163752,918600000000
2019-05-11 15:05:00+00:00,0.2395836391685791,0.12194233952499868,918900000000
2019-05-11 15:10:00+00:00,0.24199857174212677,0.17746632162686574,919200000000
2019-05-11 15:15:00+00:00,0.23085689668270895,0.15638498212740756,919500000000
2019-05-11 15:20:00+00:00,0.20868429082492088,0.15238957352029484,919800000000
2019-05-11 15:25:00+00:00,0.2428898294988383,0.13516727991709448,920100000000
2019-05-11 15:30:00+00:00,0.2689962091175853,0.1697281963648546,920400000000
2019-05-11 15:35:00+00:00,0.23166170209242787,0.14294439050015054,920700000000
2019-05-11 15:40:00+00:00,0.233152858908719,0.16245176786926155,921000000000
2019-05-11 15:45:00+00:00,0.23981499005527626,0.16709395666975813,921300000000
2019-05-11 15:50:00+00:00,0.19784722020997952,0.12256934818515,921600000000
2019-05-11 15:55:00+00:00,0.2545190596644479,0.12235241316180369,921900000000
2019-05-11 16:00:00+00:00,0.22171324259512293,0.16862118329882753,922200000000
2019-05-11 16:05:00+00:00,0.24746600887524478,0.15959935399894964,922500000000
2019-05-11 16:10:00+00:00,0.19729607651921918,0.10620890508370867,922800000000
2019-05-11 16:15:00+00:00,0.24541287531734,0.1553785679557379,923100000000
2019-05-11 16:20:00+00:00,0.2216180713640233,0.10274897184936352,923400000000
2019-05-11 16:25:00+00:00,0.214208916306968,0.14963241113360168,923700000000
2019-05-11 16:30:00+00:00,0.20483300394182608,0.09347556747951258,924000000000
2019-05-11 16:35:00+00:00,0.1921590222699534,0.11087872352123038,924300000000
2019-05-11 16:40:00+00:00,0.21809143244610435,0.13574394845977358,924600000000
2019-05-11 16:45:00+00:00,0.19381478385910123,0.1370656645551026,924900000000
2019-05-11 16:50:00+00:00,0.1485700314094534,0.09127291237435951,925200000000
2019-05-11 16:55:00+00:00,0.1624500673149537,0.11016929786122323,925500000000
2019-05-11 17:00:00+00:00,0.17793927505485554,0.10620022686392228,925800000000
2019-05-11 17:05:00+00:00,0.18470008573445892,0.11017633242178969,926100000000
2019-05-11 17:10:00+00:00,0.1741952834238288,0.10622671506126323,926400000000
2019-05-11 17:15:00+00:00,0.1965179640982933,0.11412962004192849,926700000000
2019-05-11 17:20:00+00:00,0.12991407825815526,0.04421704209326444,927000000000
2019-05-11 17:25:00+00:00,0.16859304443636836,0.08578935678788845,927300000000
2019-05-11 17:30:00+00:00,0.12613601099192967,0.08057710341739177,927600000000
2019-05-11 17:35:00+00:00,0.1744548326930326,0.09969047954604518,927900000000
2019-05-11 17:40:00+00:00,0.1541286315677527,0.08936099729701348,928200000000
2019-05-11 17:45:00+00:00,0.16116100215833734,0.0902295279062281,928500000000
2019-05-11 17:50:00+00:00,0.13223747111522594,0.0620705148144992,928800000000
2019-05-11 17:55:00+00:00,0.17184764249944956,0.09324659628014387,929100000000
2019-05-11 18:00:00+00:00,0.1638344932811769,0.09216406108093425,929400000000
2019-05-11 18:05:00+00:00,0.15141254219394293,0.09095038812720274,929700000000
2019-05-11 18:10:00+00:00,0.5897652845044308,0.3617267375920527,930000000000
2019-05-11 18:15:00+00:00,0.23600249494179162,0.13799049114736017,930300000000
2019-05-11 18:20:00+00:00,0.11584434278365997,0.04891350055634759,930600000000
2019-05-11 18:25:00+00:00,0.1438505263970626,0.058348675039861894,930900000000
2019-05-11 18:30:00+00:00,0.15649402238680324,0.14584515757958644,931200000000
2019-05-11 18:35:00+00:00,0.14169092549331824,0.062418254690699684,931500000000
2019-05-11 18:40:00+00:00,0.1024718350649238,0.051110601013666615,931800000000
2019-05-11 18:45:00+00:00,0.12108979804304172,0.08299388487610374,932100000000
2019-05-11 18:50:00+00:00,0.08481011592300002,0.05810328174511362,932400000000
2019-05-11 18:55:00+00:00,0.11894770015236338,0.08178593394264946,932700000000
2019-05-11 19:00:00+00:00,0.11335587815854,0.05915918550448049,933000000000
2019-05-11 19:05:00+00:00,0.06380987666026268,0.04305708740894855,933300000000
2019-05-11 19:10:00+00:00,0.074852897640556,0.046138611869150865,933600000000
2019-05-11 19:15:00+00:00,0.08932963560298411,0.04735515401096472,933900000000
2019-05-11 19:20:00+00:00,0.08590200578055432,0.05644939830375939,934200000000
2019-05-11 19:25:00+00:00,0.06468086666017926,0.05991583093112169,934500000000
2019-05-11 19:30:00+00:00,0.09362705973228025,0.055732231370661654,934800000000
2019-05-11 19:35:00+00:00,0.08788135758888914,0.05241787148046199,935100000000
2019-05-11 19:40:00+00:00,0.07599965587710168,0.06696301422378069,935400000000
2019-05-11 19:45:00+00:00,0.061832533130649,0.056326727074765666,935700000000
2019-05-11 19:50:00+00:00,0.09501740609863013,0.08868917247844774,936000000000
2019-05-11 19:55:00+00:00,0.10427927136830303,0.027442958131390277,936300000000
2019-05-11 20:00:00+00:00,0.058662103656402086,0.05329964585722904,936600000000
2019-05-11 20:05:00+00:00,0.053287895155047615,0.044004338001072146,936900000000
2019-05-11 20:10:00+00:00,0.07259032316732618,0.0258411459453304,937200000000
2019-05-11 20:15:00+00:00,0.05287887745211919,0.03675908483124841,937500000000
2019-05-11 20:20:00+00:00,0.05456447942296705,0.0537611226089402,937800000000
2019-05-11 20:25:00+00:00,0.06949939355773409,0.02511645768493245,938100000000
2019-05-11 20:30:00+00:00,0.013915330565213428,0.017200446919584198,938400000000
2019-05-11 20:35:00+00:00,0.0759080812249996,0.06297192224962012,938700000000
2019-05-11 20:40:00+00:00,0.04847991347805037,0.0076675568362004586,939000000000
2019-05-11 20:45:00+00:00,0.036326598177078236,0.01895024505734398,939300000000
2019-05-11 20:50:00+00:00,0.04034900799544507,0.03022877233011527,939600000000
2019-05-11 20:55:00+00:00,0.03900773984418084,0.00748201379564941,939900000000
2019-05-11 21:00:00+00:00,0.002809956753119562,0.0,940200000000
2019-05-11 21:05:00+00:00,0.0650580591289894,0.036333943440138156,940500000000
2019-05-11 21:10:00+00:00,0.03376268990167109,0.036290408279076494,940800000000
2019-05-11 21:15:00+00:00,0.03962573815376613,0.036650122916101875,941100000000
2019-05-11 21:20:00+00:00,0.047679884499190056,0.01137967611578719,941400000000
2019-05-11 21:25:00+00:00,0.0061635228293055525,0.016741471399897054,941700000000
2019-05-11 21:30:00+00:00,0.034049770270352414,0.00371106663888128,942000000000
2019-05-11 21:35:00+00:00,0.017277709764124117,0.0,942300000000
2019-05-11 21:40:00+00:00,0.03767371997209147,0.015261360562310256,942600000000
2019-05-11 21:45:00+00:00,0.0,0.022459387431714713,942900000000
2019-05-11 21:50:00+00:00,0.015148286012130611,0.022208182650105837,943200000000
2019-05-11 21:55:00+00:00,0.003359584061156856,0.0019843142892302284,943500000000
2019-05-11 22:00:00+00:00,0.022408115111683464,0.005110759395188928,943800000000
2019-05-11 22:05:00+00:00,0.021572425946793247,0.005148212845747325,944100000000
2019-05-11 22:10:00+00:00,0.0,0.0021756981172159234,944400000000
2019-05-11 22:15:00+00:00,0.0784555820857894,0.025704599534557067,944700000000
2019-05-11 22:20:00+00:00,0.0222670742487538,0.006398097645226335,945000000000
2019-05-11 22:25:00+00:00,0.0,0.0,945300000000
2019-05-11 22:30:00+00:00,0.022007744032348873,0.0,945600000000
2019-05-11 22:35:00+00:00,0.0,0.0,945900000000
2019-05-11 22:40:00+00:00,0.0,0.008210135829727629,946200000000
2019-05-11 22:45:00+00:00,0.0,0.0001902367988198845,946500000000
2019-05-11 22:50:00+00:00,0.0,0.0,946800000000
2019-05-11 22:55:00+00:00,0.0,0.0,947100000000
2019-05-11 23:00:00+00:00,0.0,0.03153699651178434,947400000000
2019-05-11 23:05:00+00:00,0.00033408118689202395,0.0,947700000000
2019-05-11 23:10:00+00:00,0.023989526608085947,0.019425572110086317,948000000000
2019-05-11 23:15:00+00:00,0.003020897416814933,0.0,948300000000
2019-05-11 23:20:00+00:00,0.0,0.0007255858527667031,948600000000
2019-05-11 23:25:00+00:00,0.004766635111027501,0.012012175905423948,948900000000
2019-05-11 23:30:00+00:00,0.0,0.0,949200000000
2019-05-11 23:35:00+00:00,0.0,0.0,949500000000
2019-05-11 23:40:00+00:00,0.0,0.02381457297959691,949800000000
2019-05-11 23:45:00+00:00,0.0,0.03523003786984006,950100000000
2019-05-11 23:50:00+00:00,0.0,0.0,950400000000
2019-05-11 23:55:00+00:00,0.0,0.0008336241443381757,950700000000
2019-05-12 00:00:00+00:00,0.0,0.04422666057203066,951000000000
2019-05-12 00:05:00+00:00,0.0,0.022698485631983966,951300000000
2019-05-12 00:10:00+00:00,0.0,0.0,951600000000
2019-05-12 00:15:00+00:00,0.006527752014575495,0.0,951900000000
2019-05-12 00:20:00+00:00,0.0,0.019130989235745372,952200000000
2019-05-12 00:25:00+00:00,0.010481551987966065,0.0,952500000000
2019-05-12 00:30:00+00:00,0.0,0.02175453502677706,952800000000
2019-05-12 00:35:00+00:00,0.0,0.006685999275020167,953100000000
2019-05-12 00:40:00+00:00,0.0,0.01035441528054145,953400000000
2019-05-12 00:45:00+00:00,0.0,0.0,953700000000
2019-05-12 00:50:00+00:00,0.01720073699045889,0.0,954000000000
2019-05-12 00:55:00+00:00,0.008764029074668006,0.03449827406216721,954300000000
2019-05-12 01:00:00+00:00,0.01884623496386728,0.006372995367250869,954600000000
2019-05-12 01:05:00+00:00,0.010615928316344999,0.0,954900000000
2019-05-12 01:10:00+00:00,0.0,0.0,955200000000
2019-05-12 01:15:00+00:00,0.0,0.003860442654358858,955500000000
2019-05-12 01:20:00+00:00,0.0,0.0,955800000000
2019-05-12 01:25:00+00:00,0.031046428799472055,0.007330427395545,956100000000
2019-05-12 01:30:00+00:00,0.0,0.0,956400000000
2019-05-12 01:35:00+00:00,0.0248411208087543,0.03181027857738955,956700000000
2019-05-12 01:40:00+00:00,0.026190687124455693,0.0,957000000000
2019-05-12 01:45:00+00:00,0.04635315947108588,0.0,957300000000
2019-05-12 01:50:00+00:00,0.0030601987262328153,0.0,957600000000
2019-05-12 01:55:00+00:00,0.02705687427992172,0.0,957900000000
2019-05-12 02:00:00+00:00,0.060062559496444304,0.06326829975482881,958200000000
2019-05-12 02:05:00+00:00,0.003757608082607014,0.002578696839245241,958500000000
2019-05-12 02:10:00+00:00,0.0,0.010024981736144054,958800000000
2019-05-12 02:15:00+00:00,0.0,0.010729754542426584,959100000000
2019-05-12 02:20:00+00:00,0.03577032282276649,0.022585872061506296,959400000000
2019-05-12 02:25:00+00:00,0.0,0.0,959700000000
2019-05-12 02:30:00+00:00,0.017967284564223182,0.031670899334896724,960000000000
2019-05-12 02:35:00+00:00,0.03619414683240239,0.02463640638569423,960300000000
2019-05-12 02:40:00+00:00,0.03324128871319688,0.04792672281318641,960600000000
2019-05-12 02:45:00+00:00,0.04019125949517068,0.03653135460289973,960900000000
2019-05-12 02:50:00+00:00,0.038326418816720796,0.010639925820411919,961200000000
2019-05-12 02:55:00+00:00,0.06170883306841533,0.027082619363650466,961500000000
2019-05-12 03:00:00+00:00,0.019387655207242713,0.0,961800000000
2019-05-12 03:05:00+00:00,0.02724702775237819,0.04069917709044123,962100000000
2019-05-12 03:10:00+00:00,0.02773605773001373,0.008540615579097183,962400000000
2019-05-12 03:15:00+00:00,0.06224363063890799,0.021376722447352146,962700000000
2019-05-12 03:20:00+00:00,0.06614538587047651,0.04608279234482231,963000000000
2019-05-12 03:25:00+00:00,0.0597054300032059,0.03387991587447347,963300000000
2019-05-12 03:30:00+00:00,0.07693899231982347,0.05205476564339736,963600000000
2019-05-12 03:35:00+00:00,0.03233995762015812,0.057200252649971736,963900000000
2019-05-12 03:40:00+00:00,0.09191912788947734,0.0734128928522636,964200000000
2019-05-12 03:45:00+00:00,0.09175423748130476,0.055592753574820984,964500000000
2019-05-12 03:50:00+00:00,0.07875638758177966,0.01908536486494762,964800000000
2019-05-12 03:55:00+00:00,0.10247276722912146,0.051484410393300165,965100000000
2019-05-12 04:00:00+00:00,0.03653420251311139,0.0361414435587729,965400000000
2019-05-12 04:05:00+00:00,0.06204327749239592,0.013805145702201226,965700000000
2019-05-12 04:10:00+00:00,0.06072608324554945,0.07925505587393675,966000000000
2019-05-12 04:15:00+00:00,0.09279461627563049,0.05596510101808926,966300000000
2019-05-12 04:20:00+00:00,0.06032666816907434,0.03717296876563429,966600000000
2019-05-12 04:25:00+00:00,0.0994740106190516,0.0463515025122714,966900000000
2019-05-12 04:30:00+00:00,0.11475820802517159,0.07878967995061732,967200000000
2019-05-12 04:35:00+00:00,0.10430224114801387,0.03942130855836368,967500000000
2019-05-12 04:40:00+00:00,0.09914977675215718,0.10278771783332345,967800000000
2019-05-12 04:45:00+00:00,0.07681828005317656,0.07243799412494617,968100000000
2019-05-12 04:50:00+00:00,0.08276266630740783,0.06934352868838561,968400000000
2019-05-12 04:55:00+00:00,0.12783747044572893,0.04889390215164116,968700000000
2019-05-12 05:00:00+00:00,0.12159745664606332,0.07706673939679301,969000000000
2019-05-12 05:05:00+00:00,0.1084139479857442,0.0892300967517266,969300000000
2019-05-12 05:10:00+00:00,0.10403697810507816,0.07428429485020167,969600000000
2019-05-12 05:15:00+00:00,0.07509529423535294,0.025014994448536262,969900000000
2019-05-12 05:20:00+00:00,0.09742461386516177,0.04545289321292395,970200000000
2019-05-12 05:25:00+00:00,0.16031265159208535,0.0871488681951314,970500000000
2019-05-12 05:30:00+00:00,0.09972862641361173,0.04776841915839489,970800000000
2019-05-12 05:35:00+00:00,0.1323901207521819,0.11000964916551528,971100000000
2019-05-12 05:40:00+00:00,0.15201996249620064,0.05279171472125525,971400000000
2019-05-12 05:45:00+00:00,0.11004941058876636,0.07914802914643654,971700000000
2019-05-12 05:50:00+00:00,0.14212352361304323,0.05942804666925691,972000000000
2019-05-12 05:55:00+00:00,0.1604721891061413,0.07705828371466342,972300000000
2019-05-12 06:00:00+00:00,0.14524998643814355,0.04695532452551177,972600000000
2019-05-12 06:05:00+00:00,0.2056541827574085,0.11241142103126778,972900000000
2019-05-12 06:10:00+00:00,0.11819870070501373,0.1011338534537925,973200000000
2019-05-12 06:15:00+00:00,0.1760267066488667,0.11091250883861556,973500000000
2019-05-12 06:20:00+00:00,0.15467288221977535,0.06883649839188327,973800000000
2019-05-12 06:25:00+00:00,0.17683787876897453,0.12644568074897097,974100000000
2019-05-12 06:30:00+00:00,0.17348840520032516,0.1287191283915688,974400000000
2019-05-12 06:35:00+00:00,0.15325260620851047,0.094032493345888,974700000000
2019-05-12 06:40:00+00:00,0.17573826561033756,0.14613794252925433,975000000000
2019-05-12 06:45:00+00:00,0.1372305192744551,0.09876959405716534,975300000000
2019-05-12 06:50:00+00:00,0.18966978099103318,0.12745491874047166,975600000000
2019-05-12 06:55:00+00:00,0.18676883094651467,0.09599372442458298,975900000000
2019-05-12 07:00:00+00:00,0.19676272680490667,0.1306056057953708,976200000000
2019-05-12 07:05:00+00:00,0.20831727416194662,0.12932619004925783,976500000000
2019-05-12 07:10:00+00:00,0.19765271117428035,0.12898820675798872,976800000000
2019-05-12 07:15:00+00:00,0.19638604152477324,0.10413991253203732,977100000000
2019-05-12 07:20:00+00:00,0.17890387698784826,0.1099043038798887,977400000000
2019-05-12 07:25:00+00:00,0.18535740158068437,0.09487721094411145,977700000000
2019-05-12 07:30:00+00:00,0.2263872072583105,0.09288968235566566,978000000000
2019-05-12 07:35:00+00:00,0.2344026004818189,0.160607651660659,978300000000
2019-05-12 07:40:00+00:00,0.20390830831264287,0.09229720535379536,978600000000
2019-05-12 07:45:00+00:00,0.21255502514458302,0.12967674438239812,978900000000
2019-05-12 07:50:00+00:00,0.19647556004093547,0.12454537861354208,979200000000
2019-05-12 07:55:00+00:00,0.24092289668770112,0.15108499832988176,979500000000
2019-05-12 08:00:00+00:00,0.23364166980716985,0.13452342041233692,979800000000
2019-05-12 08:05:00+00:00,0.26198755967557585,0.162616765310945,980100000000
2019-05-12 08:10:00+00:00,0.2083895908195398,0.13445309588742713,980400000000
2019-05-12 08:15:00+00:00,0.22115037697257717,0.14738952249858597,980700000000
2019-05-12 08:20:00+00:00,0.23605427279205618,0.17630139046291896,981000000000
2019-05-12 08:25:00+00:00,0.2470290157868307,0.15290129250206252,981300000000
2019-05-12 08:30:00+00:00,0.2324175282670218,0.1407314938605671,981600000000
2019-05-12 08:35:00+00:00,0.2218598545740913,0.1149813334374529,981900000000
2019-05-12 08:40:00+00:00,0.25949073647589715,0.16441336836352505,982200000000
2019-05-12 08:45:00+00:00,0.25878291284925525,0.16861740977236453,982500000000
2019-05-12 08:50:00+00:00,0.22848527135329627,0.13324509912634522,982800000000
2019-05-12 08:55:00+00:00,0.27632192550056206,0.17668540538401797,983100000000
2019-05-12 09:00:00+00:00,0.2749699913619144,0.15913167094616182,983400000000
2019-05-12 09:05:00+00:00,0.25655441314280936,0.1673525009274641,983700000000
2019-05-12 09:10:00+00:00,0.2577113355468179,0.1728788476086856,984000000000
2019-05-12 09:15:00+00:00,0.2693987932108318,0.1796118332611088,984300000000
2019-05-12 09:20:00+00:00,0.24322816061827707,0.14829378289379225,984600000000
2019-05-12 09:25:00+00:00,0.263152746491658,0.13709228486265376,984900000000
2019-05-12 09:30:00+00:00,0.22153866348483556,0.12068493703806492,985200000000
2019-05-12 09:35:00+00:00,0.2840930257724035,0.18235896194113665,985500000000
2019-05-12 09:40:00+00:00,0.2372540533056225,0.19132867809817805,985800000000
2019-05-12 09:45:00+00:00,0.30041383841396124,0.1734338876177351,986100000000
2019-05-12 09:50:00+00:00,0.26554520388149305,0.1684438758966586,986400000000
2019-05-12 09:55:00+00:00,0.2696562187400962,0.15067268009446966,986700000000
2019-05-12 10:00:00+00:00,0.26301579911264317,0.13833013858260387,987000000000
2019-05-12 10:05:00+00:00,0.27142879143324067,0.14933095758839715,987300000000
2019-05-12 10:10:00+00:00,0.30711669632413857,0.1426205782604297,987600000000
2019-05-12 10:15:00+00:00,0.23048307143253488,0.16535854411767595,987900000000
2019-05-12 10:20:00+00:00,0.30720769799948405,0.13972201374139814,988200000000
2019-05-12 10:25:00+00:00,0.2897933026010626,0.16859941695262493,988500000000
2019-05-12 10:30:00+00:00,0.2601914969195487,0.13255234024472812,988800000000
2019-05-12 10:35:00+00:00,0.26405882142032366,0.1407476885449501,989100000000
2019-05-12 10:40:00+00:00,0.3202595314398277,0.21968617205866997,989400000000
2019-05-12 10:45:00+00:00,0.268921048492078,0.1653739688958746,989700000000
2019-05-12 10:50:00+00:00,0.26579608795587034,0.1401697295898882,990000000000
2019-05-12 10:55:00+00:00,0.3125732134496287,0.17575358541984698,990300000000
2019-05-12 11:00:00+00:00,0.297493264802412,0.1631863344726055,990600000000
2019-05-12 11:05:00+00:00,0.27279002116348344,0.16280309925651246,990900000000
2019-05-12 11:10:00+00:00,0.2966380116871934,0.18144064070806987,991200000000
2019-05-12 11:15:00+00:00,0.27247773838767925,0.20139813849717875,991500000000
2019-05-12 11:20:00+00:00,0.3156264798091723,0.15104987256554925,991800000000
2019-05-12 11:25:00+00:00,0.31538442364540487,0.18853440789208387,992100000000
2019-05-12 11:30:00+00:00,0.305273519849177,0.17685275805881573,992400000000
2019-05-12 11:35:00+00:00,0.3022722275138439,0.200294307062642,992700000000
2019-05-12 11:40:00+00:00,0.3305974116555538,0.20545480935690014,993000000000
2019-05-12 11:45:00+00:00,0.2956308983668884,0.18918578318243195,993300000000
2019-05-12 11:50:00+00:00,0.2721919729510849,0.17021690749095258,993600000000
2019-05-12 11:55:00+00:00,0.30493989342974365,0.1643241135521754,993900000000
2019-05-12 12:00:00+00:00,0.33772094099074235,0.22685787452430567,994200000000
2019-05-12 12:05:00+00:00,0.2756830030871582,0.1813798999446083,994500000000
2019-05-12 12:10:00+00:00,0.2886557556811767,0.19150404924320086,994800000000
2019-05-12 12:15:00+00:00,0.30404942591448625,0.20771065895883506,995100000000
2019-05-12 12:20:00+00:00,0.29440666328920245,0.18499749998656065,995400000000
2019-05-12 12:25:00+00:00,0.2755318235702462,0.19493894222449756,995700000000
2019-05-12 12:30:00+00:00,0.31723721966401425,0.19789512323414135,996000000000
2019-05-12 12:35:00+00:00,0.34075226323273144,0.20007018617914668,996300000000
2019-05-12 12:40:00+00:00,0.29775490324342024,0.17852086373638484,996600000000
2019-05-12 12:45:00+00:00,0.2751614262657644,0.16461998039673628,996900000000
2019-05-12 12:50:00+00:00,0.2616040794558094,0.14657462123167478,997200000000
2019-05-12 12:55:00+00:00,0.29701360787419073,0.21084594169191884,997500000000
2019-05-12 13:00:00+00:00,0.31313308747635227,0.1938057597958847,997800000000
2019-05-12 13:05:00+00:00,0.2996913886433523,0.1817096027026695,998100000000
2019-05-12 13:10:00+00:00,0.28920391023830144,0.18128783124150954,998400000000
2019-05-12 13:15:00+00:00,0.27646241972181257,0.22547454216783047,998700000000
2019-05-12 13:20:00+00:00,0.26533284268574636,0.13656522183945463,999000000000
2019-05-12 13:25:00+00:00,0.3027323180300284,0.16473862058369154,999300000000
2019-05-12 13:30:00+00:00,0.3031073623044049,0.154252997033703,999600000000
2019-05-12 13:35:00+00:00,0.25264601502299083,0.14693562424508477,999900000000
2019-05-12 13:40:00+00:00,0.31402072539688874,0.19332280410468045,1000200000000
2019-05-12 13:45:00+00:00,0.29230400231444903,0.16607595102184788,1000500000000
2019-05-12 13:50:00+00:00,0.30734907343520496,0.17361490809808758,1000800000000
2019-05-12 13:55:00+00:00,0.2509859028308679,0.15343963903108337,1001100000000
2019-05-12 14:00:00+00:00,0.24892066079269018,0.13931023997902015,1001400000000
2019-05-12 14:05:00+00:00,0.2716046166278185,0.16916628652034785,1001700000000
2019-05-12 14:10:00+00:00,0.28292551652094716,0.19203999684742037,1002000000000
2019-05-12 14:15:00+00:00,0.3070226583039207,0.19775420437836855,1002300000000
2019-05-12 14:20:00+00:00,0.2833832738085403,0.1876502312284282,1002600000000
2019-05-12 14:25:00+00:00,0.2625158428816598,0.17922787395913028,1002900000000
2019-05-12 14:30:00+00:00,0.24489228355703352,0.15259193333659418,1003200000000
2019-05-12 14:35:00+00:00,0.28801323947387064,0.16963512316346036,1003500000000
2019-05-12 14:40:00+00:00,0.24205700239727562,0.12978914002070147,1003800000000
2019-05-12 14:45:00+00:00,0.291803675550627,0.16725864205766178,1004100000000
2019-05-12 14:50:00+00:00,0.2513761297516102,0.14035196719742823,1004400000000
2019-05-12 14:55:00+00:00,0.2866523468724314,0.18662485465587708,1004700000000
2019-05-12 15:00:00+00:00,0.26614464297916657,0.16662243687938386,1005000000000
2019-05-12 15:05:00+00:00,0.24750093746737942,0.16243571973471368,1005300000000
2019-05-12 15:10:00+00:00,0.237478381483604,0.11928029176815938,1005600000000
2019-05-12 15:15:00+00:00,0.23862538138475559,0.17181021851567493,1005900000000
2019-05-12 15:20:00+00:00,0.2515400308560419,0.14238441108348987,1006200000000
2019-05-12 15:25:00+00:00,0.2420010951964071,0.12320032427635103,1006500000000
2019-05-12 15:30:00+00:00,0.22602131952326726,0.1268284364175241,1006800000000
2019-05-12 15:35:00+00:00,0.23198104127040564,0.18886394461399356,1007100000000
2019-05-12 15:40:00+00:00,0.23421911715815194,0.1327771329650598,1007400000000
2019-05-12 15:45:00+00:00,0.18738585306464375,0.10592958240936774,1007700000000
2019-05-12 15:50:00+00:00,0.23639719243668655,0.1379962218494184,1008000000000
2019-05-12 15:55:00+00:00,0.20487434200751875,0.11995219753588214,1008300000000
2019-05-12 16:00:00+00:00,0.1986000186025511,0.10353048984550557,1008600000000
2019-05-12 16:05:00+00:00,0.18508198395124753,0.11391345203487113,1008900000000
2019-05-12 16:10:00+00:00,0.18007888647234216,0.1295592300473719,1009200000000
2019-05-12 16:15:00+00:00,0.18594268680393677,0.1178513983919362,1009500000000
2019-05-12 16:20:00+00:00,0.19593454233071692,0.09533741942043043,1009800000000
2019-05-12 16:25:00+00:00,0.2462132973404532,0.14084106030559773,1010100000000
2019-05-12 16:30:00+00:00,0.1936349213368581,0.10515040480008227,1010400000000
2019-05-12 16:35:00+00:00,0.20468459675680603,0.12386954741877965,1010700000000
2019-05-12 16:40:00+00:00,0.20609042700675448,0.15026328963529903,1011000000000
2019-05-12 16:45:00+00:00,0.1976288901864583,0.11559967819145732,1011300000000
2019-05-12 16:50:00+00:00,0.1903625562666756,0.11245443638259753,1011600000000
2019-05-12 16:55:00+00:00,0.16488792127710789,0.13448564914265332,1011900000000
2019-05-12 17:00:00+00:00,0.21467474106429374,0.14632896447200947,1012200000000
2019-05-12 17:05:00+00:00,0.2186440389439066,0.14266804900847466,1012500000000
2019-05-12 17:10:00+00:00,0.14567387931937203,0.12656695989765873,1012800000000
2019-05-12 17:15:00+00:00,0.15565797648469146,0.10319101098669514,1013100000000
2019-05-12 17:20:00+00:00,0.16733990869138662,0.060673402375281515,1013400000000
2019-05-12 17:25:00+00:00,0.15043052980806032,0.10691163304244342,1013700000000
2019-05-12 17:30:00+00:00,0.1766149065687912,0.07412877479890172,1014000000000
2019-05-12 17:35:00+00:00,0.14869514273521806,0.09825719301277978,1014300000000
2019-05-12 17:40:00+00:00,0.20331892721272588,0.08771648484505074,1014600000000
2019-05-12 17:45:00+00:00,0.18057977460472585,0.09901075655483711,1014900000000
2019-05-12 17:50:00+00:00,0.15776661093966668,0.08738427597160259,1015200000000
2019-05-12 17:55:00+00:00,0.17079806913268816,0.08707645933497783,1015500000000
2019-05-12 18:00:00+00:00,0.16911800848714714,0.09449376514846429,1015800000000
2019-05-12 18:05:00+00:00,0.1324627063725393,0.10012885823073461,1016100000000
2019-05-12 18:10:00+00:00,0.12416052478213811,0.06021725662609179,1016400000000
2019-05-12 18:15:00+00:00,0.13879405854153667,0.09417925271513282,1016700000000
2019-05-12 18:20:00+00:00,0.1512149166333648,0.07141595718787289,1017000000000
2019-05-12 18:25:00+00:00,0.13352062118971783,0.07632238118598811,1017300000000
2019-05-12 18:30:00+00:00,0.09596447485650597,0.06405547024045259,1017600000000
2019-05-12 18:35:00+00:00,0.10822222541471666,0.0450027669164588,1017900000000
2019-05-12 18:40:00+00:00,0.1195844271891834,0.04551624765529623,1018200000000
2019-05-12 18:45:00+00:00,0.11634813961106415,0.07964644677821625,1018500000000
2019-05-12 18:50:00+00:00,0.1541237903339681,0.11493588218719364,1018800000000
2019-05-12 18:55:00+00:00,0.08378013508087305,0.04868678065877639,1019100000000
2019-05-12 19:00:00+00:00,0.11845559473800571,0.06192709871166934,1019400000000
2019-05-12 19:05:00+00:00,0.1349884656174728,0.08410658712425141,1019700000000
2019-05-12 19:10:00+00:00,0.14751756942725822,0.08962014003166253,1020000000000
2019-05-12 19:15:00+00:00,0.09090446507417925,0.05940072985873258,1020300000000
2019-05-12 19:20:00+00:00,0.10574778977777587,0.012883771860391226,1020600000000
2019-05-12 19:25:00+00:00,0.10426561251252933,0.04117728168419833,1020900000000
2019-05-12 19:30:00+00:00,0.09375711977630145,0.03934966975704379,1021200000000
2019-05-12 19:35:00+00:00,0.08487498138529184,0.05394234140140636,1021500000000
2019-05-12 19:40:00+00:00,0.09260454630667206,0.05928028545644856,1021800000000
2019-05-12 19:45:00+00:00,0.030303441429421596,0.030905674631333677,1022100000000
2019-05-12 19:50:00+00:00,0.0916846533715525,0.06016242700714024,1022400000000
2019-05-12 19:55:00+00:00,0.07769468717977557,0.020602110900118622,1022700000000
2019-05-12 20:00:00+00:00,0.06788383539776849,0.0696703935903623,1023000000000
2019-05-12 20:05:00+00:00,0.11046847741253432,0.09171945251596791,1023300000000
2019-05-12 20:10:00+00:00,0.05326748948327614,0.006796547889427164,1023600000000
2019-05-12 20:15:00+00:00,0.055977945265759214,0.040240873046939185,1023900000000
2019-05-12 20:20:00+00:00,0.10118348948032733,0.04880160598333608,1024200000000
2019-05-12 20:25:00+00:00,0.04206510442624269,0.028016342439756578,1024500000000
2019-05-12 20:30:00+00:00,0.04510014665662769,0.04812629358681403,1024800000000
2019-05-12 20:35:00+00:00,0.05060152625932843,0.07296300108201623,1025100000000
2019-05-12 20:40:00+00:00,0.06784099263405372,0.05573014968328443,1025400000000
2019-05-12 20:45:00+00:00,0.05271251121538893,0.037526201431436076,1025700000000
2019-05-12 20:50:00+00:00,0.020281184136828053,0.005372287115930889,1026000000000
2019-05-12 20:55:00+00:00,0.033115781481225945,0.023512166308959095,1026300000000
2019-05-12 21:00:00+00:00,0.029286894157773094,0.044767574361230134,1026600000000
2019-05-12 21:05:00+00:00,0.037614873675464525,0.02167474907008701,1026900000000
2019-05-12 21:10:00+00:00,0.04545305042885606,0.009549577230360626,1027200000000
2019-05-12 21:15:00+00:00,0.043129810662580204,0.0,1027500000000
2019-05-12 21:20:00+00:00,0.0,0.010260957348205016,1027800000000
2019-05-12 21:25:00+00:00,0.05186559173172939,0.03606511755159242,1028100000000
2019-05-12 21:30:00+00:00,0.03363170920957968,0.007260862060501876,1028400000000
2019-05-12 21:35:00+00:00,0.054321172533977474,0.05311298603453243,1028700000000
2019-05-12 21:40:00+00:00,0.03362227101357567,0.011737825320392792,1029000000000
2019-05-12 21:45:00+00:00,0.04493101730933369,0.024265728549104307,1029300000000
2019-05-12 21:50:00+00:00,0.03046107824595798,0.017943364281615914,1029600000000
2019-05-12 21:55:00+00:00,0.04634051230089047,0.020785252537772518,1029900000000
2019-05-12 22:00:00+00:00,0.028207868819355428,0.021642022606604673,1030200000000
2019-05-12 22:05:00+00:00,0.014213237270571652,0.03155824528100301,1030500000000
2019-05-12 22:10:00+00:00,0.060091513876648454,0.013205270363620614,1030800000000
2019-05-12 22:15:00+00:00,0.030958164549027823,0.028345301498896868,1031100000000
2019-05-12 22:20:00+00:00,0.023250942586813157,0.017393738944216714,1031400000000
2019-05-12 22:25:00+00:00,0.0,0.003075276590894125,1031700000000
2019-05-12 22:30:00+00:00,0.0,0.017436891397481814,1032000000000
2019-05-12 22:35:00+00:00,0.013817018139306195,0.009276159387926891,1032300000000
2019-05-12 22:40:00+00:00,0.00973430861525657,0.015445170407268002,1032600000000
2019-05-12 22:45:00+00:00,0.0,0.014317292591422944,1032900000000
2019-05-12 22:50:00+00:00,0.007567666935562645,0.0,1033200000000
2019-05-12 22:55:00+00:00,0.035584504847426555,0.027334372124731898,1033500000000
2019-05-12 23:00:00+00:00,0.016852508880979316,0.005095753184374951,1033800000000
2019-05-12 23:05:00+00:00,0.0,0.0,1034100000000
2019-05-12 23:10:00+00:00,0.0,0.0,1034400000000
2019-05-12 23:15:00+00:00,0.0,0.009421608081937729,1034700000000
2019-05-12 23:20:00+00:00,0.0,0.0016328941803650744,1035000000000
2019-05-12 23:25:00+00:00,0.0,0.007890880686333488,1035300000000
2019-05-12 23:30:00+00:00,0.0,0.0,1035600000000
2019-05-12 23:35:00+00:00,0.0,0.0,1035900000000
2019-05-12 23:40:00+00:00,0.0,0.0006273683219941695,1036200000000
2019-05-12 23:45:00+00:00,0.0,0.00127075910313634,1036500000000
2019-05-12 23:50:00+00:00,0.0,0.0048519187430692045,1036800000000
2019-05-12 23:55:00+00:00,0.03908124753915803,0.01157416464977998,1037100000000
2019-05-13 00:00:00+00:00,0.0,0.0,1037400000000
2019-05-13 00:05:00+00:00,0.0,0.01249213289788556,1037700000000
2019-05-13 00:10:00+00:00,0.0,0.0,1038000000000
2019-05-13 00:15:00+00:00,0.0,0.0034248809536999154,1038300000000
2019-05-13 00:20:00+00:00,0.0,0.0,1038600000000
2019-05-13 00:25:00+00:00,0.0,0.0,1038900000000
2019-05-13 00:30:00+00:00,0.0,0.0,1039200000000
2019-05-13 00:35:00+00:00,0.0,0.0,1039500000000
2019-05-13 00:40:00+00:00,0.0,0.009474633215373143,1039800000000
2019-05-13 00:45:00+00:00,0.0,0.0,1040100000000
2019-05-13 00:50:00+00:00,0.0,0.0032790296178962126,1040400000000
2019-05-13 00:55:00+00:00,0.0,0.008209204438041557,1040700000000
2019-05-13 01:00:00+00:00,0.0,0.0,1041000000000
2019-05-13 01:05:00+00:00,0.0,0.0,1041300000000
2019-05-13 01:10:00+00:00,0.0,0.048521712277061056,1041600000000
2019-05-13 01:15:00+00:00,0.0,0.0,1041900000000
2019-05-13 01:20:00+00:00,0.0,0.012468343172023168,1042200000000
2019-05-13 01:25:00+00:00,0.0,0.03878927099140248,1042500000000
2019-05-13 01:30:00+00:00,0.0,0.015798154937077865,1042800000000
2019-05-13 01:35:00+00:00,0.0,0.0,1043100000000
2019-05-13 01:40:00+00:00,0.0,0.0,1043400000000
2019-05-13 01:45:00+00:00,0.0,0.0,1043700000000
2019-05-13 01:50:00+00:00,0.0,0.017633928539154846,1044000000000
2019-05-13 01:55:00+00:00,0.0,0.011325414161173766,1044300000000
2019-05-13 02:00:00+00:00,0.0,0.0,1044600000000
2019-05-13 02:05:00+00:00,0.0,0.0,1044900000000
2019-05-13 02:10:00+00:00,0.0,0.0,1045200000000
2019-05-13 02:15:00+00:00,0.0,0.019730280076084017,1045500000000
2019-05-13 02:20:00+00:00,0.0,0.0024074625791112155,1045800000000
2019-05-13 02:25:00+00:00,0.0,0.004299690726655031,1046100000000
2019-05-13 02:30:00+00:00,0.010017569600249306,0.0,1046400000000
2019-05-13 02:35:00+00:00,0.0,0.0,1046700000000
2019-05-13 02:40:00+00:00,0.0,0.01925227149423265,1047000000000
2019-05-13 02:45:00+00:00,0.0,0.0008407807399446148,1047300000000
2019-05-13 02:50:00+00:00,0.0,0.018144693201152407,1047600000000
2019-05-13 02:55:00+00:00,0.0,0.0,1047900000000
2019-05-13 03:00:00+00:00,0.0023579665692841888,0.0,1048200000000
2019-05-13 03:05:00+00:00,0.0,0.014265963532412643,1048500000000
2019-05-13 03:10:00+00:00,0.007419238142665065,0.019098504478609533,1048800000000
2019-05-13 03:15:00+00:00,0.03834287520286115,0.03895703757543577,1049100000000
2019-05-13 03:20:00+00:00,0.018447434551459665,0.005164435668821874,1049400000000
2019-05-13 03:25:00+00:00,0.003719153470221078,0.014522436835150004,1049700000000
2019-05-13 03:30:00+00:00,0.003606109560959836,0.024345655046110276,1050000000000
2019-05-13 03:35:00+00:00,0.0027673122840874394,0.0,1050300000000
2019-05-13 03:40:00+00:00,0.036187463907496595,0.011442711069016882,1050600000000
2019-05-13 03:45:00+00:00,0.0027431961280343833,0.028500869743155948,1050900000000
2019-05-13 03:50:00+00:00,0.0320223583179315,0.006124500319732757,1051200000000
2019-05-13 03:55:00+00:00,0.03284287055221854,0.032295252273620664,1051500000000
2019-05-13 04:00:00+00:00,0.022521273231162174,0.012344317728300077,1051800000000
2019-05-13 04:05:00+00:00,0.005881386640520425,0.0,1052100000000
2019-05-13 04:10:00+00:00,0.040598266871926636,0.04693084147272758,1052400000000
2019-05-13 04:15:00+00:00,0.03375974166358822,0.0,1052700000000
2019-05-13 04:20:00+00:00,0.04533429234984958,0.0,1053000000000
2019-05-13 04:25:00+00:00,0.02765210150351754,0.027137862491723955,1053300000000
2019-05-13 04:30:00+00:00,0.06576391112149726,0.04999977064646067,1053600000000
2019-05-13 04:35:00+00:00,0.02686270752209596,0.003366027355706862,1053900000000
2019-05-13 04:40:00+00:00,0.08171556195928598,0.051985778981636484,1054200000000
2019-05-13 04:45:00+00:00,0.015623016674627267,0.0,1054500000000
2019-05-13 04:50:00+00:00,0.062395086921053944,0.05157656144204435,1054800000000
2019-05-13 04:55:00+00:00,0.06635370599032908,0.04480673333526939,1055100000000
2019-05-13 05:00:00+00:00,0.044099335209137974,0.025546744058806876,1055400000000
2019-05-13 05:05:00+00:00,0.07168221713051631,0.04342615992106522,1055700000000
2019-05-13 05:10:00+00:00,0.09198554241560015,0.06505640897322072,1056000000000
2019-05-13 05:15:00+00:00,0.025275074910500177,0.014587014476342886,1056300000000
2019-05-13 05:20:00+00:00,0.08289655838866576,0.012256824978575047,1056600000000
2019-05-13 05:25:00+00:00,0.026218853442688247,0.059657956756063404,1056900000000
2019-05-13 05:30:00+00:00,0.06002444176319368,0.06003068144648523,1057200000000
2019-05-13 05:35:00+00:00,0.1271720508733136,0.050604337284891596,1057500000000
2019-05-13 05:40:00+00:00,0.0814283619129745,0.041954272538252894,1057800000000
2019-05-13 05:45:00+00:00,0.06806790451014046,0.03612005890296346,1058100000000
2019-05-13 05:50:00+00:00,0.08847055953772896,0.07465932705281664,1058400000000
2019-05-13 05:55:00+00:00,0.13707200511919815,0.039057824365123534,1058700000000
2019-05-13 06:00:00+00:00,0.06236635505587902,0.027439647744931628,1059000000000
2019-05-13 06:05:00+00:00,0.08125992341128727,0.013543225180022288,1059300000000
2019-05-13 06:10:00+00:00,0.1355193195461712,0.07560968141113594,1059600000000
2019-05-13 06:15:00+00:00,0.14600618292194478,0.07815369189146877,1059900000000
2019-05-13 06:20:00+00:00,0.11006029248189789,0.06763005683679298,1060200000000
2019-05-13 06:25:00+00:00,0.0906184216217071,0.04227356499284059,1060500000000
2019-05-13 06:30:00+00:00,0.16057913220252445,0.0813270114937042,1060800000000
2019-05-13 06:35:00+00:00,0.15380457798569325,0.1046758806266789,1061100000000
2019-05-13 06:40:00+00:00,0.13873727751639642,0.09233582132868946,1061400000000
2019-05-13 06:45:00+00:00,0.11214050132367134,0.07831226764976765,1061700000000
2019-05-13 06:50:00+00:00,0.1306242441628435,0.07483654468788924,1062000000000
2019-05-13 06:55:00+00:00,0.1315984600058065,0.0675243043589801,1062300000000
2019-05-13 07:00:00+00:00,0.14460654952435711,0.08438688007419884,1062600000000
2019-05-13 07:05:00+00:00,0.17017493642283132,0.11212820325506782,1062900000000
2019-05-13 07:10:00+00:00,0.16188865519283518,0.05359759909626414,1063200000000
2019-05-13 07:15:00+00:00,0.12587673158911147,0.08340827756088404,1063500000000
2019-05-13 07:20:00+00:00,0.17805517272146382,0.11301586737957425,1063800000000
2019-05-13 07:25:00+00:00,0.15986445965392948,0.09716169391407223,1064100000000
2019-05-13 07:30:00+00:00,0.17039383077194317,0.09925003002573239,1064400000000
2019-05-13 07:35:00+00:00,0.18900670955327237,0.062081638013315135,1064700000000
2019-05-13 07:40:00+00:00,0.14043891204861195,0.07546628196715904,1065000000000
2019-05-13 07:45:00+00:00,0.16491845862538732,0.13473984939677985,1065300000000
2019-05-13 07:50:00+00:00,0.15793875651362554,0.09502127981954143,1065600000000
2019-05-13 07:55:00+00:00,0.140110571275044,0.07792054599153204,1065900000000
2019-05-13 08:00:00+00:00,0.18126753288543174,0.1090986436430613,1066200000000
2019-05-13 08:05:00+00:00,0.22739434197799024,0.14353206255935433,1066500000000
2019-05-13 08:10:00+00:00,0.14315449747301862,0.09906910337760044,1066800000000
2019-05-13 08:15:00+00:00,0.18206492273195118,0.10466135037601186,1067100000000
2019-05-13 08:20:00+00:00,0.1982362130430411,0.12744011987369833,1067400000000
2019-05-13 08:25:00+00:00,0.19056078906543975,0.14786948949449102,1067700000000
2019-05-13 08:30:00+00:00,0.18846831996766045,0.13320600796925056,1068000000000
2019-05-13 08:35:00+00:00,0.16733474911424967,0.14720685378568937,1068300000000
2019-05-13 08:40:00+00:00,0.20051832075622816,0.10717558528670255,1068600000000
2019-05-13 08:45:00+00:00,0.18322492605802587,0.14345874578485582,1068900000000
2019-05-13 08:50:00+00:00,0.15701231926500048,0.07839391876054838,1069200000000
2019-05-13 08:55:00+00:00,0.22710491388872597,0.14333427126804485,1069500000000
2019-05-13 09:00:00+00:00,0.22473373357482385,0.14948977072965627,1069800000000
2019-05-13 09:05:00+00:00,0.20890170273487282,0.11512547780283425,1070100000000
2019-05-13 09:10:00+00:00,0.2147008720634105,0.1305798087875318,1070400000000
2019-05-13 09:15:00+00:00,0.23380399804282415,0.15849162087473131,1070700000000
2019-05-13 09:20:00+00:00,0.2189490151589646,0.1171639911291406,1071000000000
2019-05-13 09:25:00+00:00,0.2346324680036033,0.1741671499931149,1071300000000
2019-05-13 09:30:00+00:00,0.2126366903595428,0.0998900817211787,1071600000000
2019-05-13 09:35:00+00:00,0.2468035876338231,0.18687598143486156,1071900000000
2019-05-13 09:40:00+00:00,0.228899632273114,0.15736630205986024,1072200000000
2019-05-13 09:45:00+00:00,0.22822648071749935,0.13514137690394404,1072500000000
2019-05-13 09:50:00+00:00,0.200746383986582,0.11239446616721457,1072800000000
2019-05-13 09:55:00+00:00,0.2336286754647545,0.13003664002303222,1073100000000
2019-05-13 10:00:00+00:00,0.2129313788844437,0.1250429145255259,1073400000000
2019-05-13 10:05:00+00:00,0.2184239143811118,0.13008443139769055,1073700000000
2019-05-13 10:10:00+00:00,0.21643855685485494,0.15496765904560458,1074000000000
2019-05-13 10:15:00+00:00,0.2129145459252524,0.16712180956284312,1074300000000
2019-05-13 10:20:00+00:00,0.27816381833805903,0.17088588941591557,1074600000000
2019-05-13 10:25:00+00:00,0.26365961421879697,0.1412831987714901,1074900000000
2019-05-13 10:30:00+00:00,0.2767392799195778,0.1551290471390228,1075200000000
2019-05-13 10:35:00+00:00,0.2151071688901976,0.12540248564189288,1075500000000
2019-05-13 10:40:00+00:00,0.24215674589388184,0.12469160543039359,1075800000000
2019-05-13 10:45:00+00:00,0.21596103358685104,0.10599779210996303,1076100000000
2019-05-13 10:50:00+00:00,0.22894920062384855,0.17931206462176968,1076400000000
2019-05-13 10:55:00+00:00,0.22546438293400228,0.14133090027932643,1076700000000
2019-05-13 11:00:00+00:00,0.2695138874055247,0.14504566976970787,1077000000000
2019-05-13 11:05:00+00:00,0.23762393913217653,0.15890643488646017,1077300000000
2019-05-13 11:10:00+00:00,0.2676730988529816,0.13703693681565204,1077600000000
2019-05-13 11:15:00+00:00,0.25907520985225496,0.13352488495393192,1077900000000
2019-05-13 11:20:00+00:00,0.2936828268828161,0.16014884810840474,1078200000000
2019-05-13 11:25:00+00:00,0.2185681198851472,0.16423113754838897,1078500000000
2019-05-13 11:30:00+00:00,0.2738180606684743,0.1592332350855171,1078800000000
2019-05-13 11:35:00+00:00,0.271967823696918,0.11434655448010109,1079100000000
2019-05-13 11:40:00+00:00,0.22990607239766567,0.16214496210211124,1079400000000
2019-05-13 11:45:00+00:00,0.26977983854858706,0.15574027584590508,1079700000000
2019-05-13 11:50:00+00:00,0.25655235472002547,0.11694325271444717,1080000000000
2019-05-13 11:55:00+00:00,0.2454008899740293,0.1409068642251494,1080300000000
2019-05-13 12:00:00+00:00,0.23352129026056007,0.1505328520884341,1080600000000
2019-05-13 12:05:00+00:00,0.23559600392189153,0.14943858568379428,1080900000000
2019-05-13 12:10:00+00:00,0.29088125293077494,0.21049705134176136,1081200000000
2019-05-13 12:15:00+00:00,0.2497341615316068,0.13278513966756544,1081500000000
2019-05-13 12:20:00+00:00,0.26512736029994655,0.16001081858526736,1081800000000
2019-05-13 12:25:00+00:00,0.2333599075444413,0.12602455895509634,1082100000000
2019-05-13 12:30:00+00:00,0.23320300361497218,0.10907794428523886,1082400000000
2019-05-13 12:35:00+00:00,0.269991144977385,0.17970523443255013,1082700000000
2019-05-13 12:40:00+00:00,0.22084074983191163,0.14176984128209738,1083000000000
2019-05-13 12:45:00+00:00,0.23893851670237923,0.1490366790154046,1083300000000
2019-05-13 12:50:00+00:00,0.37337323501949016,0.23255974487686698,1083600000000
2019-05-13 12:55:00+00:00,0.2733034196548012,0.1502725947391123,1083900000000
2019-05-13 13:00:00+00:00,0.2414736749097038,0.12477030319945841,1084200000000
2019-05-13 13:05:00+00:00,0.2521044293353629,0.15201560504460493,1084500000000
2019-05-13 13:10:00+00:00,0.25710910217303445,0.17748968935205295,1084800000000
2019-05-13 13:15:00+00:00,0.25694060366678567,0.18632590490914236,1085100000000
2019-05-13 13:20:00+00:00,0.22146003916675205,0.1487846776361999,1085400000000
2019-05-13 13:25:00+00:00,0.2343541895449545,0.1411960022623346,1085700000000
2019-05-13 13:30:00+00:00,0.26272718711423154,0.16303199085653763,1086000000000
2019-05-13 13:35:00+00:00,0.2554535545082834,0.15350400989147747,1086300000000
2019-05-13 13:40:00+00:00,0.20876675680365422,0.10474118728820397,1086600000000
2019-05-13 13:45:00+00:00,0.24185217590361444,0.14560425310637953,1086900000000
2019-05-13 13:50:00+00:00,0.19379267554479246,0.08957906897510562,1087200000000
2019-05-13 13:55:00+00:00,0.2327671558417781,0.13717874898300605,1087500000000
2019-05-13 14:00:00+00:00,0.26819248423591807,0.1936375927534772,1087800000000
2019-05-13 14:05:00+00:00,0.2096261484777841,0.1422328735423375,1088100000000
2019-05-13 14:10:00+00:00,0.2101833670732123,0.10764763655919678,1088400000000
2019-05-13 14:15:00+00:00,0.24037603747683925,0.14277704109325787,1088700000000
2019-05-13 14:20:00+00:00,0.19240566522804414,0.09875587290173173,1089000000000
2019-05-13 14:25:00+00:00,0.20871436782019911,0.12397834532857525,1089300000000
2019-05-13 14:30:00+00:00,0.23134849046198583,0.15963125060768274,1089600000000
2019-05-13 14:35:00+00:00,0.20472751106570025,0.1358966654056182,1089900000000
2019-05-13 14:40:00+00:00,0.21063171116807122,0.17606190831574944,1090200000000
2019-05-13 14:45:00+00:00,0.22811801866148051,0.16072035924703973,1090500000000
2019-05-13 14:50:00+00:00,0.21949474441447236,0.13577685427023725,1090800000000
2019-05-13 14:55:00+00:00,0.21417707334598174,0.14204924349025488,1091100000000
2019-05-13 15:00:00+00:00,0.199783571592581,0.11582127947188188,1091400000000
2019-05-13 15:05:00+00:00,0.21164206956160847,0.10443515679523514,1091700000000
2019-05-13 15:10:00+00:00,0.19939165531813222,0.14575052475662972,1092000000000
2019-05-13 15:15:00+00:00,0.20859965113019213,0.14533962021674823,1092300000000
2019-05-13 15:20:00+00:00,0.18703505650617672,0.10739994961182674,1092600000000
2019-05-13 15:25:00+00:00,0.19080658578446114,0.11996266620930345,1092900000000
2019-05-13 15:30:00+00:00,0.17209839183360195,0.1280778188478573,1093200000000
2019-05-13 15:35:00+00:00,0.1885935172766344,0.13008313889010104,1093500000000
2019-05-13 15:40:00+00:00,0.17042755929119122,0.07299451054972075,1093800000000
2019-05-13 15:45:00+00:00,0.16167960594969927,0.10188016399961605,1094100000000
2019-05-13 15:50:00+00:00,0.18640705309801953,0.10849160134904444,1094400000000
2019-05-13 15:55:00+00:00,0.182723562019009,0.13189415119417902,1094700000000
2019-05-13 16:00:00+00:00,0.1913241413656384,0.13541533959503627,1095000000000
2019-05-13 16:05:00+00:00,0.16420635950196258,0.12489597226473845,1095300000000
2019-05-13 16:10:00+00:00,0.17811779336643416,0.08451278924545633,1095600000000
2019-05-13 16:15:00+00:00,0.17806758831165684,0.09115832230586933,1095900000000
2019-05-13 16:20:00+00:00,0.17301043763995771,0.1260879113066834,1096200000000
2019-05-13 16:25:00+00:00,0.14463504093388,0.07494810825347908,1096500000000
2019-05-13 16:30:00+00:00,0.161139784500187,0.06625521108182605,1096800000000
2019-05-13 16:35:00+00:00,0.16241240055253767,0.10809937008380391,1097100000000
2019-05-13 16:40:00+00:00,0.15222436861478583,0.08039025236355203,1097400000000
2019-05-13 16:45:00+00:00,0.10727803329471866,0.1001626353829992,1097700000000
2019-05-13 16:50:00+00:00,0.1491212179606641,0.09539642185616773,1098000000000
2019-05-13 16:55:00+00:00,0.1870444173370387,0.11543183613505652,1098300000000
2019-05-13 17:00:00+00:00,0.1324554047235709,0.07208836500182739,1098600000000
2019-05-13 17:05:00+00:00,0.12193856411404146,0.10497984514696429,1098900000000
2019-05-13 17:10:00+00:00,0.14079402439605476,0.09164750383542927,1099200000000
2019-05-13 17:15:00+00:00,0.13638611251174948,0.07366167714392556,1099500000000
2019-05-13 17:20:00+00:00,0.1507908188472582,0.07459281717624597,1099800000000
2019-05-13 17:25:00+00:00,0.09856392258808748,0.05766889246156812,1100100000000
2019-05-13 17:30:00+00:00,0.13512320055117483,0.061520983587608775,1100400000000
2019-05-13 17:35:00+00:00,0.12906902800837855,0.09801896563860601,1100700000000
2019-05-13 17:40:00+00:00,0.11117487511778189,0.030538083990184456,1101000000000
2019-05-13 17:45:00+00:00,0.1175425490762867,0.0677352488791106,1101300000000
2019-05-13 17:50:00+00:00,0.1281042799589906,0.08906523887715304,1101600000000
2019-05-13 17:55:00+00:00,0.12170465146686359,0.0798651792823113,1101900000000
2019-05-13 18:00:00+00:00,0.07813961375852534,0.03253810879480182,1102200000000
2019-05-13 18:05:00+00:00,0.11414481986881282,0.08169206605541868,1102500000000
2019-05-13 18:10:00+00:00,0.093191097572326,0.03819387077567746,1102800000000
2019-05-13 18:15:00+00:00,0.09268867924245515,0.05516551441553689,1103100000000
2019-05-13 18:20:00+00:00,0.08944613396344092,0.06670451181767167,1103400000000
2019-05-13 18:25:00+00:00,0.08173455344068536,0.05829898765427348,1103700000000
2019-05-13 18:30:00+00:00,0.1053385544424662,0.04970235243709036,1104000000000
2019-05-13 18:35:00+00:00,0.07660435509675037,0.0699125033893375,1104300000000
2019-05-13 18:40:00+00:00,0.05267296189340657,0.03333766856575462,1104600000000
2019-05-13 18:45:00+00:00,0.06399085457818726,0.05325442096569539,1104900000000
2019-05-13 18:50:00+00:00,0.07224684113438254,0.07393012481409447,1105200000000
2019-05-13 18:55:00+00:00,0.09008418961479298,0.07640092474436792,1105500000000
2019-05-13 19:00:00+00:00,0.07440570360026393,0.06704601028677923,1105800000000
2019-05-13 19:05:00+00:00,0.04219549787596515,0.029170897322568536,1106100000000
2019-05-13 19:10:00+00:00,0.10579237285238119,0.07935412612963891,1106400000000
2019-05-13 19:15:00+00:00,0.0582879197574191,0.03924468334573778,1106700000000
2019-05-13 19:20:00+00:00,0.0754270154833512,0.021069719934442455,1107000000000
2019-05-13 19:25:00+00:00,0.04383611669701086,0.032356545868307364,1107300000000
2019-05-13 19:30:00+00:00,0.05451467003934564,0.037836021698376694,1107600000000
2019-05-13 19:35:00+00:00,0.05764125550044512,0.046259340530703456,1107900000000
2019-05-13 19:40:00+00:00,0.06224893275175919,0.03478942014678761,1108200000000
2019-05-13 19:45:00+00:00,0.0560957292413808,0.018428326409551464,1108500000000
2019-05-13 19:50:00+00:00,0.04948720357176038,0.042822443806560764,1108800000000
2019-05-13 19:55:00+00:00,0.022869394482653155,0.0,1109100000000
2019-05-13 20:00:00+00:00,0.014898412494211647,0.038115430213656376,1109400000000
2019-05-13 20:05:00+00:00,0.03018338370462806,0.013481668998676987,1109700000000
2019-05-13 20:10:00+00:00,0.03942873130590952,0.028567802224669078,1110000000000
2019-05-13 20:15:00+00:00,0.013585051031526844,0.019322193684547545,1110300000000
2019-05-13 20:20:00+00:00,0.03665586275051953,0.033807278547195535,1110600000000
2019-05-13 20:25:00+00:00,0.04175866543296258,0.0,1110900000000
2019-05-13 20:30:00+00:00,0.0,0.016481731610885272,1111200000000
2019-05-13 20:35:00+00:00,0.0,0.006063076567525467,1111500000000
2019-05-13 20:40:00+00:00,0.002218801813356859,0.0,1111800000000
2019-05-13 20:45:00+00:00,0.008708714432107424,0.0,1112100000000
2019-05-13 20:50:00+00:00,0.0,0.0,1112400000000
2019-05-13 20:55:00+00:00,0.024803206321113373,0.0,1112700000000
2019-05-13 21:00:00+00:00,0.003915320052387112,0.03679453985117278,1113000000000
2019-05-13 21:05:00+00:00,0.0,0.029723026502866887,1113300000000
2019-05-13 21:10:00+00:00,0.0,0.009034004019518786,1113600000000
2019-05-13 21:15:00+00:00,0.0,0.0,1113900000000
2019-05-13 21:20:00+00:00,0.0,0.0,1114200000000
2019-05-13 21:25:00+00:00,0.0,0.015161314123479363,1114500000000
2019-05-13 21:30:00+00:00,0.0028330804825293272,0.036856386279556605,1114800000000
2019-05-13 21:35:00+00:00,0.0,0.0,1115100000000
2019-05-13 21:40:00+00:00,0.04360016385965629,0.003808377463327288,1115400000000
2019-05-13 21:45:00+00:00,0.023062883166940093,0.04479054537206948,1115700000000
2019-05-13 21:50:00+00:00,0.0,0.0,1116000000000
2019-05-13 21:55:00+00:00,0.0,0.0,1116300000000
2019-05-13 22:00:00+00:00,0.0,0.0,1116600000000
2019-05-13 22:05:00+00:00,0.004234994397790022,0.0,1116900000000
2019-05-13 22:10:00+00:00,0.0,0.022242981256131965,1117200000000
2019-05-13 22:15:00+00:00,0.0,0.017138105410102,1117500000000
2019-05-13 22:20:00+00:00,0.0,0.0,1117800000000
2019-05-13 22:25:00+00:00,0.0,0.025592282383554956,1118100000000
2019-05-13 22:30:00+00:00,0.0,0.028985848568076525,1118400000000
2019-05-13 22:35:00+00:00,0.0,0.0,1118700000000
2019-05-13 22:40:00+00:00,0.0,0.0,1119000000000
2019-05-13 22:45:00+00:00,0.0,0.045192040554849565,1119300000000
2019-05-13 22:50:00+00:00,0.0,0.0144232364416831,1119600000000
2019-05-13 22:55:00+00:00,0.0,0.005126493059377067,1119900000000
2019-05-13 23:00:00+00:00,0.0,0.02727091893279225,1120200000000
2019-05-13 23:05:00+00:00,0.0,0.006038612700060428,1120500000000
2019-05-13 23:10:00+00:00,0.0,0.0,1120800000000
2019-05-13 23:15:00+00:00,0.0,0.0016031952097510696,1121100000000
2019-05-13 23:20:00+00:00,0.0,0.020773085746394703,1121400000000
2019-05-13 23:25:00+00:00,0.0,0.0,1121700000000
2019-05-13 23:30:00+00:00,0.0,0.0,1122000000000
2019-05-13 23:35:00+00:00,0.0,0.0276611479716321,1122300000000
2019-05-13 23:40:00+00:00,0.0,0.0,1122600000000
2019-05-13 23:45:00+00:00,0.0,0.030922171208628196,1122900000000
2019-05-13 23:50:00+00:00,0.0,0.028294876387196254,1123200000000
2019-05-13 23:55:00+00:00,0.0,0.0,1123500000000
2019-05-14 00:00:00+00:00,0.0,0.0,1123800000000
2019-05-14 00:05:00+00:00,0.0,0.0,1124100000000
2019-05-14 00:10:00+00:00,0.0,0.05329228984002869,1124400000000
2019-05-14 00:15:00+00:00,0.0,0.037488488938664875,1124700000000
2019-05-14 00:20:00+00:00,0.0,0.002507819436134766,1125000000000
2019-05-14 00:25:00+00:00,0.0,0.0,1125300000000
2019-05-14 00:30:00+00:00,0.0,0.002340820711625263,1125600000000
2019-05-14 00:35:00+00:00,0.0,0.004876538532335294,1125900000000
2019-05-14 00:40:00+00:00,0.0,0.0,1126200000000
2019-05-14 00:45:00+00:00,0.0,0.0016008253843052037,1126500000000
2019-05-14 00:50:00+00:00,0.0,0.0264480864962346,1126800000000
2019-05-14 00:55:00+00:00,0.0,0.0,1127100000000
2019-05-14 01:00:00+00:00,0.0,0.016531679302744965,1127400000000
2019-05-14 01:05:00+00:00,0.0,0.027495959401095595,1127700000000
2019-05-14 01:10:00+00:00,0.0,0.0,1128000000000
2019-05-14 01:15:00+00:00,0.0,0.033883515163821126,1128300000000
2019-05-14 01:20:00+00:00,0.0,0.0,1128600000000
2019-05-14 01:25:00+00:00,0.0,0.008821653237208075,1128900000000
2019-05-14 01:30:00+00:00,0.0,0.0,1129200000000
2019-05-14 01:35:00+00:00,0.0,0.0,1129500000000
2019-05-14 01:40:00+00:00,0.0,0.0,1129800000000
2019-05-14 01:45:00+00:00,0.0,0.013971509617240396,1130100000000
2019-05-14 01:50:00+00:00,0.0,0.016976109154628983,1130400000000
2019-05-14 01:55:00+00:00,0.0,0.0,1130700000000
2019-05-14 02:00:00+00:00,0.0,0.0,1131000000000
2019-05-14 02:05:00+00:00,0.0,0.008063403332687796,1131300000000
2019-05-14 02:10:00+00:00,0.0,0.008440287188213878,1131600000000
2019-05-14 02:15:00+00:00,0.0,0.0,1131900000000
2019-05-14 02:20:00+00:00,0.0,0.037344625743616175,1132200000000
2019-05-14 02:25:00+00:00,0.0,0.0,1132500000000
2019-05-14 02:30:00+00:00,0.0,0.0,1132800000000
2019-05-14 02:35:00+00:00,0.0,0.0,1133100000000
2019-05-14 02:40:00+00:00,0.0,0.01420849068182899,1133400000000
2019-05-14 02:45:00+00:00,0.0,0.0,1133700000000
2019-05-14 02:50:00+00:00,0.0,0.0,1134000000000
2019-05-14 02:55:00+00:00,0.0,0.019020426723563095,1134300000000
2019-05-14 03:00:00+00:00,0.0,0.009250958455954993,1134600000000
2019-05-14 03:05:00+00:00,0.0,0.007541218192567997,1134900000000
2019-05-14 03:10:00+00:00,0.0,0.015628578389310564,1135200000000
2019-05-14 03:15:00+00:00,0.0,0.0,1135500000000
2019-05-14 03:20:00+00:00,0.01542481137350669,0.0016752053429401866,1135800000000
2019-05-14 03:25:00+00:00,0.0,0.0161955854512285,1136100000000
2019-05-14 03:30:00+00:00,0.01759628541274777,0.0,1136400000000
2019-05-14 03:35:00+00:00,0.0,0.0,1136700000000
2019-05-14 03:40:00+00:00,0.0201959005138762,0.003451856835768633,1137000000000
2019-05-14 03:45:00+00:00,0.0453550257933808,0.045830481257342306,1137300000000
2019-05-14 03:50:00+00:00,0.03376726364472211,0.025371552166569326,1137600000000
2019-05-14 03:55:00+00:00,0.01658851268936877,0.02709893769608157,1137900000000
2019-05-14 04:00:00+00:00,0.032810646073785345,0.0,1138200000000
2019-05-14 04:05:00+00:00,0.02571893672704274,0.021741298202695478,1138500000000
2019-05-14 04:10:00+00:00,0.0335897561530849,0.03323114378469849,1138800000000
2019-05-14 04:15:00+00:00,0.02985280875751349,0.0,1139100000000
2019-05-14 04:20:00+00:00,0.03604277884340936,0.038866819116976516,1139400000000
2019-05-14 04:25:00+00:00,0.04656597469378337,0.025709206886154162,1139700000000
2019-05-14 04:30:00+00:00,0.025480311153598247,0.07671492072427899,1140000000000
2019-05-14 04:35:00+00:00,0.028080606606534265,0.0,1140300000000
2019-05-14 04:40:00+00:00,0.02370390520230488,0.041604630474877946,1140600000000
2019-05-14 04:45:00+00:00,0.022570324781119276,0.00565903293815009,1140900000000
2019-05-14 04:50:00+00:00,0.033354031785505486,0.0,1141200000000
2019-05-14 04:55:00+00:00,0.06403434247587814,0.02788150261422704,1141500000000
2019-05-14 05:00:00+00:00,0.046154726258116854,0.033242420581619435,1141800000000
2019-05-14 05:05:00+00:00,0.07746662765791902,0.06722930998605228,1142100000000
2019-05-14 05:10:00+00:00,0.07108944399544714,0.0770929521599118,1142400000000
2019-05-14 05:15:00+00:00,0.03424136742881933,0.048982682231378444,1142700000000
2019-05-14 05:20:00+00:00,0.0899411739232822,0.03465706393987943,1143000000000
2019-05-14 05:25:00+00:00,0.096300242761125,0.08038343950199733,1143300000000
2019-05-14 05:30:00+00:00,0.0634604843369618,0.04590198974459455,1143600000000
2019-05-14 05:35:00+00:00,0.09500435518566218,0.043910552692817545,1143900000000
2019-05-14 05:40:00+00:00,0.0727411182841126,0.03940645910091794,1144200000000
2019-05-14 05:45:00+00:00,0.09510127148377884,0.04286390970137282,1144500000000
2019-05-14 05:50:00+00:00,0.07113934597832218,0.043425454425722425,1144800000000
2019-05-14 05:55:00+00:00,0.06385174930523657,0.02371789193725954,1145100000000
2019-05-14 06:00:00+00:00,0.0953436562077412,0.03664631226029594,1145400000000
2019-05-14 06:05:00+00:00,0.10381154271857632,0.07186930818680123,1145700000000
2019-05-14 06:10:00+00:00,0.1016170920102855,0.07354486617136403,1146000000000
2019-05-14 06:15:00+00:00,0.0891715248867357,0.049750974930209184,1146300000000
2019-05-14 06:20:00+00:00,0.10813093572508185,0.09223158751376856,1146600000000
2019-05-14 06:25:00+00:00,0.12478537072385351,0.06966261070440984,1146900000000
2019-05-14 06:30:00+00:00,0.6064057195203487,0.35778794080969845,1147200000000
2019-05-14 06:35:00+00:00,0.22649401435398606,0.14910618825930558,1147500000000
2019-05-14 06:40:00+00:00,0.11575603375206606,0.0668051085523729,1147800000000
2019-05-14 06:45:00+00:00,0.1558229065967419,0.095189698538568,1148100000000
2019-05-14 06:50:00+00:00,0.11208136424850962,0.01684004913672446,1148400000000
2019-05-14 06:55:00+00:00,0.14855686756843847,0.08946826823582257,1148700000000
2019-05-14 07:00:00+00:00,0.16562734529124581,0.06283248842532227,1149000000000
2019-05-14 07:05:00+00:00,0.15477306951518147,0.06844483028913145,1149300000000
2019-05-14 07:10:00+00:00,0.14424982982878945,0.05984344712216357,1149600000000
2019-05-14 07:15:00+00:00,0.14085831219554806,0.0636633242466523,1149900000000
2019-05-14 07:20:00+00:00,0.17524699674199715,0.09417112085255323,1150200000000
2019-05-14 07:25:00+00:00,0.12914231834843384,0.0677555386981506,1150500000000
2019-05-14 07:30:00+00:00,0.14125002964717095,0.09803552187344508,1150800000000
2019-05-14 07:35:00+00:00,0.15572473705786488,0.09788259851741286,1151100000000
2019-05-14 07:40:00+00:00,0.19142359218912194,0.07683266673711345,1151400000000
2019-05-14 07:45:00+00:00,0.17723032292033544,0.1080040865031374,1151700000000
2019-05-14 07:50:00+00:00,0.15320693237060581,0.09828926435403203,1152000000000
2019-05-14 07:55:00+00:00,0.16926160567465595,0.09498563307973441,1152300000000
2019-05-14 08:00:00+00:00,0.16604687045140645,0.09841040273270982,1152600000000
2019-05-14 08:05:00+00:00,0.16696743110163006,0.10398666116891916,1152900000000
2019-05-14 08:10:00+00:00,0.20353384353427015,0.13741229807327368,1153200000000
2019-05-14 08:15:00+00:00,0.15927567236767132,0.0640678036713481,1153500000000
2019-05-14 08:20:00+00:00,0.22160097145623392,0.12807424210094737,1153800000000
2019-05-14 08:25:00+00:00,0.2086638188360077,0.1553650132627592,1154100000000
2019-05-14 08:30:00+00:00,0.21654811443004837,0.15826209482398815,1154400000000
2019-05-14 08:35:00+00:00,0.18806028614265843,0.12985491024111065,1154700000000
2019-05-14 08:40:00+00:00,0.19686377151584347,0.1288547565886196,1155000000000
2019-05-14 08:45:00+00:00,0.17369716930784931,0.13731099655275136,1155300000000
2019-05-14 08:50:00+00:00,0.19431750522323626,0.15494746316607508,1155600000000
2019-05-14 08:55:00+00:00,0.2170861664313151,0.12767010009785199,1155900000000
2019-05-14 09:00:00+00:00,0.23548727841361017,0.12190371818239967,1156200000000
2019-05-14 09:05:00+00:00,0.18972534686180292,0.10842936176459185,1156500000000
2019-05-14 09:10:00+00:00,0.20680925955959178,0.18601946601119612,1156800000000
2019-05-14 09:15:00+00:00,0.21329165338386322,0.09658786517581404,1157100000000
2019-05-14 09:20:00+00:00,0.1905464379795539,0.10491707999714397,1157400000000
2019-05-14 09:25:00+00:00,0.2323791017435443,0.11117363799627394,1157700000000
2019-05-14 09:30:00+00:00,0.20810652774216695,0.12735919390284786,1158000000000
2019-05-14 09:35:00+00:00,0.22065610583880424,0.1083398429253852,1158300000000
2019-05-14 09:40:00+00:00,0.21744493031622214,0.1282919377330609,1158600000000
2019-05-14 09:45:00+00:00,0.21255867173098897,0.08853329983821819,1158900000000
2019-05-14 09:50:00+00:00,0.2300067060512109,0.15035643693241954,1159200000000
2019-05-14 09:55:00+00:00,0.22757736680735932,0.16099332521377507,1159500000000
2019-05-14 10:00:00+00:00,0.22613331958875885,0.1280011193119861,1159800000000
2019-05-14 10:05:00+00:00,0.22062033647807527,0.1296696017453311,1160100000000
2019-05-14 10:10:00+00:00,0.24313656283683693,0.1426137930874759,1160400000000
2019-05-14 10:15:00+00:00,0.2713115899330831,0.16640516746435036,1160700000000
2019-05-14 10:20:00+00:00,0.24246613493450184,0.14471628922137253,1161000000000
2019-05-14 10:25:00+00:00,0.260955197277251,0.1719354574149645,1161300000000
2019-05-14 10:30:00+00:00,0.21452749137362376,0.15337727749319316,1161600000000
2019-05-14 10:35:00+00:00,0.24672029806718462,0.13175075439046713,1161900000000
2019-05-14 10:40:00+00:00,0.222784304516243,0.12748401285425986,1162200000000
2019-05-14 10:45:00+00:00,0.2162926875402946,0.14780800150267165,1162500000000
2019-05-14 10:50:00+00:00,0.2320756700186088,0.11081202104998464,1162800000000
2019-05-14 10:55:00+00:00,0.27166490929060494,0.12358451993745155,1163100000000
2019-05-14 11:00:00+00:00,0.26772252385008666,0.16515983336802156,1163400000000
2019-05-14 11:05:00+00:00,0.25440862713529944,0.1625721045025895,1163700000000
2019-05-14 11:10:00+00:00,0.21965150098130284,0.11734489682970986,1164000000000
2019-05-14 11:15:00+00:00,0.24706717903272563,0.13666728633722627,1164300000000
2019-05-14 11:20:00+00:00,0.25764405201875495,0.13938258477643498,1164600000000
2019-05-14 11:25:00+00:00,0.25566772893951384,0.1360621325768196,1164900000000
2019-05-14 11:30:00+00:00,0.2157575242031235,0.1433244309339661,1165200000000
2019-05-14 11:35:00+00:00,0.23523264932850613,0.11752961985715091,1165500000000
2019-05-14 11:40:00+00:00,0.25209209387523207,0.14594479909647226,1165800000000
2019-05-14 11:45:00+00:00,0.2643629900094676,0.1405110706553835,1166100000000
2019-05-14 11:50:00+00:00,0.20990689903750198,0.09683835990447687,1166400000000
2019-05-14 11:55:00+00:00,0.2507079356635003,0.1678283248930356,1166700000000
2019-05-14 12:00:00+00:00,0.25686097539757907,0.14372008079507664,1167000000000
2019-05-14 12:05:00+00:00,0.27097043272119953,0.16635106124113486,1167300000000
2019-05-14 12:10:00+00:00,0.2677421626998052,0.13048378002386293,1167600000000
2019-05-14 12:15:00+00:00,0.2653719315286333,0.14438436984205047,1167900000000
2019-05-14 12:20:00+00:00,0.23748595013527873,0.15761332769506733,1168200000000
2019-05-14 12:25:00+00:00,0.21501785243532612,0.18075614057810185,1168500000000
2019-05-14 12:30:00+00:00,0.24493900739817684,0.10743908315109986,1168800000000
2019-05-14 12:35:00+00:00,0.4740358617720779,0.2803993611574582,1169100000000
2019-05-14 12:40:00+00:00,0.2797013646134311,0.17606643073092865,1169400000000
2019-05-14 12:45:00+00:00,0.26545377410644017,0.1469502613990784,1169700000000
2019-05-14 12:50:00+00:00,0.2591701064129136,0.17249250358763063,1170000000000
2019-05-14 12:55:00+00:00,0.2574468812174859,0.13713347531728526,1170300000000
2019-05-14 13:00:00+00:00,0.237933165674811,0.14583685260921941,1170600000000
2019-05-14 13:05:00+00:00,0.24558682784237232,0.13691065861545618,1170900000000
2019-05-14 13:10:00+00:00,0.28063337757320517,0.19276864820301853,1171200000000
2019-05-14 13:15:00+00:00,0.22739669264176188,0.122910725524345,1171500000000
2019-05-14 13:20:00+00:00,0.27747169115430526,0.15944553876685283,1171800000000
2019-05-14 13:25:00+00:00,0.2375967284136897,0.16147181779815692,1172100000000
2019-05-14 13:30:00+00:00,0.26934057205859396,0.1410435700532991,1172400000000
2019-05-14 13:35:00+00:00,0.21342431056685562,0.12942958747538483,1172700000000
2019-05-14 13:40:00+00:00,0.25194202985656805,0.11471453104020879,1173000000000
2019-05-14 13:45:00+00:00,0.22408717517761753,0.11269363593398903,1173300000000
2019-05-14 13:50:00+00:00,0.2090518366938044,0.1330737275340987,1173600000000
2019-05-14 13:55:00+00:00,0.2401991386487891,0.1243055329985488,1173900000000
2019-05-14 14:00:00+00:00,0.2544265796729184,0.1417644891672752,1174200000000
2019-05-14 14:05:00+00:00,0.2156851740512945,0.13927283247173544,1174500000000
2019-05-14 14:10:00+00:00,0.20088950877387537,0.10894998244138661,1174800000000
2019-05-14 14:15:00+00:00,0.22725854655868238,0.1528119693995366,1175100000000
2019-05-14 14:20:00+00:00,0.22551298895669405,0.1396210491237377,1175400000000
2019-05-14 14:25:00+00:00,0.23633586096898926,0.15051517881988363,1175700000000
2019-05-14 14:30:00+00:00,0.24241155913764248,0.1702662474573561,1176000000000
2019-05-14 14:35:00+00:00,0.22022492439403776,0.138531415888704,1176300000000
2019-05-14 14:40:00+00:00,0.2564611772081766,0.18465365213429286,1176600000000
2019-05-14 14:45:00+00:00,0.221718999345885,0.15125664526828747,1176900000000
2019-05-14 14:50:00+00:00,0.20813529262360247,0.11441212697747234,1177200000000
2019-05-14 14:55:00+00:00,0.18060935823801788,0.13422857644323616,1177500000000
2019-05-14 15:00:00+00:00,0.2053128267716592,0.12846501648105443,1177800000000
2019-05-14 15:05:00+00:00,0.20151310834800593,0.11301427083559348,1178100000000
2019-05-14 15:10:00+00:00,0.22507240484575605,0.1406111568138713,1178400000000
2019-05-14 15:15:00+00:00,0.21269321141301267,0.14986246333561284,1178700000000
2019-05-14 15:20:00+00:00,0.17738631457588316,0.11553269063037434,1179000000000
2019-05-14 15:25:00+00:00,0.20190305300027359,0.1575896884511921,1179300000000
2019-05-14 15:30:00+00:00,0.20932817111922253,0.14732751382950995,1179600000000
2019-05-14 15:35:00+00:00,0.22385429666451673,0.14477577866675326,1179900000000
2019-05-14 15:40:00+00:00,0.20839765591204842,0.10451723189240589,1180200000000
2019-05-14 15:45:00+00:00,0.20317746803916964,0.11831183054329936,1180500000000
2019-05-14 15:50:00+00:00,0.18643555003321594,0.11329461281494659,1180800000000
2019-05-14 15:55:00+00:00,0.19023500661032572,0.12807363399055036,1181100000000
2019-05-14 16:00:00+00:00,0.20465676468078925,0.1355407196339174,1181400000000
2019-05-14 16:05:00+00:00,0.15017332294387067,0.09349480197068813,1181700000000
2019-05-14 16:10:00+00:00,0.16696794988535898,0.10258776823875881,1182000000000
2019-05-14 16:15:00+00:00,0.15560026189105783,0.1077692950361561,1182300000000
2019-05-14 16:20:00+00:00,0.1756980238578493,0.08824708980210985,1182600000000
2019-05-14 16:25:00+00:00,0.18975255810293765,0.14776185124675972,1182900000000
2019-05-14 16:30:00+00:00,0.15021302912034076,0.04918447976893503,1183200000000
2019-05-14 16:35:00+00:00,0.11132350728205473,0.09590229401267342,1183500000000
2019-05-14 16:40:00+00:00,0.14783638437613858,0.0877981200571799,1183800000000
2019-05-14 16:45:00+00:00,0.1712770611024895,0.12281783294692557,1184100000000
2019-05-14 16:50:00+00:00,0.16066402354019516,0.10367522280996935,1184400000000
2019-05-14 16:55:00+00:00,0.15535752150530438,0.10013520112139866,1184700000000
2019-05-14 17:00:00+00:00,0.138056324061222,0.09391888395726362,1185000000000
2019-05-14 17:05:00+00:00,0.11491949134675115,0.08513278058980626,1185300000000
2019-05-14 17:10:00+00:00,0.14763293963431515,0.08200314724884429,1185600000000
2019-05-14 17:15:00+00:00,0.11745291210172662,0.0911677298715607,1185900000000
2019-05-14 17:20:00+00:00,0.17461805020653803,0.08308141765234714,1186200000000
2019-05-14 17:25:00+00:00,0.13913142987335456,0.08337224645749024,1186500000000
2019-05-14 17:30:00+00:00,0.11288262944859492,0.08444897615460249,1186800000000
2019-05-14 17:35:00+00:00,0.1090328818355757,0.0853200806936632,1187100000000
2019-05-14 17:40:00+00:00,0.11615892172432213,0.07891112999982129,1187400000000
2019-05-14 17:45:00+00:00,0.10997876427741902,0.058119409807336694,1187700000000
2019-05-14 17:50:00+00:00,0.13385180583762152,0.09824523906994698,1188000000000
2019-05-14 17:55:00+00:00,0.11198666726117662,0.053804675574330905,1188300000000
2019-05-14 18:00:00+00:00,0.09036736522182832,0.08924860060807521,1188600000000
2019-05-14 18:05:00+00:00,0.13955046983681987,0.08203686395209864,1188900000000
2019-05-14 18:10:00+00:00,0.09947103630338192,0.028890107897909936,1189200000000
2019-05-14 18:15:00+00:00,0.11060799080152384,0.042471125120583264,1189500000000
2019-05-14 18:20:00+00:00,0.07981766399451083,0.04876347113429825,1189800000000
2019-05-14 18:25:00+00:00,0.09600172577154004,0.06039754088944509,1190100000000
2019-05-14 18:30:00+00:00,0.09172660432318779,0.09442909629293458,1190400000000
2019-05-14 18:35:00+00:00,0.04448572845181263,0.005921450318803052,1190700000000
2019-05-14 18:40:00+00:00,0.11936938667028382,0.07241087598824891,1191000000000
2019-05-14 18:45:00+00:00,0.10167434091603178,0.039816176407977924,1191300000000
2019-05-14 18:50:00+00:00,0.06472904047525228,0.028984327220883302,1191600000000
2019-05-14 18:55:00+00:00,0.047454499119733866,0.06215214007322707,1191900000000
2019-05-14 19:00:00+00:00,0.07329504217735935,0.021250300843295794,1192200000000
2019-05-14 19:05:00+00:00,0.064940157439195,0.050704942944873675,1192500000000
2019-05-14 19:10:00+00:00,0.06720195349006897,0.04817931927432921,1192800000000
2019-05-14 19:15:00+00:00,0.060823961461740336,0.03601094834988003,1193100000000
2019-05-14 19:20:00+00:00,0.06404402050949046,0.04881514476952903,1193400000000
2019-05-14 19:25:00+00:00,0.07981651935639061,0.024689503974968594,1193700000000
2019-05-14 19:30:00+00:00,0.059209549247810585,0.06865217970475751,1194000000000
2019-05-14 19:35:00+00:00,0.02385877543187921,0.052812175161597946,1194300000000
2019-05-14 19:40:00+00:00,0.06913629557092218,0.04242387129773958,1194600000000
2019-05-14 19:45:00+00:00,0.07176065440358112,0.09151851525441976,1194900000000
2019-05-14 19:50:00+00:00,0.09908439826054162,0.05147008032532656,1195200000000
2019-05-14 19:55:00+00:00,0.010701248441742469,0.014429388942171086,1195500000000
2019-05-14 20:00:00+00:00,0.03519097359633934,0.04975236543329387,1195800000000
2019-05-14 20:05:00+00:00,0.0,0.0,1196100000000
2019-05-14 20:10:00+00:00,0.035829152986671435,0.0,1196400000000
2019-05-14 20:15:00+00:00,0.011075459083724454,0.0,1196700000000
2019-05-14 20:20:00+00:00,0.057821339332730017,0.07590933487769119,1197000000000
2019-05-14 20:25:00+00:00,0.0012140311228699685,0.0,1197300000000
2019-05-14 20:30:00+00:00,0.0,0.0,1197600000000
2019-05-14 20:35:00+00:00,0.0021167599138967475,0.0,1197900000000
2019-05-14 20:40:00+00:00,0.0,0.018966785586583768,1198200000000
2019-05-14 20:45:00+00:00,0.021578450158468925,0.0,1198500000000
2019-05-14 20:50:00+00:00,0.0,0.0,1198800000000
2019-05-14 20:55:00+00:00,0.002328304367434472,0.007387391008783893,1199100000000
2019-05-14 21:00:00+00:00,0.0,0.0,1199400000000
2019-05-14 21:05:00+00:00,0.0,0.0,1199700000000
2019-05-14 21:10:00+00:00,0.027803740372348756,0.044726436013474646,1200000000000
2019-05-14 21:15:00+00:00,0.0,0.008565087950337264,1200300000000
2019-05-14 21:20:00+00:00,0.0,0.002610845848567169,1200600000000
2019-05-14 21:25:00+00:00,0.0,0.004297294189277301,1200900000000
2019-05-14 21:30:00+00:00,0.0,0.0,1201200000000
2019-05-14 21:35:00+00:00,0.0,0.03992304639509851,1201500000000
2019-05-14 21:40:00+00:00,0.0,0.0,1201800000000
2019-05-14 21:45:00+00:00,0.0,0.004218523239278602,1202100000000
2019-05-14 21:50:00+00:00,0.0,0.0023005113268561427,1202400000000
2019-05-14 21:55:00+00:00,0.0,0.020175250142662703,1202700000000
2019-05-14 22:00:00+00:00,0.0,0.022063478775872794,1203000000000
2019-05-14 22:05:00+00:00,0.0,0.0,1203300000000
2019-05-14 22:10:00+00:00,0.0,0.005813329862260992,1203600000000
2019-05-14 22:15:00+00:00,0.0,0.0065706950782789654,1203900000000
2019-05-14 22:20:00+00:00,0.0,0.0,1204200000000
2019-05-14 22:25:00+00:00,0.0,0.0,1204500000000
2019-05-14 22:30:00+00:00,0.0,0.0,1204800000000
2019-05-14 22:35:00+00:00,0.0,0.0,1205100000000
2019-05-14 22:40:00+00:00,0.0,0.0,1205400000000
2019-05-14 22:45:00+00:00,0.0,0.014991651427472599,1205700000000
2019-05-14 22:50:00+00:00,0.0,4.236842034944943e-05,1206000000000
2019-05-14 22:55:00+00:00,0.0,0.0,1206300000000
2019-05-14 23:00:00+00:00,0.004343191151583645,0.0,1206600000000
2019-05-14 23:05:00+00:00,0.0,0.0,1206900000000
2019-05-14 23:10:00+00:00,0.0,0.0,1207200000000
2019-05-14 23:15:00+00:00,0.0,0.0,1207500000000
2019-05-14 23:20:00+00:00,0.0,0.0012636733761551208,1207800000000
2019-05-14 23:25:00+00:00,0.0,0.004838299686429972,1208100000000
2019-05-14 23:30:00+00:00,0.0,0.0,1208400000000
2019-05-14 23:35:00+00:00,0.0,0.004496334733829495,1208700000000
2019-05-14 23:40:00+00:00,0.0,0.0,1209000000000
2019-05-14 23:45:00+00:00,0.0,0.0,1209300000000
2019-05-14 23:50:00+00:00,0.0,0.014358627716453297,1209600000000
2019-05-14 23:55:00+00:00,0.0,0.04028227446719489,1209900000000
2019-05-15 00:00:00+00:00,0.0,0.0010271751760536003,1210200000000
2019-05-15 00:05:00+00:00,0.0,0.0,1210500000000
2019-05-15 00:10:00+00:00,0.0,0.0037734089501999706,1210800000000
2019-05-15 00:15:00+00:00,0.02549689190858936,0.03407871829513653,1211100000000
2019-05-15 00:20:00+00:00,0.016965281156761138,0.02259912001151139,1211400000000
2019-05-15 00:25:00+00:00,0.0025307284520542025,0.05638069452050744,1211700000000
2019-05-15 00:30:00+00:00,0.006920598452900861,0.0,1212000000000
2019-05-15 00:35:00+00:00,0.0,0.005044629598385962,1212300000000
2019-05-15 00:40:00+00:00,0.012485125807315558,0.038469434552753395,1212600000000
2019-05-15 00:45:00+00:00,0.024324773529128,0.04431804885784744,1212900000000
2019-05-15 00:50:00+00:00,0.0,0.0,1213200000000
2019-05-15 00:55:00+00:00,0.016444421062535543,0.0097995002367217,1213500000000
2019-05-15 01:00:00+00:00,0.029926490142399658,0.04764630940241379,1213800000000
2019-05-15 01:05:00+00:00,0.003871071618398541,0.060135502779021875,1214100000000
2019-05-15 01:10:00+00:00,0.027150914074622202,0.03036646611978969,1214400000000
2019-05-15 01:15:00+00:00,0.0704619027985185,0.034919875805181425,1214700000000
2019-05-15 01:20:00+00:00,0.01318147324459856,0.0,1215000000000
2019-05-15 01:25:00+00:00,0.02430107171879809,0.05895551018189584,1215300000000
2019-05-15 01:30:00+00:00,0.002906928450079208,0.016318988799362708,1215600000000
2019-05-15 01:35:00+00:00,0.022592190273012628,0.0,1215900000000
2019-05-15 01:40:00+00:00,0.029537042221926813,0.013659098006480463,1216200000000
2019-05-15 01:45:00+00:00,0.02565760224216638,0.021598291681873907,1216500000000
2019-05-15 01:50:00+00:00,0.0028600241846460824,0.012592147588550005,1216800000000
2019-05-15 01:55:00+00:00,0.028937666514826946,0.0,1217100000000
2019-05-15 02:00:00+00:00,0.05567344154002064,0.02112025656150253,1217400000000
2019-05-15 02:05:00+00:00,0.03708315691157084,0.0,1217700000000
2019-05-15 02:10:00+00:00,0.04909213802061484,0.05025052860446454,1218000000000
2019-05-15 02:15:00+00:00,0.026914318754366236,0.00931622191721342,1218300000000
2019-05-15 02:20:00+00:00,0.048514087034014594,0.03843488520407459,1218600000000
2019-05-15 02:25:00+00:00,0.04102144390198583,0.05305803651271804,1218900000000
2019-05-15 02:30:00+00:00,0.018395451029236305,0.015434673465020695,1219200000000
2019-05-15 02:35:00+00:00,0.04581830318760127,0.025231572393579402,1219500000000
2019-05-15 02:40:00+00:00,0.02170384470779163,0.01690073636235366,1219800000000
2019-05-15 02:45:00+00:00,0.03102475671379202,0.01987872610527975,1220100000000
2019-05-15 02:50:00+00:00,0.04966718784655041,0.05472361266548914,1220400000000
2019-05-15 02:55:00+00:00,0.05407640226975059,0.03866260931262615,1220700000000
2019-05-15 03:00:00+00:00,0.02664933352047522,0.00510157972070688,1221000000000
2019-05-15 03:05:00+00:00,0.07386664594520705,0.06527696870491924,1221300000000
2019-05-15 03:10:00+00:00,0.06662937220143879,0.06458731044803032,1221600000000
2019-05-15 03:15:00+00:00,0.04354522568943882,0.0,1221900000000
2019-05-15 03:20:00+00:00,0.029385718173590845,0.04828710859951661,1222200000000
2019-05-15 03:25:00+00:00,0.05978283203520621,0.043163934685293434,1222500000000
2019-05-15 03:30:00+00:00,0.05635024470480248,0.03947554582581345,1222800000000
2019-05-15 03:35:00+00:00,0.07016358410874526,0.06223064309717745,1223100000000
2019-05-15 03:40:00+00:00,0.06331231243534406,0.02664785964112086,1223400000000
2019-05-15 03:45:00+00:00,0.03314032783215842,0.03896748698311353,1223700000000
2019-05-15 03:50:00+00:00,0.06827700887084236,0.033430695927748305,1224000000000
2019-05-15 03:55:00+00:00,0.07272440683233301,0.014135630505193043,1224300000000
2019-05-15 04:00:00+00:00,0.09433988716214886,0.036648806715150625,1224600000000
2019-05-15 04:05:00+00:00,0.07056824672542691,0.05368138469332068,1224900000000
2019-05-15 04:10:00+00:00,0.12100564592664254,0.05369402075609235,1225200000000
2019-05-15 04:15:00+00:00,0.05213221878744744,0.06348085373626144,1225500000000
2019-05-15 04:20:00+00:00,0.11955283291717063,0.09551736881909523,1225800000000
2019-05-15 04:25:00+00:00,0.09183772821473872,0.08177142024950253,1226100000000
2019-05-15 04:30:00+00:00,0.11653918259210738,0.07241908114881267,1226400000000
2019-05-15 04:35:00+00:00,0.10399421282750944,0.06755376004240485,1226700000000
2019-05-15 04:40:00+00:00,0.12826586699943543,0.0530852831147757,1227000000000
2019-05-15 04:45:00+00:00,0.1008285075801362,0.08041277475123151,1227300000000
2019-05-15 04:50:00+00:00,0.08972727712635778,0.06143303537655637,1227600000000
2019-05-15 04:55:00+00:00,0.1432551780852178,0.09729921935697587,1227900000000
2019-05-15 05:00:00+00:00,0.1157408636503127,0.10321075441924527,1228200000000
2019-05-15 05:05:00+00:00,0.12562550784578227,0.06325604502851917,1228500000000
2019-05-15 05:10:00+00:00,0.14909020730129072,0.08693129338322805,1228800000000
2019-05-15 05:15:00+00:00,0.1069723468556927,0.07071682654425897,1229100000000
2019-05-15 05:20:00+00:00,0.14275148019163456,0.0669421800058066,1229400000000
2019-05-15 05:25:00+00:00,0.12228637472003402,0.06961984840648362,1229700000000
2019-05-15 05:30:00+00:00,0.13469435072077246,0.09067560664180287,1230000000000
2019-05-15 05:35:00+00:00,0.14204610363544704,0.0787192367538116,1230300000000
2019-05-15 05:40:00+00:00,0.11386664580335676,0.0944997756765963,1230600000000
2019-05-15 05:45:00+00:00,0.13157112309240235,0.048724182619101525,1230900000000
2019-05-15 05:50:00+00:00,0.17745077196568532,0.12892588798407803,1231200000000
2019-05-15 05:55:00+00:00,0.17143770212762294,0.11608633077289386,1231500000000
2019-05-15 06:00:00+00:00,0.1557472084534569,0.08207175332094233,1231800000000
2019-05-15 06:05:00+00:00,0.1651485908143298,0.08060098312399792,1232100000000
2019-05-15 06:10:00+00:00,0.15768583576984943,0.05300584911706061,1232400000000
2019-05-15 06:15:00+00:00,0.19398380376774757,0.10048678201237186,1232700000000
2019-05-15 06:20:00+00:00,0.16612186541182236,0.12061665234715335,1233000000000
2019-05-15 06:25:00+00:00,0.17803631751493684,0.10570007598338862,1233300000000
2019-05-15 06:30:00+00:00,0.1995828650491825,0.14300933663734633,1233600000000
2019-05-15 06:35:00+00:00,0.1643683004537911,0.08622355885978361,1233900000000
2019-05-15 06:40:00+00:00,0.21433412145108957,0.142742596072785,1234200000000
2019-05-15 06:45:00+00:00,0.15577932010755216,0.07911762002284287,1234500000000
2019-05-15 06:50:00+00:00,0.22219767360186016,0.11400710403691933,1234800000000
2019-05-15 06:55:00+00:00,0.1853521499476656,0.10906874562518583,1235100000000
2019-05-15 07:00:00+00:00,0.19113554847553785,0.10138199885892278,1235400000000
2019-05-15 07:05:00+00:00,0.16135470423654566,0.06595637956118315,1235700000000
2019-05-15 07:10:00+00:00,0.19320442002253113,0.1122763579991788,1236000000000
2019-05-15 07:15:00+00:00,0.18462812250827093,0.11290558183358833,1236300000000
2019-05-15 07:20:00+00:00,0.19637231681360356,0.14319056231808347,1236600000000
2019-05-15 07:25:00+00:00,0.20885559753788865,0.14404947206539437,1236900000000
2019-05-15 07:30:00+00:00,0.2338083471442209,0.16468387227118916,1237200000000
2019-05-15 07:35:00+00:00,0.22182795939571273,0.1475039256052978,1237500000000
2019-05-15 07:40:00+00:00,0.22682405010690518,0.1427466852431426,1237800000000
2019-05-15 07:45:00+00:00,0.20172458242260716,0.09645585132412644,1238100000000
2019-05-15 07:50:00+00:00,0.20895276574875707,0.12836910340795973,1238400000000
2019-05-15 07:55:00+00:00,0.2654422601493793,0.17120123163624387,1238700000000
2019-05-15 08:00:00+00:00,0.2176293126380683,0.15972634657024973,1239000000000
2019-05-15 08:05:00+00:00,0.2682873759874458,0.17469819642710374,1239300000000
2019-05-15 08:10:00+00:00,0.2330948283855181,0.16466456572341928,1239600000000
2019-05-15 08:15:00+00:00,0.2407562936758106,0.12381381837818158,1239900000000
2019-05-15 08:20:00+00:00,0.2648326575461441,0.15237124200472454,1240200000000
2019-05-15 08:25:00+00:00,0.27153707347108746,0.17150925835587788,1240500000000
2019-05-15 08:30:00+00:00,0.24651462981239347,0.17112783170228732,1240800000000
2019-05-15 08:35:00+00:00,0.24355421531273364,0.14322795627086177,1241100000000
2019-05-15 08:40:00+00:00,0.25274417692698226,0.14999758697320628,1241400000000
2019-05-15 08:45:00+00:00,0.2631193561629867,0.17161441981785158,1241700000000
2019-05-15 08:50:00+00:00,0.2766368271019666,0.14346467971827745,1242000000000
2019-05-15 08:55:00+00:00,0.2612976666583343,0.18892669099146914,1242300000000
2019-05-15 09:00:00+00:00,0.27594374313844605,0.14798352402091391,1242600000000
2019-05-15 09:05:00+00:00,0.2986356778432715,0.14080961823477683,1242900000000
2019-05-15 09:10:00+00:00,0.2757455705445921,0.16564868249720688,1243200000000
2019-05-15 09:15:00+00:00,0.27655069490860845,0.19989959099267635,1243500000000
2019-05-15 09:20:00+00:00,0.24208400552160012,0.15697946591963227,1243800000000
2019-05-15 09:25:00+00:00,0.2219375141717956,0.14818431936315002,1244100000000
2019-05-15 09:30:00+00:00,0.2843538489616218,0.17144002462311536,1244400000000
2019-05-15 09:35:00+00:00,0.2766674282367279,0.16295290699661322,1244700000000
2019-05-15 09:40:00+00:00,0.2701882642561654,0.1312147711618369,1245000000000
2019-05-15 09:45:00+00:00,0.2872160459291087,0.1271419023993815,1245300000000
2019-05-15 09:50:00+00:00,0.28293953117688325,0.1736891654749472,1245600000000
2019-05-15 09:55:00+00:00,0.3084451633913982,0.21131808192164345,1245900000000
2019-05-15 10:00:00+00:00,0.28929269459951223,0.18045829085626866,1246200000000
2019-05-15 10:05:00+00:00,0.27425110321027923,0.1770226524672078,1246500000000
2019-05-15 10:10:00+00:00,0.3105493942003631,0.21800398743300867,1246800000000
2019-05-15 10:15:00+00:00,0.28789662306431285,0.17931331086740887,1247100000000
2019-05-15 10:20:00+00:00,0.3041991239511659,0.18006637236454712,1247400000000
2019-05-15 10:25:00+00:00,0.2854846188551719,0.15492027520010182,1247700000000
2019-05-15 10:30:00+00:00,0.28333539216674464,0.21044548655948847,1248000000000
2019-05-15 10:35:00+00:00,0.2992484338850227,0.1900800159140872,1248300000000
2019-05-15 10:40:00+00:00,0.2989882437665377,0.160520911941536,1248600000000
2019-05-15 10:45:00+00:00,0.3094277267982689,0.1622332827229366,1248900000000
2019-05-15 10:50:00+00:00,0.2954901831015949,0.2023553843995352,1249200000000
2019-05-15 10:55:00+00:00,0.26509972692692585,0.138311002227989,1249500000000
2019-05-15 11:00:00+00:00,0.2940667296049262,0.21351672091300014,1249800000000
2019-05-15 11:05:00+00:00,0.3194249020370875,0.13652568528043826,1250100000000
2019-05-15 11:10:00+00:00,0.29835799059423906,0.20746669831234296,1250400000000
2019-05-15 11:15:00+00:00,0.3000651240101936,0.18977697062935542,1250700000000
2019-05-15 11:20:00+00:00,0.32533758195883905,0.1975744376364409,1251000000000
2019-05-15 11:25:00+00:00,0.2919175398027636,0.17164135518082288,1251300000000
2019-05-15 11:30:00+00:00,0.2757773315078803,0.20328099587660875,1251600000000
2019-05-15 11:35:00+00:00,0.30382638389839356,0.1964370075070602,1251900000000
2019-05-15 11:40:00+00:00,0.29769017013323146,0.16055002990202982,1252200000000
2019-05-15 11:45:00+00:00,0.2883122454240588,0.13860914813385766,1252500000000
2019-05-15 11:50:00+00:00,0.30432188634152707,0.1861390760678624,1252800000000
2019-05-15 11:55:00+00:00,0.3177805281180332,0.19064689420007164,1253100000000
2019-05-15 12:00:00+00:00,0.30781422876864367,0.15429117651367602,1253400000000
2019-05-15 12:05:00+00:00,0.3141178144046,0.18736281813311328,1253700000000
2019-05-15 12:10:00+00:00,0.3441531649853649,0.19501320632973496,1254000000000
2019-05-15 12:15:00+00:00,0.3008629279213058,0.18070355811891736,1254300000000
2019-05-15 12:20:00+00:00,0.3130517329622108,0.2023495120102945,1254600000000
2019-05-15 12:25:00+00:00,0.29699362792580947,0.2080483757047664,1254900000000
2019-05-15 12:30:00+00:00,0.2898728681416656,0.19210150161238507,1255200000000
2019-05-15 12:35:00+00:00,0.29465329572403076,0.16236316243781435,1255500000000
2019-05-15 12:40:00+00:00,0.2962571026325085,0.18513256415608897,1255800000000
2019-05-15 12:45:00+00:00,0.3124323080114272,0.1887215272366968,1256100000000
2019-05-15 12:50:00+00:00,0.3515648056908938,0.18429630432191826,1256400000000
2019-05-15 12:55:00+00:00,0.28953321952425054,0.18168458740839577,1256700000000
2019-05-15 13:00:00+00:00,0.2947230344977177,0.21396726745698488,1257000000000
2019-05-15 13:05:00+00:00,0.30092557345122006,0.18120387615447212,1257300000000
2019-05-15 13:10:00+00:00,0.30916796403087315,0.15361712482401588,1257600000000
2019-05-15 13:15:00+00:00,0.3055188689966948,0.18391669482018924,1257900000000
2019-05-15 13:20:00+00:00,0.32485803121907014,0.17064057475197708,1258200000000
2019-05-15 13:25:00+00:00,0.2495094500928271,0.16697778019342202,1258500000000
2019-05-15 13:30:00+00:00,0.24909333247277932,0.15995329931817015,1258800000000
2019-05-15 13:35:00+00:00,0.28564304731660295,0.1679676273204669,1259100000000
2019-05-15 13:40:00+00:00,0.3161699495841488,0.18307868443337286,1259400000000
2019-05-15 13:45:00+00:00,0.2615096172644576,0.15266108432636363,1259700000000
2019-05-15 13:50:00+00:00,0.23120453373841351,0.13888821012989452,1260000000000
2019-05-15 13:55:00+00:00,0.3012520459249549,0.1653065271281421,1260300000000
2019-05-15 14:00:00+00:00,0.2931102883750538,0.14811111140500355,1260600000000
2019-05-15 14:05:00+00:00,0.26477983468717525,0.1816418797461981,1260900000000
2019-05-15 14:10:00+00:00,0.26515903596862533,0.15138740205123605,1261200000000
2019-05-15 14:15:00+00:00,0.26370056745268744,0.16156120255499534,1261500000000
2019-05-15 14:20:00+00:00,0.28347240188171713,0.17578908015238015,1261800000000
2019-05-15 14:25:00+00:00,0.2668431628942398,0.16654630732964815,1262100000000
2019-05-15 14:30:00+00:00,0.2873009460898625,0.148904207711949,1262400000000
2019-05-15 14:35:00+00:00,0.21832069476139915,0.09747561356580253,1262700000000
2019-05-15 14:40:00+00:00,0.2562140736097347,0.14195459367200097,1263000000000
2019-05-15 14:45:00+00:00,0.24871322523695888,0.1571421657905144,1263300000000
2019-05-15 14:50:00+00:00,0.26393700917629137,0.14380320815628855,1263600000000
2019-05-15 14:55:00+00:00,0.256079750250271,0.14654942307617794,1263900000000
2019-05-15 15:00:00+00:00,0.28052289277589715,0.21085968394052965,1264200000000
2019-05-15 15:05:00+00:00,0.22505411182302826,0.09812398939772624,1264500000000
2019-05-15 15:10:00+00:00,0.26077613844674086,0.14136500314983452,1264800000000
2019-05-15 15:15:00+00:00,0.26861026739591215,0.19909824180902586,1265100000000
2019-05-15 15:20:00+00:00,0.2921066457397754,0.17437201400396077,1265400000000
2019-05-15 15:25:00+00:00,0.24282264585018415,0.13157388420013227,1265700000000
2019-05-15 15:30:00+00:00,0.2563867197716909,0.17720741020323696,1266000000000
2019-05-15 15:35:00+00:00,0.21121641362551194,0.1278344569049294,1266300000000
2019-05-15 15:40:00+00:00,0.1968084524775077,0.1111189035856245,1266600000000
2019-05-15 15:45:00+00:00,0.258856022468575,0.1591609920218952,1266900000000
2019-05-15 15:50:00+00:00,0.23912262426795042,0.13031139837311492,1267200000000
2019-05-15 15:55:00+00:00,0.26003902029782433,0.135673590920933,1267500000000
2019-05-15 16:00:00+00:00,0.2061986088872702,0.12144722677966716,1267800000000
2019-05-15 16:05:00+00:00,0.24122691368403779,0.12451620900890252,1268100000000
2019-05-15 16:10:00+00:00,0.39328217190101245,0.23618316937653708,1268400000000
2019-05-15 16:15:00+00:00,0.31021519622959065,0.19321724908724117,1268700000000
2019-05-15 16:20:00+00:00,0.25323640732723607,0.16900305351737385,1269000000000
2019-05-15 16:25:00+00:00,0.21931923620640795,0.15415004143418132,1269300000000
2019-05-15 16:30:00+00:00,0.18473488571224503,0.10272620139470198,1269600000000
2019-05-15 16:35:00+00:00,0.2402410533456515,0.15413292416617227,1269900000000
2019-05-15 16:40:00+00:00,0.19786364648052773,0.12856865681244375,1270200000000
2019-05-15 16:45:00+00:00,0.21709725158980075,0.1368147252702001,1270500000000
2019-05-15 16:50:00+00:00,0.17265073934977154,0.09400125539085376,1270800000000
2019-05-15 16:55:00+00:00,0.17720460325893628,0.08576140570607954,1271100000000
2019-05-15 17:00:00+00:00,0.22635793808315532,0.14585480063122438,1271400000000
2019-05-15 17:05:00+00:00,0.1875540602919911,0.07839518493133366,1271700000000
2019-05-15 17:10:00+00:00,0.22039256272267782,0.12687874898224047,1272000000000
2019-05-15 17:15:00+00:00,0.18657393512124773,0.060871740759776666,1272300000000
2019-05-15 17:20:00+00:00,0.14809816007977072,0.06213084758069716,1272600000000
2019-05-15 17:25:00+00:00,0.19956263770089974,0.10219490385159134,1272900000000
2019-05-15 17:30:00+00:00,0.16669774914456287,0.1219531336393234,1273200000000
2019-05-15 17:35:00+00:00,0.18923436305369237,0.1273027783203008,1273500000000
2019-05-15 17:40:00+00:00,0.17252202320739451,0.09243452024759186,1273800000000
2019-05-15 17:45:00+00:00,0.13790643815899772,0.09733125879799365,1274100000000
2019-05-15 17:50:00+00:00,0.1688010256344328,0.11903307464826761,1274400000000
2019-05-15 17:55:00+00:00,0.20618280670935066,0.12049638705811595,1274700000000
2019-05-15 18:00:00+00:00,0.16885972917028919,0.0736282746178997,1275000000000
2019-05-15 18:05:00+00:00,0.15459130107359606,0.08859653444283536,1275300000000
2019-05-15 18:10:00+00:00,0.1739917377121144,0.10243719452382591,1275600000000
2019-05-15 18:15:00+00:00,0.1534445665862071,0.06741765213511973,1275900000000
2019-05-15 18:20:00+00:00,0.15017287874866087,0.09744466310779587,1276200000000
2019-05-15 18:25:00+00:00,0.12090690977346857,0.07814038295012825,1276500000000
2019-05-15 18:30:00+00:00,0.14418136501611695,0.0954096730075539,1276800000000
2019-05-15 18:35:00+00:00,0.15698758262207357,0.09977101151659301,1277100000000
2019-05-15 18:40:00+00:00,0.11634264141907162,0.08440244555374264,1277400000000
2019-05-15 18:45:00+00:00,0.1583513681225188,0.09142426031605064,1277700000000
2019-05-15 18:50:00+00:00,0.12483882631527057,0.0789389979365814,1278000000000
2019-05-15 18:55:00+00:00,0.10574450369808124,0.0554918965339381,1278300000000
2019-05-15 19:00:00+00:00,0.14029645143969427,0.07248788655137756,1278600000000
2019-05-15 19:05:00+00:00,0.1114703187361407,0.09364718385692593,1278900000000
2019-05-15 19:10:00+00:00,0.12927887226852555,0.036691949330585394,1279200000000
2019-05-15 19:15:00+00:00,0.10515724089268683,0.08062954431869737,1279500000000
2019-05-15 19:20:00+00:00,0.1067226778527749,0.051622789202751714,1279800000000
2019-05-15 19:25:00+00:00,0.11474160945524133,0.053844202120282375,1280100000000
2019-05-15 19:30:00+00:00,0.10766542629703685,0.06983080545953024,1280400000000
2019-05-15 19:35:00+00:00,0.058941249801042324,0.005572557633605337,1280700000000
2019-05-15 19:40:00+00:00,0.0734601637147844,0.02775563678994657,1281000000000
2019-05-15 19:45:00+00:00,0.11153656282963267,0.04993914476751976,1281300000000
2019-05-15 19:50:00+00:00,0.08740053179226996,0.048012353911660074,1281600000000
2019-05-15 19:55:00+00:00,0.07669650305110882,0.029935148067451522,1281900000000
2019-05-15 20:00:00+00:00,0.1565161889887121,0.12593208710601264,1282200000000
2019-05-15 20:05:00+00:00,0.11954910864894437,0.1076697955193257,1282500000000
2019-05-15 20:10:00+00:00,0.058201064251953184,0.0,1282800000000
2019-05-15 20:15:00+00:00,0.07401385067303014,0.05529476449913281,1283100000000
2019-05-15 20:20:00+00:00,0.06138367182461091,0.054003471876318036,1283400000000
2019-05-15 20:25:00+00:00,0.051374572703534474,0.04168444766994279,1283700000000
2019-05-15 20:30:00+00:00,0.06673998381199865,0.026881720425365296,1284000000000
2019-05-15 20:35:00+00:00,0.07282144734500112,0.038810957163829846,1284300000000
2019-05-15 20:40:00+00:00,0.10489026163566091,0.04796866388584263,1284600000000
2019-05-15 20:45:00+00:00,0.030318792677059288,0.009785994983059,1284900000000
2019-05-15 20:50:00+00:00,0.08132131194588305,0.024593486594186306,1285200000000
2019-05-15 20:55:00+00:00,0.075221183964072,0.04283693394575219,1285500000000
2019-05-15 21:00:00+00:00,0.03785212803448416,0.0,1285800000000
2019-05-15 21:05:00+00:00,0.055224013671645415,0.029131717118424497,1286100000000
2019-05-15 21:10:00+00:00,0.03978351226950796,0.0,1286400000000
2019-05-15 21:15:00+00:00,0.050479467153194894,0.034424007527745014,1286700000000
2019-05-15 21:20:00+00:00,0.07483150935580031,0.031310514394622374,1287000000000
2019-05-15 21:25:00+00:00,0.0546988966331379,0.03863094493737349,1287300000000
2019-05-15 21:30:00+00:00,0.05075249975431678,0.05208311441988571,1287600000000
2019-05-15 21:35:00+00:00,0.030024345183005948,0.049803545831897736,1287900000000
2019-05-15 21:40:00+00:00,0.007057171169276205,0.0,1288200000000
2019-05-15 21:45:00+00:00,0.03073519394380976,0.0017572344888102005,1288500000000
2019-05-15 21:50:00+00:00,0.05726233511423437,0.02829567952630034,1288800000000
2019-05-15 21:55:00+00:00,0.0008726400450420682,0.009730140394654902,1289100000000
2019-05-15 22:00:00+00:00,0.00866106873546655,0.0,1289400000000
2019-05-15 22:05:00+00:00,0.030696896924110637,0.0,1289700000000
2019-05-15 22:10:00+00:00,0.006949723770766105,0.006776978315601862,1290000000000
2019-05-15 22:15:00+00:00,0.009326953161126268,0.007293936727209103,1290300000000
2019-05-15 22:20:00+00:00,0.015304082532160944,0.016734817647698425,1290600000000
2019-05-15 22:25:00+00:00,0.0,0.008873514537762323,1290900000000
2019-05-15 22:30:00+00:00,0.001685633198979037,0.007783268581704673,1291200000000
2019-05-15 22:35:00+00:00,0.03403126683221576,0.02429186643195931,1291500000000
2019-05-15 22:40:00+00:00,0.0,0.001114795466527357,1291800000000
2019-05-15 22:45:00+00:00,0.0,0.013295261794487253,1292100000000
2019-05-15 22:50:00+00:00,0.004147513352643262,0.0,1292400000000
2019-05-15 22:55:00+00:00,0.030451076336751898,0.04915731554147583,1292700000000
2019-05-15 23:00:00+00:00,0.011006023230035283,0.0,1293000000000
2019-05-15 23:05:00+00:00,0.00485429018792077,0.0,1293300000000
2019-05-15 23:10:00+00:00,0.014303885993433034,0.004047115663056925,1293600000000
2019-05-15 23:15:00+00:00,0.0,0.01345225782179685,1293900000000
2019-05-15 23:20:00+00:00,0.022061839012558378,0.0,1294200000000
2019-05-15 23:25:00+00:00,0.01931725183568637,0.011027864622575134,1294500000000
2019-05-15 23:30:00+00:00,0.00301376797868088,0.017656161575523216,1294800000000
2019-05-15 23:35:00+00:00,0.03094059505813594,0.0384547193554511,1295100000000
2019-05-15 23:40:00+00:00,0.0,0.0,1295400000000
2019-05-15 23:45:00+00:00,0.032837674712614146,0.013685899088467842,1295700000000
2019-05-15 23:50:00+00:00,0.013204862296848585,0.0,1296000000000
2019-05-15 23:55:00+00:00,0.003290755251561286,0.0,1296300000000
2019-05-16 00:00:00+00:00,0.009602527292633778,0.0,1296600000000
2019-05-16 00:05:00+00:00,0.007904289510683712,0.0,1296900000000
2019-05-16 00:10:00+00:00,0.03457620246885346,0.029433259921879437,1297200000000
2019-05-16 00:15:00+00:00,0.0,0.0026323074654548357,1297500000000
2019-05-16 00:20:00+00:00,0.0,0.00983173015180947,1297800000000
2019-05-16 00:25:00+00:00,0.03168705155254617,0.023292518725544435,1298100000000
2019-05-16 00:30:00+00:00,0.0,0.014086772022951912,1298400000000
2019-05-16 00:35:00+00:00,0.029853657198689845,0.0354764742823138,1298700000000
2019-05-16 00:40:00+00:00,0.04637866781945421,0.0,1299000000000
2019-05-16 00:45:00+00:00,0.004971307400682813,0.0,1299300000000
2019-05-16 00:50:00+00:00,0.027321734352404904,0.011765521461642165,1299600000000
2019-05-16 00:55:00+00:00,0.0,0.0,1299900000000
2019-05-16 01:00:00+00:00,0.030372458684662748,0.004821663734436979,1300200000000
2019-05-16 01:05:00+00:00,0.020161557117401557,0.030337407690207048,1300500000000
2019-05-16 01:10:00+00:00,0.026597667475415143,0.05555756785106106,1300800000000
2019-05-16 01:15:00+00:00,0.0052573724683598715,0.006877662592650604,1301100000000
2019-05-16 01:20:00+00:00,0.0,0.001686820643964225,1301400000000
2019-05-16 01:25:00+00:00,0.030499972013681306,0.0352891083102954,1301700000000
2019-05-16 01:30:00+00:00,0.0,0.0,1302000000000
2019-05-16 01:35:00+00:00,0.016620157176121315,0.010541473114440997,1302300000000
2019-05-16 01:40:00+00:00,0.043155247050679635,0.04547386473975812,1302600000000
2019-05-16 01:45:00+00:00,0.029598710154223842,0.004896146148512071,1302900000000
2019-05-16 01:50:00+00:00,0.06622078347461799,0.015201258486731484,1303200000000
2019-05-16 01:55:00+00:00,0.0493126141399539,0.025871456281976773,1303500000000
2019-05-16 02:00:00+00:00,0.01735155499915582,0.009197224335455079,1303800000000
2019-05-16 02:05:00+00:00,0.032656709218309626,0.0014209798926766055,1304100000000
2019-05-16 02:10:00+00:00,0.032904980188289856,0.06166621363399294,1304400000000
2019-05-16 02:15:00+00:00,0.004011022887695663,0.0,1304700000000
2019-05-16 02:20:00+00:00,0.018708103915852696,0.0,1305000000000
2019-05-16 02:25:00+00:00,0.028220868998058715,0.015060095017422998,1305300000000
2019-05-16 02:30:00+00:00,0.0006892555658628077,0.01857076609360751,1305600000000
2019-05-16 02:35:00+00:00,0.044397752456657266,0.02698693645395898,1305900000000
2019-05-16 02:40:00+00:00,0.0405563410835377,0.03404568305100267,1306200000000
2019-05-16 02:45:00+00:00,0.014224484185255654,0.0,1306500000000
2019-05-16 02:50:00+00:00,0.057964879006250275,0.06453269633182043,1306800000000
2019-05-16 02:55:00+00:00,0.06644897169596654,0.05110360357594879,1307100000000
2019-05-16 03:00:00+00:00,0.058974672399316294,0.05633883481714197,1307400000000
2019-05-16 03:05:00+00:00,0.05030556701736932,0.03748655285992498,1307700000000
2019-05-16 03:10:00+00:00,0.07101808967046562,0.05910853455685506,1308000000000
2019-05-16 03:15:00+00:00,0.0752442016111895,0.02768546977316915,1308300000000
2019-05-16 03:20:00+00:00,0.07028548549696893,0.03234308296439011,1308600000000
2019-05-16 03:25:00+00:00,0.05018867860814038,0.05704281907600482,1308900000000
2019-05-16 03:30:00+00:00,0.07480113429225009,0.07607551952102933,1309200000000
2019-05-16 03:35:00+00:00,0.09581038798419522,0.034544920796135595,1309500000000
2019-05-16 03:40:00+00:00,0.06264206448621987,0.042579960049008166,1309800000000
2019-05-16 03:45:00+00:00,0.11924825182970811,0.0629300750881203,1310100000000
2019-05-16 03:50:00+00:00,0.06953132895715869,0.027778167986997983,1310400000000
2019-05-16 03:55:00+00:00,0.08348492932050287,0.05578775149941072,1310700000000
2019-05-16 04:00:00+00:00,0.07221695474654002,0.06614943149523217,1311000000000
2019-05-16 04:05:00+00:00,0.09299765693605216,0.06483184362731517,1311300000000
2019-05-16 04:10:00+00:00,0.05658771860648285,0.027562382165509013,1311600000000
2019-05-16 04:15:00+00:00,0.08344419382414908,0.060363739893192644,1311900000000
2019-05-16 04:20:00+00:00,0.07548705895414577,0.03809271190086944,1312200000000
2019-05-16 04:25:00+00:00,0.10303087459014755,0.07006081076870056,1312500000000
2019-05-16 04:30:00+00:00,0.12323643265541534,0.10187117360236386,1312800000000
2019-05-16 04:35:00+00:00,0.11931830688862476,0.0300477909471583,1313100000000
2019-05-16 04:40:00+00:00,0.06204156906174918,0.05316998740785017,1313400000000
2019-05-16 04:45:00+00:00,0.15341713992975103,0.06126918552644124,1313700000000
2019-05-16 04:50:00+00:00,0.12160528444233237,0.09752972487628865,1314000000000
2019-05-16 04:55:00+00:00,0.10331510952993753,0.0492485535205053,1314300000000
2019-05-16 05:00:00+00:00,0.12515303494777327,0.05073839341653427,1314600000000
2019-05-16 05:05:00+00:00,0.12871813482335084,0.09113626543578546,1314900000000
2019-05-16 05:10:00+00:00,0.11505819468136455,0.07631831807166693,1315200000000
2019-05-16 05:15:00+00:00,0.13556978504442183,0.06135813296741993,1315500000000
2019-05-16 05:20:00+00:00,0.12269221648644424,0.04855533474849867,1315800000000
2019-05-16 05:25:00+00:00,0.12999702999549032,0.07424858824746854,1316100000000
2019-05-16 05:30:00+00:00,0.1276121551185571,0.05248555406771033,1316400000000
2019-05-16 05:35:00+00:00,0.11594709853296709,0.04833879966130769,1316700000000
2019-05-16 05:40:00+00:00,0.1507878124366042,0.09278510327039118,1317000000000
2019-05-16 05:45:00+00:00,0.16285385267913885,0.07839487892238137,1317300000000
2019-05-16 05:50:00+00:00,0.164726986038951,0.10736697742390146,1317600000000
2019-05-16 05:55:00+00:00,0.1741123834086306,0.1342703019628479,1317900000000
2019-05-16 06:00:00+00:00,0.1674868042002979,0.0975209742221671,1318200000000
2019-05-16 06:05:00+00:00,0.1536316116797349,0.09478198824755263,1318500000000
2019-05-16 06:10:00+00:00,0.1843639631712034,0.15098031255943178,1318800000000
2019-05-16 06:15:00+00:00,0.14370178525435026,0.062469048805063224,1319100000000
2019-05-16 06:20:00+00:00,0.15611548931745492,0.11749399749408779,1319400000000
2019-05-16 06:25:00+00:00,0.15811547424377384,0.11628643650451394,1319700000000
2019-05-16 06:30:00+00:00,0.2022633833491263,0.13844437679295143,1320000000000
2019-05-16 06:35:00+00:00,0.20277150043351178,0.1474978572747597,1320300000000
2019-05-16 06:40:00+00:00,0.19690444250205053,0.12375416482040269,1320600000000
2019-05-16 06:45:00+00:00,0.21182714560665666,0.11543769745200866,1320900000000
2019-05-16 06:50:00+00:00,0.17601917533136333,0.12750297102322936,1321200000000
2019-05-16 06:55:00+00:00,0.20377756402392364,0.14492338264861207,1321500000000
2019-05-16 07:00:00+00:00,0.19748603486438118,0.14059789894849445,1321800000000
2019-05-16 07:05:00+00:00,0.22009254973790376,0.13294557148912697,1322100000000
2019-05-16 07:10:00+00:00,0.203995829719042,0.10807360755915867,1322400000000
2019-05-16 07:15:00+00:00,0.20172539536060796,0.124862482298597,1322700000000
2019-05-16 07:20:00+00:00,0.22334341409229175,0.15285064880673174,1323000000000
2019-05-16 07:25:00+00:00,0.23312520019749186,0.16036215591569444,1323300000000
2019-05-16 07:30:00+00:00,0.2052856109578277,0.11457784403320473,1323600000000
2019-05-16 07:35:00+00:00,0.2204543789406517,0.13858008528693883,1323900000000
2019-05-16 07:40:00+00:00,0.2035017043660508,0.09592545652991136,1324200000000
2019-05-16 07:45:00+00:00,0.17767374984965673,0.12630325196991105,1324500000000
2019-05-16 07:50:00+00:00,0.23457704016908526,0.12508004896694988,1324800000000
2019-05-16 07:55:00+00:00,0.24564586690744472,0.16309262733589777,1325100000000
2019-05-16 08:00:00+00:00,0.24157466951506867,0.12195871016123797,1325400000000
2019-05-16 08:05:00+00:00,0.20017197659121339,0.14073150408340818,1325700000000
2019-05-16 08:10:00+00:00,0.23493906376160678,0.14740014205741947,1326000000000
2019-05-16 08:15:00+00:00,0.20034357975191797,0.10457899393881184,1326300000000
2019-05-16 08:20:00+00:00,0.27481937649463006,0.17871875351838853,1326600000000
2019-05-16 08:25:00+00:00,0.22837813338995347,0.12521964619786546,1326900000000
2019-05-16 08:30:00+00:00,0.27783895320717394,0.18169447267320693,1327200000000
2019-05-16 08:35:00+00:00,0.27423646925684814,0.15905965204649444,1327500000000
2019-05-16 08:40:00+00:00,0.23985077884670444,0.1094895247954294,1327800000000
2019-05-16 08:45:00+00:00,0.23770450657298858,0.1229743791341744,1328100000000
2019-05-16 08:50:00+00:00,0.26981815769229744,0.15328260044163278,1328400000000
2019-05-16 08:55:00+00:00,0.2483265887347906,0.17635973371584593,1328700000000
2019-05-16 09:00:00+00:00,0.26961571002114637,0.1797922986232723,1329000000000
2019-05-16 09:05:00+00:00,0.260211931381715,0.18860438707547184,1329300000000
2019-05-16 09:10:00+00:00,0.23649621000998294,0.17497043032658693,1329600000000
2019-05-16 09:15:00+00:00,0.22970827740602434,0.1271299503517963,1329900000000
2019-05-16 09:20:00+00:00,0.2809959069932941,0.16482780700079985,1330200000000
2019-05-16 09:25:00+00:00,0.267320961981765,0.15216697870244822,1330500000000
2019-05-16 09:30:00+00:00,0.26952453803873644,0.14828451071722035,1330800000000
2019-05-16 09:35:00+00:00,0.29648118964422043,0.1410588195998031,1331100000000
2019-05-16 09:40:00+00:00,0.3079527632871085,0.18447670361192825,1331400000000
2019-05-16 09:45:00+00:00,0.28089454741814623,0.14282541657666553,1331700000000
2019-05-16 09:50:00+00:00,0.28133563162262476,0.16811794134288832,1332000000000
2019-05-16 09:55:00+00:00,0.2998924190409974,0.22225086761585813,1332300000000
2019-05-16 10:00:00+00:00,0.26443176584034167,0.14847215757759083,1332600000000
2019-05-16 10:05:00+00:00,0.297652630006635,0.18248705811654234,1332900000000
2019-05-16 10:10:00+00:00,0.30578378885762086,0.2016032410307582,1333200000000
2019-05-16 10:15:00+00:00,0.30984384873158893,0.1915121350782715,1333500000000
2019-05-16 10:20:00+00:00,0.2589333362276709,0.16120968549544845,1333800000000
2019-05-16 10:25:00+00:00,0.28380572758284955,0.16303538787594812,1334100000000
2019-05-16 10:30:00+00:00,0.28276666482022367,0.16502243939090955,1334400000000
2019-05-16 10:35:00+00:00,0.3035628083694927,0.16293747457793906,1334700000000
2019-05-16 10:40:00+00:00,0.312346562491024,0.20432883767240256,1335000000000
2019-05-16 10:45:00+00:00,0.3337653942398522,0.1654294034116294,1335300000000
2019-05-16 10:50:00+00:00,0.29496378856042865,0.19640003990390123,1335600000000
2019-05-16 10:55:00+00:00,0.29587547263614977,0.149451315886785,1335900000000
2019-05-16 11:00:00+00:00,0.32971564765426864,0.21708153407409422,1336200000000
2019-05-16 11:05:00+00:00,0.31348007146481754,0.1810116923546469,1336500000000
2019-05-16 11:10:00+00:00,0.3336585424028604,0.17555775167905463,1336800000000
2019-05-16 11:15:00+00:00,0.3147673521206814,0.20044638417400157,1337100000000
2019-05-16 11:20:00+00:00,0.28646771946645466,0.1904559823813883,1337400000000
2019-05-16 11:25:00+00:00,0.28349443725238566,0.16133508938936064,1337700000000
2019-05-16 11:30:00+00:00,0.2796031508915595,0.18217410150851437,1338000000000
2019-05-16 11:35:00+00:00,0.32428004298407304,0.14886633589705683,1338300000000
2019-05-16 11:40:00+00:00,0.33514558561994645,0.17467542557703586,1338600000000
2019-05-16 11:45:00+00:00,0.3486244146468516,0.23502282739748553,1338900000000
2019-05-16 11:50:00+00:00,0.32869156210596573,0.19274155177962113,1339200000000
2019-05-16 11:55:00+00:00,0.3352071867237972,0.16388004550530136,1339500000000
2019-05-16 12:00:00+00:00,0.3003996733469263,0.1662624803993159,1339800000000
2019-05-16 12:05:00+00:00,0.28884987661599815,0.15484191651909726,1340100000000
2019-05-16 12:10:00+00:00,0.32888659766340744,0.19401272396858596,1340400000000
2019-05-16 12:15:00+00:00,0.3200741201972452,0.18462945244219414,1340700000000
2019-05-16 12:20:00+00:00,0.3136336477561353,0.1917588232324444,1341000000000
2019-05-16 12:25:00+00:00,0.31892532479045227,0.18996587384201985,1341300000000
2019-05-16 12:30:00+00:00,0.31726377218856894,0.21755304841388173,1341600000000
2019-05-16 12:35:00+00:00,0.33602778598945765,0.21010764358806797,1341900000000
2019-05-16 12:40:00+00:00,0.3357319857592812,0.21059262367944043,1342200000000
2019-05-16 12:45:00+00:00,0.32012719910729137,0.21537946194226526,1342500000000
2019-05-16 12:50:00+00:00,0.32549934740813746,0.18752423343629085,1342800000000
2019-05-16 12:55:00+00:00,0.31813533929826265,0.16564365471178788,1343100000000
2019-05-16 13:00:00+00:00,0.29783214596933427,0.20283869407424554,1343400000000
2019-05-16 13:05:00+00:00,0.32131932721170753,0.19550843128918674,1343700000000
2019-05-16 13:10:00+00:00,0.27736208567949266,0.16920427556567416,1344000000000
2019-05-16 13:15:00+00:00,0.3253256838035171,0.18252881185150555,1344300000000
2019-05-16 13:20:00+00:00,0.27928565654478754,0.15523428726480096,1344600000000
2019-05-16 13:25:00+00:00,0.30775335723942554,0.2015864611190722,1344900000000
2019-05-16 13:30:00+00:00,0.28392885070817003,0.1900504263876542,1345200000000
2019-05-16 13:35:00+00:00,0.31062839041829404,0.2020535023659096,1345500000000
2019-05-16 13:40:00+00:00,0.29754544131471694,0.19438649689773965,1345800000000
2019-05-16 13:45:00+00:00,0.2649274587333033,0.17033706598517717,1346100000000
2019-05-16 13:50:00+00:00,0.3037711731526587,0.18489315849315838,1346400000000
2019-05-16 13:55:00+00:00,0.282270042263916,0.16585443167192998,1346700000000
2019-05-16 14:00:00+00:00,0.3098600783172665,0.21012252398919096,1347000000000
2019-05-16 14:05:00+00:00,0.2906105165978515,0.16689189254890222,1347300000000
2019-05-16 14:10:00+00:00,0.4772885383272212,0.29377270727394766,1347600000000
2019-05-16 14:15:00+00:00,0.30404612087236044,0.16634741256433133,1347900000000
2019-05-16 14:20:00+00:00,0.2734750509036905,0.1508990498052053,1348200000000
2019-05-16 14:25:00+00:00,0.2741966956958776,0.15979492606038204,1348500000000
2019-05-16 14:30:00+00:00,0.2985537173152026,0.16305346285457828,1348800000000
2019-05-16 14:35:00+00:00,0.31296076977559756,0.20373349837492455,1349100000000
2019-05-16 14:40:00+00:00,0.2612476758774339,0.12978792049555973,1349400000000
2019-05-16 14:45:00+00:00,0.2967712673483342,0.18004735287662196,1349700000000
2019-05-16 14:50:00+00:00,0.22967027438922644,0.14045232657037948,1350000000000
2019-05-16 14:55:00+00:00,0.24695691739822875,0.11195815887254364,1350300000000
2019-05-16 15:00:00+00:00,0.24939044805424562,0.1408137924220752,1350600000000
2019-05-16 15:05:00+00:00,0.23919067346741582,0.14862839484141235,1350900000000
2019-05-16 15:10:00+00:00,0.23219454112437504,0.14789128454050637,1351200000000
2019-05-16 15:15:00+00:00,0.2697035171744332,0.15773596613265659,1351500000000
2019-05-16 15:20:00+00:00,0.2546923430539783,0.16635316992200128,1351800000000
2019-05-16 15:25:00+00:00,0.2640460732241551,0.15624131878977224,1352100000000
2019-05-16 15:30:00+00:00,0.26770700140707004,0.16089725908574318,1352400000000
2019-05-16 15:35:00+00:00,0.25660600934021077,0.15899668298385752,1352700000000
2019-05-16 15:40:00+00:00,0.2618028400867748,0.17562169662674826,1353000000000
2019-05-16 15:45:00+00:00,0.24456988922809475,0.13322757348854622,1353300000000
2019-05-16 15:50:00+00:00,0.21949396237479787,0.12195993997451277,1353600000000
2019-05-16 15:55:00+00:00,0.2616250501182709,0.14359710023637826,1353900000000
2019-05-16 16:00:00+00:00,0.2258844240110455,0.1288867000837886,1354200000000
2019-05-16 16:05:00+00:00,0.2161169449182152,0.1581948521125244,1354500000000
2019-05-16 16:10:00+00:00,0.22839837891361212,0.1484935337347637,1354800000000
2019-05-16 16:15:00+00:00,0.2107954184802525,0.10385545618477465,1355100000000
2019-05-16 16:20:00+00:00,0.2177663538435382,0.11865087299434943,1355400000000
2019-05-16 16:25:00+00:00,0.23002919302118938,0.14547286029824166,1355700000000
2019-05-16 16:30:00+00:00,0.22711934963968686,0.1181414541651567,1356000000000
2019-05-16 16:35:00+00:00,0.19917299330293095,0.10499699516546342,1356300000000
2019-05-16 16:40:00+00:00,0.2043266918176532,0.14949520841407488,1356600000000
2019-05-16 16:45:00+00:00,0.2324942465575443,0.12722903536506283,1356900000000
2019-05-16 16:50:00+00:00,0.21783942783587443,0.14979699302211238,1357200000000
2019-05-16 16:55:00+00:00,0.24629509733606378,0.17288352219225703,1357500000000
2019-05-16 17:00:00+00:00,0.22525875357354225,0.12048601032074607,1357800000000
2019-05-16 17:05:00+00:00,0.22138596744234781,0.11503232933426585,1358100000000
2019-05-16 17:10:00+00:00,0.16756968219270987,0.09501916758600262,1358400000000
2019-05-16 17:15:00+00:00,0.2074157553350876,0.10267689878758005,1358700000000
2019-05-16 17:20:00+00:00,0.18787397950498866,0.11514506527304803,1359000000000
2019-05-16 17:25:00+00:00,0.17470164963550144,0.10070795154423313,1359300000000
2019-05-16 17:30:00+00:00,0.1858559023103246,0.11872514170392079,1359600000000
2019-05-16 17:35:00+00:00,0.19816481747558018,0.14683775961000453,1359900000000
2019-05-16 17:40:00+00:00,0.1860344376766761,0.12797036222141203,1360200000000
2019-05-16 17:45:00+00:00,0.15519932669101288,0.10290439152285485,1360500000000
2019-05-16 17:50:00+00:00,0.18436430859887493,0.07129761689996658,1360800000000
2019-05-16 17:55:00+00:00,0.1535065930247765,0.1009714754569134,1361100000000
2019-05-16 18:00:00+00:00,0.1673336623792847,0.1348527506416618,1361400000000
2019-05-16 18:05:00+00:00,0.15367465478416162,0.03199434254422664,1361700000000
2019-05-16 18:10:00+00:00,0.15210754463826504,0.10505217764247152,1362000000000
2019-05-16 18:15:00+00:00,0.16855605678295404,0.09794646257464314,1362300000000
2019-05-16 18:20:00+00:00,0.12917831974709026,0.06051109178779526,1362600000000
2019-05-16 18:25:00+00:00,0.18564331470218826,0.12740856049955201,1362900000000
2019-05-16 18:30:00+00:00,0.10708268311443617,0.09844372788080831,1363200000000
2019-05-16 18:35:00+00:00,0.12832536062863653,0.09249983095393699,1363500000000
2019-05-16 18:40:00+00:00,0.1444681222599059,0.07925703433071302,1363800000000
2019-05-16 18:45:00+00:00,0.1455477350262871,0.06845924452760913,1364100000000
2019-05-16 18:50:00+00:00,0.12866343238674008,0.08009061210783491,1364400000000
2019-05-16 18:55:00+00:00,0.12635207986882022,0.09327463376892389,1364700000000
2019-05-16 19:00:00+00:00,0.13255481160784072,0.07179182644002988,1365000000000
2019-05-16 19:05:00+00:00,0.1165848139017515,0.06414322850803497,1365300000000
2019-05-16 19:10:00+00:00,0.14595219967750053,0.14401132480326828,1365600000000
2019-05-16 19:15:00+00:00,0.13177939582249068,0.10064067641268892,1365900000000
2019-05-16 19:20:00+00:00,0.12937568774348468,0.10062798621396346,1366200000000
2019-05-16 19:25:00+00:00,0.08954727090114821,0.024522644419512685,1366500000000
2019-05-16 19:30:00+00:00,0.10425971665712172,0.04841205640840382,1366800000000
2019-05-16 19:35:00+00:00,0.09684256643566401,0.05959917265048318,1367100000000
2019-05-16 19:40:00+00:00,0.07977301100288389,0.027841055444027343,1367400000000
2019-05-16 19:45:00+00:00,0.1041516468127327,0.0944989340654255,1367700000000
2019-05-16 19:50:00+00:00,0.08329034841470367,0.07818045518063511,1368000000000
2019-05-16 19:55:00+00:00,0.1042792057035411,0.05189661667444358,1368300000000
2019-05-16 20:00:00+00:00,0.06692950207544543,0.07583607337741695,1368600000000
2019-05-16 20:05:00+00:00,0.11991204575497968,0.07186218551858896,1368900000000
2019-05-16 20:10:00+00:00,0.0648395166872461,0.09069150436012863,1369200000000
2019-05-16 20:15:00+00:00,0.08442551179106868,0.053549029685141934,1369500000000
2019-05-16 20:20:00+00:00,0.09318960964399238,0.06743762079296386,1369800000000
2019-05-16 20:25:00+00:00,0.06329352191923769,0.06597418197493378,1370100000000
2019-05-16 20:30:00+00:00,0.08915182518401758,0.07904376210656673,1370400000000
2019-05-16 20:35:00+00:00,0.04495836277193885,0.03718965898588118,1370700000000
2019-05-16 20:40:00+00:00,0.0960686569751157,0.054818387796192705,1371000000000
2019-05-16 20:45:00+00:00,0.06483944636763793,0.04918632182044514,1371300000000
2019-05-16 20:50:00+00:00,0.050205462920495825,0.01379959431477519,1371600000000
2019-05-16 20:55:00+00:00,0.05377551729522113,0.035307984754414996,1371900000000
2019-05-16 21:00:00+00:00,0.07361236820987183,0.021981270275963197,1372200000000
2019-05-16 21:05:00+00:00,0.043470188742916784,0.0,1372500000000
2019-05-16 21:10:00+00:00,0.037949023467804,0.02377794936347126,1372800000000
2019-05-16 21:15:00+00:00,0.04633496359314468,0.053046535969320255,1373100000000
2019-05-16 21:20:00+00:00,0.025109646832309283,0.033581880931306755,1373400000000
2019-05-16 21:25:00+00:00,0.08299765013934732,0.048160344169096224,1373700000000
2019-05-16 21:30:00+00:00,0.03325244046535413,0.05489125824272241,1374000000000
2019-05-16 21:35:00+00:00,0.059262867305707526,0.02417649256649304,1374300000000
2019-05-16 21:40:00+00:00,0.044927706140717755,0.0,1374600000000
2019-05-16 21:45:00+00:00,0.019213877144979158,0.0,1374900000000
2019-05-16 21:50:00+00:00,0.03701107783270092,0.0,1375200000000
2019-05-16 21:55:00+00:00,0.05109605276305057,0.04699012652307492,1375500000000
2019-05-16 22:00:00+00:00,0.029997629397274878,0.005302523969017198,1375800000000
2019-05-16 22:05:00+00:00,0.05603380111645036,0.04283945350701625,1376100000000
2019-05-16 22:10:00+00:00,0.051073127323348164,0.06356954406568843,1376400000000
2019-05-16 22:15:00+00:00,0.04755571919659664,0.006531492266401859,1376700000000
2019-05-16 22:20:00+00:00,0.01858291872126408,0.020719745868676247,1377000000000
2019-05-16 22:25:00+00:00,0.004842540287564732,0.013684785625653282,1377300000000
2019-05-16 22:30:00+00:00,0.012896318016050935,0.0,1377600000000
2019-05-16 22:35:00+00:00,0.02788752730980358,0.04381673489078381,1377900000000
2019-05-16 22:40:00+00:00,0.03373961893053819,0.01448963024733338,1378200000000
2019-05-16 22:45:00+00:00,0.0,0.0,1378500000000
2019-05-16 22:50:00+00:00,0.02058574891108648,0.05458371371501135,1378800000000
2019-05-16 22:55:00+00:00,0.02297375079301898,0.024239585323145754,1379100000000
2019-05-16 23:00:00+00:00,0.013393574263662352,0.026541955551907373,1379400000000
2019-05-16 23:05:00+00:00,0.043971388530550465,0.05348069174876705,1379700000000
2019-05-16 23:10:00+00:00,0.025852311528138563,0.0025019069276987996,1380000000000
2019-05-16 23:15:00+00:00,0.0429610461011331,0.05077304960175344,1380300000000
2019-05-16 23:20:00+00:00,0.01184851553005328,0.0,1380600000000
2019-05-16 23:25:00+00:00,0.03439810105775216,0.009746392847885348,1380900000000
2019-05-16 23:30:00+00:00,0.047901265351145535,0.023300759764524597,1381200000000
2019-05-16 23:35:00+00:00,0.041055973807660726,0.012192287585697337,1381500000000
2019-05-16 23:40:00+00:00,0.0,0.016443128653143256,1381800000000
2019-05-16 23:45:00+00:00,0.009205973296695088,0.010867797080918166,1382100000000
2019-05-16 23:50:00+00:00,0.007211694875947693,0.0,1382400000000
2019-05-16 23:55:00+00:00,0.02380689775065128,0.027774239313487204,1382700000000
2019-05-17 00:00:00+00:00,0.027727071100290674,0.011132593912447484,1383000000000
2019-05-17 00:05:00+00:00,0.0,0.0,1383300000000
2019-05-17 00:10:00+00:00,0.015527314818837906,0.010290066589333617,1383600000000
2019-05-17 00:15:00+00:00,0.0,0.009269207113324344,1383900000000
2019-05-17 00:20:00+00:00,0.043465250957831526,0.03387610356224731,1384200000000
2019-05-17 00:25:00+00:00,0.004713508897562566,0.0,1384500000000
2019-05-17 00:30:00+00:00,0.01648388292415184,0.026832553903279148,1384800000000
2019-05-17 00:35:00+00:00,0.009650001372296931,0.0013421178017850362,1385100000000
2019-05-17 00:40:00+00:00,0.039310499659548484,0.010486610023554707,1385400000000
2019-05-17 00:45:00+00:00,0.0,0.0,1385700000000
2019-05-17 00:50:00+00:00,0.017362280974380844,0.030080938204608935,1386000000000
2019-05-17 00:55:00+00:00,0.01633509215583463,0.010048856817380929,1386300000000
2019-05-17 01:00:00+00:00,0.010205064971473192,0.01034048615309421,1386600000000
2019-05-17 01:05:00+00:00,0.054697608310379175,0.05373462330021782,1386900000000
2019-05-17 01:10:00+00:00,0.0033903126550950853,0.0,1387200000000
2019-05-17 01:15:00+00:00,0.03760473745378061,0.0,1387500000000
2019-05-17 01:20:00+00:00,0.030393384878457327,0.019631644971378766,1387800000000
2019-05-17 01:25:00+00:00,0.04966531576940189,0.03595842050324704,1388100000000
2019-05-17 01:30:00+00:00,0.012324288427756883,0.0021375917334466735,1388400000000
2019-05-17 01:35:00+00:00,0.012307789038497254,0.03685942498462173,1388700000000
2019-05-17 01:40:00+00:00,0.050253007871827765,0.0,1389000000000
2019-05-17 01:45:00+00:00,0.038267181603365806,0.04536144172001515,1389300000000
2019-05-17 01:50:00+00:00,0.0003551836452870237,0.01603618319445673,1389600000000
2019-05-17 01:55:00+00:00,0.0220243307990535,0.022350014033441286,1389900000000
2019-05-17 02:00:00+00:00,0.04215717584262907,0.0,1390200000000
2019-05-17 02:05:00+00:00,0.052865726052212056,0.0573972112967326,1390500000000
2019-05-17 02:10:00+00:00,0.024267781175318894,0.0,1390800000000
2019-05-17 02:15:00+00:00,0.0,0.0,1391100000000
2019-05-17 02:20:00+00:00,0.05198054596028101,0.02777647428036723,1391400000000
2019-05-17 02:25:00+00:00,0.019029673338775758,0.019566164696304962,1391700000000
2019-05-17 02:30:00+00:00,0.005066889660533959,0.015828694640171375,1392000000000
2019-05-17 02:35:00+00:00,0.0,0.01785681108638593,1392300000000
2019-05-17 02:40:00+00:00,0.06581739518055264,0.0558075073099019,1392600000000
2019-05-17 02:45:00+00:00,0.054254711219585736,0.037611370816013956,1392900000000
2019-05-17 02:50:00+00:00,0.049367494086459296,0.037938949633027394,1393200000000
2019-05-17 02:55:00+00:00,0.08391200406140331,0.028532128120397057,1393500000000
2019-05-17 03:00:00+00:00,0.0711804764824792,0.027687749753107074,1393800000000
2019-05-17 03:05:00+00:00,0.09311293137598627,0.07377696329908841,1394100000000
2019-05-17 03:10:00+00:00,0.03533453719208936,0.03794491204982724,1394400000000
2019-05-17 03:15:00+00:00,0.06494878192257718,0.05344525748243473,1394700000000
2019-05-17 03:20:00+00:00,0.03580314660361566,0.011193552729038844,1395000000000
2019-05-17 03:25:00+00:00,0.06609327697972707,0.057865808826710156,1395300000000
2019-05-17 03:30:00+00:00,0.06829680190669206,0.017753192094408076,1395600000000
2019-05-17 03:35:00+00:00,0.08843304771294618,0.07460702482501316,1395900000000
2019-05-17 03:40:00+00:00,0.07948592328129157,0.04247413794385713,1396200000000
2019-05-17 03:45:00+00:00,0.09375760781265866,0.08993797281440784,1396500000000
2019-05-17 03:50:00+00:00,0.09811275029964335,0.028438808338476305,1396800000000
2019-05-17 03:55:00+00:00,0.12993536260136204,0.11322929847918767,1397100000000
2019-05-17 04:00:00+00:00,0.0833607335609433,0.042787153553296736,1397400000000
2019-05-17 04:05:00+00:00,0.07371178620432026,0.03663748660235727,1397700000000
2019-05-17 04:10:00+00:00,0.10035382476551745,0.0641090712390224,1398000000000
2019-05-17 04:15:00+00:00,0.08231942925769356,0.0354500792986022,1398300000000
2019-05-17 04:20:00+00:00,0.13096869832984875,0.07713463897186311,1398600000000
2019-05-17 04:25:00+00:00,0.09865974685339607,0.04444332280662055,1398900000000
2019-05-17 04:30:00+00:00,0.09603595778775637,0.043600304053070076,1399200000000
2019-05-17 04:35:00+00:00,0.10097186872331235,0.07032084023999884,1399500000000
2019-05-17 04:40:00+00:00,0.12784310474836083,0.05867455294294617,1399800000000
2019-05-17 04:45:00+00:00,0.11342080720656267,0.05268859962382795,1400100000000
2019-05-17 04:50:00+00:00,0.10686634922730633,0.03666398454145561,1400400000000
2019-05-17 04:55:00+00:00,0.15615213069226505,0.08361266481613223,1400700000000
2019-05-17 05:00:00+00:00,0.10888707975472046,0.09156428844731071,1401000000000
2019-05-17 05:05:00+00:00,0.12990565985395577,0.061024723110314094,1401300000000
2019-05-17 05:10:00+00:00,0.14544129205260148,0.07263210992781606,1401600000000
2019-05-17 05:15:00+00:00,0.10298474948923986,0.06566928862317462,1401900000000
2019-05-17 05:20:00+00:00,0.14844687226696782,0.08165219468419016,1402200000000
2019-05-17 05:25:00+00:00,0.12098211633968066,0.11715235847080138,1402500000000
2019-05-17 05:30:00+00:00,0.16179339345033986,0.09382547677667878,1402800000000
2019-05-17 05:35:00+00:00,0.12934750408938164,0.08431286937797641,1403100000000
2019-05-17 05:40:00+00:00,0.16572646366927477,0.11831125389755129,1403400000000
2019-05-17 05:45:00+00:00,0.17726452527470524,0.12485027248208015,1403700000000
2019-05-17 05:50:00+00:00,0.17565804463007856,0.11006057840919473,1404000000000
2019-05-17 05:55:00+00:00,0.166740211320689,0.09682157705869338,1404300000000
2019-05-17 06:00:00+00:00,0.16037398114140541,0.13670495941242838,1404600000000
2019-05-17 06:05:00+00:00,0.15675773011737712,0.09205943256414094,1404900000000
2019-05-17 06:10:00+00:00,0.20099137969892059,0.11176102573078274,1405200000000
2019-05-17 06:15:00+00:00,0.160862231647835,0.08360035922282064,1405500000000
2019-05-17 06:20:00+00:00,0.1573875954963035,0.05989649324364697,1405800000000
2019-05-17 06:25:00+00:00,0.19470685437289637,0.1332564276684811,1406100000000
2019-05-17 06:30:00+00:00,0.16873952610261123,0.0542823477195502,1406400000000
2019-05-17 06:35:00+00:00,0.16891446020138876,0.10123421930273484,1406700000000
2019-05-17 06:40:00+00:00,0.16228625251775425,0.09327453882522484,1407000000000
2019-05-17 06:45:00+00:00,0.1847303515132093,0.15563751475255452,1407300000000
2019-05-17 06:50:00+00:00,0.19595053050167424,0.080937293726732,1407600000000
2019-05-17 06:55:00+00:00,0.20566749617991897,0.10537843196826424,1407900000000
2019-05-17 07:00:00+00:00,0.22301564831803514,0.13108745981718808,1408200000000
2019-05-17 07:05:00+00:00,0.21769286613352032,0.1266651329307288,1408500000000
2019-05-17 07:10:00+00:00,0.20648286997902132,0.11289883017121188,1408800000000
2019-05-17 07:15:00+00:00,0.20946033960121213,0.12405644557268393,1409100000000
2019-05-17 07:20:00+00:00,0.22672839309937656,0.1108457812822311,1409400000000
2019-05-17 07:25:00+00:00,0.24505322011223757,0.1541757896472413,1409700000000
2019-05-17 07:30:00+00:00,0.22517879884442873,0.08867757246510566,1410000000000
2019-05-17 07:35:00+00:00,0.21629327528349004,0.12926057805254887,1410300000000
2019-05-17 07:40:00+00:00,0.20881319701717194,0.11328078432503169,1410600000000
2019-05-17 07:45:00+00:00,0.20273086491127196,0.14196427780189588,1410900000000
2019-05-17 07:50:00+00:00,0.24789324098168203,0.1838421660016753,1411200000000
2019-05-17 07:55:00+00:00,0.24902733025514415,0.14279535477807934,1411500000000
2019-05-17 08:00:00+00:00,0.2518806038354683,0.1789428808841096,1411800000000
2019-05-17 08:05:00+00:00,0.2405900220192587,0.13803168759894702,1412100000000
2019-05-17 08:10:00+00:00,0.27409474728097033,0.14513431790600037,1412400000000
2019-05-17 08:15:00+00:00,0.23902816506124414,0.17833497168045886,1412700000000
2019-05-17 08:20:00+00:00,0.2705307390856896,0.1727339723460939,1413000000000
2019-05-17 08:25:00+00:00,0.25332436713252515,0.15208339073171137,1413300000000
2019-05-17 08:30:00+00:00,0.24456386572438674,0.160481868936605,1413600000000
2019-05-17 08:35:00+00:00,0.2711696825295196,0.1681861102203151,1413900000000
2019-05-17 08:40:00+00:00,0.27005530827110463,0.16064879680383243,1414200000000
2019-05-17 08:45:00+00:00,0.2714996607836828,0.13637109992404975,1414500000000
2019-05-17 08:50:00+00:00,0.26843632180569543,0.1556510583401919,1414800000000
2019-05-17 08:55:00+00:00,0.26845520784411614,0.17353823317563913,1415100000000
2019-05-17 09:00:00+00:00,0.3193334570353902,0.1891446457074979,1415400000000
2019-05-17 09:05:00+00:00,0.29755361610177605,0.19657868488367336,1415700000000
2019-05-17 09:10:00+00:00,0.2905759161990066,0.1820186501967397,1416000000000
2019-05-17 09:15:00+00:00,0.280553620952582,0.15076944620984106,1416300000000
2019-05-17 09:20:00+00:00,0.3006053660353362,0.15397978046455923,1416600000000
2019-05-17 09:25:00+00:00,0.29291201243620585,0.17260363746312016,1416900000000
2019-05-17 09:30:00+00:00,0.28511042943249915,0.16058168869740774,1417200000000
2019-05-17 09:35:00+00:00,0.28049262635702576,0.17502201200664916,1417500000000
2019-05-17 09:40:00+00:00,0.2868655710012064,0.15775658942546925,1417800000000
2019-05-17 09:45:00+00:00,0.22693692712782068,0.12385430976159485,1418100000000
2019-05-17 09:50:00+00:00,0.2963596225467754,0.19887716787996348,1418400000000
2019-05-17 09:55:00+00:00,0.28412003677651193,0.1734360814384651,1418700000000
2019-05-17 10:00:00+00:00,0.3274238771999903,0.1823997850114483,1419000000000
2019-05-17 10:05:00+00:00,0.2975764503279167,0.1788987063714504,1419300000000
2019-05-17 10:10:00+00:00,0.27496680103047905,0.19255830547832106,1419600000000
2019-05-17 10:15:00+00:00,0.2992416414806745,0.18542071865389914,1419900000000
2019-05-17 10:20:00+00:00,0.28074596857646966,0.1803065973343844,1420200000000
2019-05-17 10:25:00+00:00,0.31250098129327725,0.1724558980454175,1420500000000
2019-05-17 10:30:00+00:00,0.3101508771634831,0.20661891384078188,1420800000000
2019-05-17 10:35:00+00:00,0.32472186190347413,0.24119516235136051,1421100000000
2019-05-17 10:40:00+00:00,0.2909140350617727,0.15871906818680653,1421400000000
2019-05-17 10:45:00+00:00,0.30851134801549585,0.16146892932185772,1421700000000
2019-05-17 10:50:00+00:00,0.2815626622592564,0.1724484422322568,1422000000000
2019-05-17 10:55:00+00:00,0.323856818240828,0.21182419194138502,1422300000000
2019-05-17 11:00:00+00:00,0.32109963088549587,0.19083198509029228,1422600000000
2019-05-17 11:05:00+00:00,0.3214646331147631,0.1718146519480046,1422900000000
2019-05-17 11:10:00+00:00,0.31233789280624,0.18523105244813623,1423200000000
2019-05-17 11:15:00+00:00,0.3212882498762603,0.2047347953813053,1423500000000
2019-05-17 11:20:00+00:00,0.34569683400689194,0.19927746386521397,1423800000000
2019-05-17 11:25:00+00:00,0.3084551192071017,0.19721817187935947,1424100000000
2019-05-17 11:30:00+00:00,0.3174062995469399,0.21373799543296212,1424400000000
2019-05-17 11:35:00+00:00,0.2933164803052755,0.18079450069857425,1424700000000
2019-05-17 11:40:00+00:00,0.2980084299262397,0.17824610253017797,1425000000000
2019-05-17 11:45:00+00:00,0.31759343768099,0.20714294111311965,1425300000000
2019-05-17 11:50:00+00:00,0.337908126393539,0.18562285928737882,1425600000000
2019-05-17 11:55:00+00:00,0.310824798688066,0.16740068253898116,1425900000000
2019-05-17 12:00:00+00:00,0.3112816694137575,0.18143755594967478,1426200000000
2019-05-17 12:05:00+00:00,0.3078404880607878,0.17486670374018332,1426500000000
2019-05-17 12:10:00+00:00,0.30518987759817,0.16704708705309249,1426800000000
2019-05-17 12:15:00+00:00,0.3216199342666337,0.2295813300599557,1427100000000
2019-05-17 12:20:00+00:00,0.28553960736574446,0.21476362860933249,1427400000000
2019-05-17 12:25:00+00:00,0.34079668671112695,0.19740391118156453,1427700000000
2019-05-17 12:30:00+00:00,0.3014916165768155,0.1827293489410566,1428000000000
2019-05-17 12:35:00+00:00,0.328789518501149,0.19351685469941357,1428300000000
2019-05-17 12:40:00+00:00,0.28843230211506476,0.195209366071402,1428600000000
2019-05-17 12:45:00+00:00,0.32661959467140905,0.22208466803964638,1428900000000
2019-05-17 12:50:00+00:00,0.32602218211316863,0.16006803329410824,1429200000000
2019-05-17 12:55:00+00:00,0.31953812968988476,0.20124309381524336,1429500000000
2019-05-17 13:00:00+00:00,0.2911669701740311,0.14856375528119567,1429800000000
2019-05-17 13:05:00+00:00,0.3151789975054066,0.2242728416607495,1430100000000
2019-05-17 13:10:00+00:00,0.28559086336199113,0.18015947862140264,1430400000000
2019-05-17 13:15:00+00:00,0.3031925876556754,0.16544856182615253,1430700000000
2019-05-17 13:20:00+00:00,0.3277643773592151,0.191832198656772,1431000000000
2019-05-17 13:25:00+00:00,0.3219713300449453,0.18740325286164403,1431300000000
2019-05-17 13:30:00+00:00,0.3051355887275015,0.1935836120942172,1431600000000
2019-05-17 13:35:00+00:00,0.2840644792383491,0.191276939626559,1431900000000
2019-05-17 13:40:00+00:00,0.3151357000767594,0.16611727420662142,1432200000000
2019-05-17 13:45:00+00:00,0.30121020265053,0.21750121160856029,1432500000000
2019-05-17 13:50:00+00:00,0.2529508685676802,0.18388432329702498,1432800000000
2019-05-17 13:55:00+00:00,0.31348105432690015,0.17058216124431919,1433100000000
2019-05-17 14:00:00+00:00,0.29575248722360575,0.17890752822140962,1433400000000
2019-05-17 14:05:00+00:00,0.3186330277828253,0.2253959875519815,1433700000000
2019-05-17 14:10:00+00:00,0.2709644176061879,0.18723702229726238,1434000000000
2019-05-17 14:15:00+00:00,0.2275613655814621,0.12980195874791933,1434300000000
2019-05-17 14:20:00+00:00,0.29484337269914085,0.19319281991084197,1434600000000
2019-05-17 14:25:00+00:00,0.29320074195153945,0.23586441100530645,1434900000000
2019-05-17 14:30:00+00:00,0.25160623515822306,0.15306694073195806,1435200000000
2019-05-17 14:35:00+00:00,0.26384323710215624,0.14565297723249335,1435500000000
2019-05-17 14:40:00+00:00,0.3364554657866888,0.20532167651384123,1435800000000
2019-05-17 14:45:00+00:00,0.27312209217210387,0.1688042972132087,1436100000000
2019-05-17 14:50:00+00:00,0.2916830022712641,0.1645190665827565,1436400000000
2019-05-17 14:55:00+00:00,0.2618275088727076,0.1659290066799089,1436700000000
2019-05-17 15:00:00+00:00,0.23075995920091877,0.11336795432600122,1437000000000
2019-05-17 15:05:00+00:00,0.2668356823203114,0.14679073205201326,1437300000000
2019-05-17 15:10:00+00:00,0.26255421771440374,0.1726974261517382,1437600000000
2019-05-17 15:15:00+00:00,0.25744597415830905,0.1193701674641404,1437900000000
2019-05-17 15:20:00+00:00,0.2606808802984085,0.17447188001894062,1438200000000
2019-05-17 15:25:00+00:00,0.2657433307049665,0.11920637110886581,1438500000000
2019-05-17 15:30:00+00:00,0.2548952086595662,0.11831063361821344,1438800000000
2019-05-17 15:35:00+00:00,0.23001354611781202,0.1280285528095695,1439100000000
2019-05-17 15:40:00+00:00,0.26237127239500696,0.16316004029339118,1439400000000
2019-05-17 15:45:00+00:00,0.21097309984649076,0.15308913197044222,1439700000000
2019-05-17 15:50:00+00:00,0.20622668099522964,0.12488846386032969,1440000000000
2019-05-17 15:55:00+00:00,0.2592523763958873,0.15062035368601256,1440300000000
2019-05-17 16:00:00+00:00,0.25180707210937425,0.16267586822532065,1440600000000
2019-05-17 16:05:00+00:00,0.23768096359198207,0.12519060174583055,1440900000000
2019-05-17 16:10:00+00:00,0.20804776633459773,0.12761696298768677,1441200000000
2019-05-17 16:15:00+00:00,0.2188934180527003,0.10734712567251298,1441500000000
2019-05-17 16:20:00+00:00,0.22486002652959777,0.13656782625526692,1441800000000
2019-05-17 16:25:00+00:00,0.19523023521843874,0.11454141461407517,1442100000000
2019-05-17 16:30:00+00:00,0.20937194169429868,0.10953780658759085,1442400000000
2019-05-17 16:35:00+00:00,0.23417620139497813,0.14380653356774165,1442700000000
2019-05-17 16:40:00+00:00,0.24662690656241143,0.1511471370006397,1443000000000
2019-05-17 16:45:00+00:00,0.20661889140897147,0.14748041509216558,1443300000000
2019-05-17 16:50:00+00:00,0.22704119256751862,0.1041120474792554,1443600000000
2019-05-17 16:55:00+00:00,0.17051259513734465,0.10078657892846593,1443900000000
2019-05-17 17:00:00+00:00,0.2188452149209829,0.11610188095852017,1444200000000
2019-05-17 17:05:00+00:00,0.1864211377765984,0.12924792382948488,1444500000000
2019-05-17 17:10:00+00:00,0.2054739655359843,0.13836262062543322,1444800000000
2019-05-17 17:15:00+00:00,0.19118349993762607,0.12486769686394807,1445100000000
2019-05-17 17:20:00+00:00,0.21934439573460465,0.11752997227937352,1445400000000
2019-05-17 17:25:00+00:00,0.17223257273946704,0.12104895530248214,1445700000000
2019-05-17 17:30:00+00:00,0.1990477214509096,0.08882601429567911,1446000000000
2019-05-17 17:35:00+00:00,0.17767043751741876,0.07189604843859582,1446300000000
2019-05-17 17:40:00+00:00,0.17685169629639969,0.08059359777980132,1446600000000
2019-05-17 17:45:00+00:00,0.17309172485467098,0.10318553870626447,1446900000000
2019-05-17 17:50:00+00:00,0.1566016682371414,0.10746428896205071,1447200000000
2019-05-17 17:55:00+00:00,0.16997636454816134,0.0424651692487063,1447500000000
2019-05-17 18:00:00+00:00,0.16574703555756365,0.12590307797213393,1447800000000
2019-05-17 18:05:00+00:00,0.16856646110183787,0.10376212058467141,1448100000000
2019-05-17 18:10:00+00:00,0.16217497258683589,0.06594953660030603,1448400000000
2019-05-17 18:15:00+00:00,0.1731910882743897,0.10593359237042543,1448700000000
2019-05-17 18:20:00+00:00,0.17245236646435458,0.12532192817218113,1449000000000
2019-05-17 18:25:00+00:00,0.12972694678009256,0.08982498837418071,1449300000000
2019-05-17 18:30:00+00:00,0.16487985451214046,0.1209093739583636,1449600000000
2019-05-17 18:35:00+00:00,0.12055198575153767,0.045006258862980375,1449900000000
2019-05-17 18:40:00+00:00,0.15282100222382689,0.08341249663152804,1450200000000
2019-05-17 18:45:00+00:00,0.15025622739163724,0.0716598918245117,1450500000000
2019-05-17 18:50:00+00:00,0.0964466089649231,0.09221956947984022,1450800000000
2019-05-17 18:55:00+00:00,0.13335947885944033,0.0928029441853968,1451100000000
2019-05-17 19:00:00+00:00,0.1189738876340811,0.12832452435960148,1451400000000
2019-05-17 19:05:00+00:00,0.11003089829220071,0.056666348306975874,1451700000000
2019-05-17 19:10:00+00:00,0.14910562113278358,0.07496988844602406,1452000000000
2019-05-17 19:15:00+00:00,0.1059188307251113,0.06069476566316377,1452300000000
2019-05-17 19:20:00+00:00,0.09979166214101004,0.087442141713057,1452600000000
2019-05-17 19:25:00+00:00,0.11438430416865743,0.06130818871368751,1452900000000
2019-05-17 19:30:00+00:00,0.12355928007120513,0.07662432000086196,1453200000000
2019-05-17 19:35:00+00:00,0.10401891368987656,0.06434516227166233,1453500000000
2019-05-17 19:40:00+00:00,0.12721244943005733,0.07711740488207819,1453800000000
2019-05-17 19:45:00+00:00,0.11156787637309826,0.053892756614609384,1454100000000
2019-05-17 19:50:00+00:00,0.26068502671348415,0.15366519466988315,1454400000000
2019-05-17 19:55:00+00:00,0.0845817898363953,0.04714702187481002,1454700000000
2019-05-17 20:00:00+00:00,0.08109649134629904,0.04850660161428644,1455000000000
2019-05-17 20:05:00+00:00,0.09911845256673267,0.07834140790309377,1455300000000
2019-05-17 20:10:00+00:00,0.03426982873160603,0.05577445793145346,1455600000000
2019-05-17 20:15:00+00:00,0.13501965922141354,0.06420310027945399,1455900000000
2019-05-17 20:20:00+00:00,0.09197294533411611,0.04734389470471536,1456200000000
2019-05-17 20:25:00+00:00,0.08168386660159468,0.032510081992833076,1456500000000
2019-05-17 20:30:00+00:00,0.09973380664374239,0.06358231473069088,1456800000000
2019-05-17 20:35:00+00:00,0.12041511578419888,0.06148208032029978,1457100000000
2019-05-17 20:40:00+00:00,0.08844123588323177,0.05786067820477884,1457400000000
2019-05-17 20:45:00+00:00,0.0875327229977544,0.07459217200754838,1457700000000
2019-05-17 20:50:00+00:00,0.06874749156916032,0.0,1458000000000
2019-05-17 20:55:00+00:00,0.06092863767643166,0.04639278039787281,1458300000000
2019-05-17 21:00:00+00:00,0.051918073941920204,0.021947103387194543,1458600000000
2019-05-17 21:05:00+00:00,0.04263705474563401,0.03479067820706818,1458900000000
2019-05-17 21:10:00+00:00,0.04319589526226892,0.007988148402357342,1459200000000
2019-05-17 21:15:00+00:00,0.0277545762579605,0.040577965520913806,1459500000000
2019-05-17 21:20:00+00:00,0.05113146007400889,0.04894448840521102,1459800000000
2019-05-17 21:25:00+00:00,0.016893420435985282,0.02150309523244403,1460100000000
2019-05-17 21:30:00+00:00,0.05239866277252218,0.04730371201971527,1460400000000
2019-05-17 21:35:00+00:00,0.04590391942125327,0.012629942309308488,1460700000000
2019-05-17 21:40:00+00:00,0.04767701043549548,0.016213731167511486,1461000000000
2019-05-17 21:45:00+00:00,0.032461926754218134,0.034525880068880466,1461300000000
2019-05-17 21:50:00+00:00,0.10266737942056617,0.04624584479696746,1461600000000
2019-05-17 21:55:00+00:00,0.06661831518044242,0.06888369004142719,1461900000000
2019-05-17 22:00:00+00:00,0.01287200609730603,0.0012513822327629856,1462200000000
2019-05-17 22:05:00+00:00,0.040828903947967274,0.0345352301659928,1462500000000
2019-05-17 22:10:00+00:00,0.02248269660896389,0.05547460835048013,1462800000000
2019-05-17 22:15:00+00:00,0.012887827569281331,0.0,1463100000000
2019-05-17 22:20:00+00:00,0.004974612744245793,0.004360002663443132,1463400000000
2019-05-17 22:25:00+00:00,0.039083723058379136,0.04453389712777363,1463700000000
2019-05-17 22:30:00+00:00,0.015540465421915766,0.028349827030680085,1464000000000
2019-05-17 22:35:00+00:00,0.047319228976972896,0.021835231181396575,1464300000000
2019-05-17 22:40:00+00:00,0.046699528950500224,0.017685108619863055,1464600000000
2019-05-17 22:45:00+00:00,0.05323043494662993,0.027275542317076924,1464900000000
2019-05-17 22:50:00+00:00,0.007700277621839724,0.033577321896131114,1465200000000
2019-05-17 22:55:00+00:00,0.033319278500395226,0.014409449973038205,1465500000000
2019-05-17 23:00:00+00:00,0.03559354372281913,0.022918440083360775,1465800000000
2019-05-17 23:05:00+00:00,0.012662348248153347,0.0,1466100000000
2019-05-17 23:10:00+00:00,0.005981270895263428,0.01769973383307779,1466400000000
2019-05-17 23:15:00+00:00,0.05294762125503484,0.03487907350469403,1466700000000
2019-05-17 23:20:00+00:00,0.024717643451698808,0.0,1467000000000
2019-05-17 23:25:00+00:00,0.032367906221848285,4.426145240908272e-05,1467300000000
2019-05-17 23:30:00+00:00,0.0027584172240364864,0.0,1467600000000
2019-05-17 23:35:00+00:00,0.0,0.0,1467900000000
2019-05-17 23:40:00+00:00,0.007126244240840461,0.02015466261714772,1468200000000
2019-05-17 23:45:00+00:00,0.015799067099742936,0.03595465102009112,1468500000000
2019-05-17 23:50:00+00:00,0.0,0.01371116726434368,1468800000000
2019-05-17 23:55:00+00:00,0.017824910876117102,0.021787590538483885,1469100000000
2019-05-18 00:00:00+00:00,0.0,0.0,1469400000000
2019-05-18 00:05:00+00:00,0.0,0.01549829109827974,1469700000000
2019-05-18 00:10:00+00:00,0.031588769506036604,0.024678826165259647,1470000000000
2019-05-18 00:15:00+00:00,0.030438638586434003,0.054352162591602894,1470300000000
2019-05-18 00:20:00+00:00,0.010788815534056487,0.004504383036898923,1470600000000
2019-05-18 00:25:00+00:00,0.0,0.026860161674722622,1470900000000
2019-05-18 00:30:00+00:00,0.0,0.017482281636357202,1471200000000
2019-05-18 00:35:00+00:00,0.012377630733231712,0.022135444164022203,1471500000000
2019-05-18 00:40:00+00:00,0.03328031799218585,0.0,1471800000000
2019-05-18 00:45:00+00:00,0.039572121766401985,0.042327064290795406,1472100000000
2019-05-18 00:50:00+00:00,0.011763853111259397,0.004508152288572572,1472400000000
2019-05-18 00:55:00+00:00,0.0,0.0,1472700000000
2019-05-18 01:00:00+00:00,0.028634665480633238,0.0,1473000000000
2019-05-18 01:05:00+00:00,0.007702377985149202,0.0045096841117258585,1473300000000
2019-05-18 01:10:00+00:00,0.01477184905498613,0.009534141369356531,1473600000000
2019-05-18 01:15:00+00:00,0.052674335717808475,0.005544562994388991,1473900000000
2019-05-18 01:20:00+00:00,0.04381063767565138,0.0,1474200000000
2019-05-18 01:25:00+00:00,0.03159441696372097,0.028689039780794807,1474500000000
2019-05-18 01:30:00+00:00,0.004229690101052119,0.019971916681858812,1474800000000
2019-05-18 01:35:00+00:00,0.03519509837038517,0.024922717220679534,1475100000000
2019-05-18 01:40:00+00:00,0.05358475553803078,0.05516754631650572,1475400000000
2019-05-18 01:45:00+00:00,0.026248082121453332,0.014021149585842026,1475700000000
2019-05-18 01:50:00+00:00,0.06227621237855695,0.036278701939130124,1476000000000
2019-05-18 01:55:00+00:00,0.06266533687868253,0.01925864155239371,1476300000000
2019-05-18 02:00:00+00:00,0.0717041794085368,0.011817668094047728,1476600000000
2019-05-18 02:05:00+00:00,0.04621530415190675,0.06482242516833575,1476900000000
2019-05-18 02:10:00+00:00,0.053600228235298794,0.054786117946174204,1477200000000
2019-05-18 02:15:00+00:00,0.07193830392123995,0.0153127310099744,1477500000000
2019-05-18 02:20:00+00:00,0.05446396098692046,0.03579341474877788,1477800000000
2019-05-18 02:25:00+00:00,0.037411404981850374,0.02044591676703689,1478100000000
2019-05-18 02:30:00+00:00,0.040442808892424284,0.018785835872193707,1478400000000
2019-05-18 02:35:00+00:00,0.05621898216709782,0.025551032343959904,1478700000000
2019-05-18 02:40:00+00:00,0.027726549537674103,0.024261312661964036,1479000000000
2019-05-18 02:45:00+00:00,0.05281718390420321,0.048053820851951416,1479300000000
2019-05-18 02:50:00+00:00,0.0798115640653101,0.05593476181975017,1479600000000
2019-05-18 02:55:00+00:00,0.016306439778841685,0.007373496379721137,1479900000000
2019-05-18 03:00:00+00:00,0.09312362485790876,0.05272964057692286,1480200000000
2019-05-18 03:05:00+00:00,0.08723441489561184,0.07107693527582043,1480500000000
2019-05-18 03:10:00+00:00,0.05799395431881896,0.04406527135361262,1480800000000
2019-05-18 03:15:00+00:00,0.08050761095909341,0.04975835583616471,1481100000000
2019-05-18 03:20:00+00:00,0.07220036864070001,0.04260219523241785,1481400000000
2019-05-18 03:25:00+00:00,0.09928073098560922,0.0664738487836113,1481700000000
2019-05-18 03:30:00+00:00,0.09692278183742356,0.048786695331265145,1482000000000
2019-05-18 03:35:00+00:00,0.05189936050402541,0.04757039264857946,1482300000000
2019-05-18 03:40:00+00:00,0.09431989392773796,0.03507476511988544,1482600000000
2019-05-18 03:45:00+00:00,0.08117690797419624,0.04047701458918811,1482900000000
2019-05-18 03:50:00+00:00,0.08970059904722655,0.0660424813372564,1483200000000
2019-05-18 03:55:00+00:00,0.07627335103430374,0.023106354353496783,1483500000000
2019-05-18 04:00:00+00:00,0.12862940804908338,0.04571747397646002,1483800000000
2019-05-18 04:05:00+00:00,0.11733347661570027,0.07166163947800495,1484100000000
2019-05-18 04:10:00+00:00,0.08463672917973084,0.016852874418909085,1484400000000
2019-05-18 04:15:00+00:00,0.0756728176622788,0.019427619516330055,1484700000000
2019-05-18 04:20:00+00:00,0.09761603034156008,0.0737015005750647,1485000000000
2019-05-18 04:25:00+00:00,0.11701416055412583,0.06611279118036079,1485300000000
2019-05-18 04:30:00+00:00,0.11615160202416161,0.09540070020867666,1485600000000
2019-05-18 04:35:00+00:00,0.13946083964169853,0.059580216966270014,1485900000000
2019-05-18 04:40:00+00:00,0.13327315072254603,0.07808484312088193,1486200000000
2019-05-18 04:45:00+00:00,0.13996712738624947,0.09197196749590487,1486500000000
2019-05-18 04:50:00+00:00,0.13023679364212365,0.05473177758269601,1486800000000
2019-05-18 04:55:00+00:00,0.0990591177355756,0.08007070873133784,1487100000000
2019-05-18 05:00:00+00:00,0.12609650594501845,0.08587148123033184,1487400000000
2019-05-18 05:05:00+00:00,0.15439613317147025,0.06045193816913346,1487700000000
2019-05-18 05:10:00+00:00,0.13536471044990286,0.0804639903457697,1488000000000
2019-05-18 05:15:00+00:00,0.1496732590700552,0.09752309016720577,1488300000000
2019-05-18 05:20:00+00:00,0.13646669593392768,0.07007888408979546,1488600000000
2019-05-18 05:25:00+00:00,0.12548803287845378,0.04569552161689598,1488900000000
2019-05-18 05:30:00+00:00,0.14687085655273652,0.09369168972059011,1489200000000
2019-05-18 05:35:00+00:00,0.1587814731884153,0.1394937429187004,1489500000000
2019-05-18 05:40:00+00:00,0.14275732864306545,0.07791471520268546,1489800000000
2019-05-18 05:45:00+00:00,0.15443363905167862,0.12404500705670135,1490100000000
2019-05-18 05:50:00+00:00,0.1436400492777017,0.07113825313139165,1490400000000
2019-05-18 05:55:00+00:00,0.18809877670720992,0.11717017872452498,1490700000000
2019-05-18 06:00:00+00:00,0.16311088484823974,0.11329698152646624,1491000000000
2019-05-18 06:05:00+00:00,0.20134123254659658,0.12063646620853065,1491300000000
2019-05-18 06:10:00+00:00,0.20614564289339557,0.11773267275841272,1491600000000
2019-05-18 06:15:00+00:00,0.17723121675675402,0.12086128048105989,1491900000000
2019-05-18 06:20:00+00:00,0.16195994231675745,0.13500506769543888,1492200000000
2019-05-18 06:25:00+00:00,0.14368151811757407,0.09222064936332706,1492500000000
2019-05-18 06:30:00+00:00,0.15922152070580634,0.08521170889287685,1492800000000
2019-05-18 06:35:00+00:00,0.16443903365273702,0.09486838904644854,1493100000000
2019-05-18 06:40:00+00:00,0.22272773031038065,0.1840307910991359,1493400000000
2019-05-18 06:45:00+00:00,0.20070504004695747,0.12312116635493704,1493700000000
2019-05-18 06:50:00+00:00,0.20939692146144487,0.11374987890530747,1494000000000
2019-05-18 06:55:00+00:00,0.16039724144800138,0.07333698653915002,1494300000000
2019-05-18 07:00:00+00:00,0.18403019484769914,0.07390009502636737,1494600000000
2019-05-18 07:05:00+00:00,0.22889650318912913,0.14460958739040128,1494900000000
2019-05-18 07:10:00+00:00,0.22003579661773764,0.14511431782713266,1495200000000
2019-05-18 07:15:00+00:00,0.21448014755509556,0.12075416493375318,1495500000000
2019-05-18 07:20:00+00:00,0.23182209089307634,0.13879384617522672,1495800000000
2019-05-18 07:25:00+00:00,0.2563177729763835,0.1303814296000576,1496100000000
2019-05-18 07:30:00+00:00,0.22223166558402266,0.13599756864696363,1496400000000
2019-05-18 07:35:00+00:00,0.23106328842086052,0.14826787946385878,1496700000000
2019-05-18 07:40:00+00:00,0.23652245541350986,0.13121018790475314,1497000000000
2019-05-18 07:45:00+00:00,0.2834771629049972,0.20389535113471507,1497300000000
2019-05-18 07:50:00+00:00,0.19658072225243006,0.1012063068165198,1497600000000
2019-05-18 07:55:00+00:00,0.2551322200781282,0.15874886412725656,1497900000000
2019-05-18 08:00:00+00:00,0.24203728835815097,0.1621887174089827,1498200000000
2019-05-18 08:05:00+00:00,0.25849864546998425,0.15355339727900288,1498500000000
2019-05-18 08:10:00+00:00,0.23680860128323994,0.13831562439205414,1498800000000
2019-05-18 08:15:00+00:00,0.2517312343357723,0.12246141759247015,1499100000000
2019-05-18 08:20:00+00:00,0.2696535659308562,0.1889389694728394,1499400000000
2019-05-18 08:25:00+00:00,0.320357429053192,0.18881659339856327,1499700000000
2019-05-18 08:30:00+00:00,0.2768916048060157,0.17688227138230594,1500000000000
2019-05-18 08:35:00+00:00,0.24635776442255497,0.1612690684107358,1500300000000
2019-05-18 08:40:00+00:00,0.25738739225697155,0.14186646551382784,1500600000000
2019-05-18 08:45:00+00:00,0.259291923430668,0.15162458197257647,1500900000000
2019-05-18 08:50:00+00:00,0.2348978899119703,0.16762838096205224,1501200000000
2019-05-18 08:55:00+00:00,0.2666112656444232,0.13762280607184502,1501500000000
2019-05-18 09:00:00+00:00,0.2902225988144171,0.21669192078379537,1501800000000
2019-05-18 09:05:00+00:00,0.25238384081631593,0.13653284878426408,1502100000000
2019-05-18 09:10:00+00:00,0.30108903132030884,0.15706306965937505,1502400000000
2019-05-18 09:15:00+00:00,0.29207313421020026,0.17789006093989082,1502700000000
2019-05-18 09:20:00+00:00,0.5368588595029812,0.3662822809885861,1503000000000
2019-05-18 09:25:00+00:00,0.49738656729681907,0.26021262166624737,1503300000000
2019-05-18 09:30:00+00:00,0.48080155288123955,0.2856606173589499,1503600000000
2019-05-18 09:35:00+00:00,0.41206739070006193,0.2567657347651683,1503900000000
2019-05-18 09:40:00+00:00,0.34607585163622373,0.20831851015244485,1504200000000
2019-05-18 09:45:00+00:00,0.28959177550616144,0.18139349870375704,1504500000000
2019-05-18 09:50:00+00:00,0.2976797871698552,0.16424721065846765,1504800000000
2019-05-18 09:55:00+00:00,0.2876542872198736,0.1605981354132965,1505100000000
2019-05-18 10:00:00+00:00,0.2574754871199529,0.15151683932878773,1505400000000
2019-05-18 10:05:00+00:00,0.34203312712237666,0.18262211451537097,1505700000000
2019-05-18 10:10:00+00:00,0.3058525694051658,0.1826178136142957,1506000000000
2019-05-18 10:15:00+00:00,0.3122021898656871,0.17954640804598224,1506300000000
2019-05-18 10:20:00+00:00,0.30451023528018106,0.17330523746501125,1506600000000
2019-05-18 10:25:00+00:00,0.29233049696453656,0.1818084264306947,1506900000000
2019-05-18 10:30:00+00:00,0.3046134402577175,0.14635487429064442,1507200000000
2019-05-18 10:35:00+00:00,0.2775771740374229,0.16196450235479065,1507500000000
2019-05-18 10:40:00+00:00,0.35627340085672965,0.260111115826335,1507800000000
2019-05-18 10:45:00+00:00,0.28714094612248464,0.1505623739469783,1508100000000
2019-05-18 10:50:00+00:00,0.29222377249084586,0.20104427342419579,1508400000000
2019-05-18 10:55:00+00:00,0.305021738514606,0.18410616552701758,1508700000000
2019-05-18 11:00:00+00:00,0.34048372177374125,0.19223107688661636,1509000000000
2019-05-18 11:05:00+00:00,0.315838712679465,0.16309039441708287,1509300000000
2019-05-18 11:10:00+00:00,0.2915827962584917,0.17774331706079965,1509600000000
2019-05-18 11:15:00+00:00,0.3420795592756315,0.23431567768167244,1509900000000
2019-05-18 11:20:00+00:00,0.3322300643764297,0.19155381572192257,1510200000000
2019-05-18 11:25:00+00:00,0.32892570349227085,0.19573619360062702,1510500000000
2019-05-18 11:30:00+00:00,0.33294808069615517,0.21997626542149973,1510800000000
2019-05-18 11:35:00+00:00,0.3669262443005523,0.22697316240725698,1511100000000
2019-05-18 11:40:00+00:00,0.3630755470589285,0.18639981264086553,1511400000000
2019-05-18 11:45:00+00:00,0.3059028649590579,0.1855194632925384,1511700000000
2019-05-18 11:50:00+00:00,0.352307155315724,0.24162899140274635,1512000000000
2019-05-18 11:55:00+00:00,0.3276137789682755,0.1958294436516153,1512300000000
2019-05-18 12:00:00+00:00,0.329981916322755,0.14315936120410544,1512600000000
2019-05-18 12:05:00+00:00,0.2861327763180087,0.17944396562262666,1512900000000
2019-05-18 12:10:00+00:00,0.3164772957072925,0.1859172486334948,1513200000000
2019-05-18 12:15:00+00:00,0.3034640333457259,0.1454965317290112,1513500000000
2019-05-18 12:20:00+00:00,0.33604593656718346,0.16804340013923438,1513800000000
2019-05-18 12:25:00+00:00,0.34059950518584836,0.22386184597728517,1514100000000
2019-05-18 12:30:00+00:00,0.27731033551907863,0.1517385463995456,1514400000000
2019-05-18 12:35:00+00:00,0.317910751512301,0.17259652329266076,1514700000000
2019-05-18 12:40:00+00:00,0.3402695041588275,0.20344893127666314,1515000000000
2019-05-18 12:45:00+00:00,0.31350921281421557,0.17522146772213057,1515300000000
2019-05-18 12:50:00+00:00,0.3311645628569262,0.20069971026971062,1515600000000
2019-05-18 12:55:00+00:00,0.3228773976023083,0.18967203797265159,1515900000000
2019-05-18 13:00:00+00:00,0.3218887452490798,0.169133335547575,1516200000000
2019-05-18 13:05:00+00:00,0.30876173415207875,0.17503308452001956,1516500000000
2019-05-18 13:10:00+00:00,0.2889203709739644,0.1822072890105607,1516800000000
2019-05-18 13:15:00+00:00,0.2898172498090983,0.17472871069023146,1517100000000
2019-05-18 13:20:00+00:00,0.3253631656292146,0.19357904972969212,1517400000000
2019-05-18 13:25:00+00:00,0.31042645661390855,0.2250035587919328,1517700000000
2019-05-18 13:30:00+00:00,0.3060616849845487,0.19825776149843996,1518000000000
2019-05-18 13:35:00+00:00,0.29908280991035846,0.19649851124264192,1518300000000
2019-05-18 13:40:00+00:00,0.30012016892366006,0.1767527331982975,1518600000000
2019-05-18 13:45:00+00:00,0.3257608137863328,0.19985939207882517,1518900000000
2019-05-18 13:50:00+00:00,0.29665229889492767,0.16936937954644274,1519200000000
2019-05-18 13:55:00+00:00,0.27500716353453997,0.18055529343120655,1519500000000
2019-05-18 14:00:00+00:00,0.3151101794118026,0.18685810956510068,1519800000000
2019-05-18 14:05:00+00:00,0.2944864695458701,0.1811394367061332,1520100000000
2019-05-18 14:10:00+00:00,0.297497745293699,0.18171087321932275,1520400000000
2019-05-18 14:15:00+00:00,0.32724700797337175,0.19598486715591396,1520700000000
2019-05-18 14:20:00+00:00,0.2928504843852276,0.23447405197425195,1521000000000
2019-05-18 14:25:00+00:00,0.2971531418802752,0.16495949957827066,1521300000000
2019-05-18 14:30:00+00:00,0.265841197884385,0.14599048812745713,1521600000000
2019-05-18 14:35:00+00:00,0.2830198389724686,0.18369383831971628,1521900000000
2019-05-18 14:40:00+00:00,0.2975416318164621,0.16662159910837365,1522200000000
2019-05-18 14:45:00+00:00,0.25212682977835443,0.14544797064003478,1522500000000
2019-05-18 14:50:00+00:00,0.2850807246060547,0.14932021569652046,1522800000000
2019-05-18 14:55:00+00:00,0.2808565268729707,0.17834507451183415,1523100000000
2019-05-18 15:00:00+00:00,0.27739176628973145,0.1765202046635219,1523400000000
2019-05-18 15:05:00+00:00,0.29498402522939365,0.1706865739391673,1523700000000
2019-05-18 15:10:00+00:00,0.2785550792170971,0.18142938129985972,1524000000000
2019-05-18 15:15:00+00:00,0.29900497689880623,0.1422404858646119,1524300000000
2019-05-18 15:20:00+00:00,0.24710190669665658,0.1341240759877071,1524600000000
2019-05-18 15:25:00+00:00,0.2671764566164199,0.15690629024563332,1524900000000
2019-05-18 15:30:00+00:00,0.26358688341244046,0.13470648010940522,1525200000000
2019-05-18 15:35:00+00:00,0.23790857960165687,0.10777088701261966,1525500000000
2019-05-18 15:40:00+00:00,0.27577347660559426,0.1593061666625876,1525800000000
2019-05-18 15:45:00+00:00,0.30045400106999653,0.19415280238321275,1526100000000
2019-05-18 15:50:00+00:00,0.2508937086512362,0.17617839301927196,1526400000000
2019-05-18 15:55:00+00:00,0.25856918826733033,0.14419575529629072,1526700000000
2019-05-18 16:00:00+00:00,0.2473570361829728,0.16307853846221557,1527000000000
2019-05-18 16:05:00+00:00,0.22855717749532026,0.1498651472587055,1527300000000
2019-05-18 16:10:00+00:00,0.20354153087365978,0.1464970820108858,1527600000000
2019-05-18 16:15:00+00:00,0.2229361672042774,0.1267578797154864,1527900000000
2019-05-18 16:20:00+00:00,0.20627579386429232,0.0877954664148819,1528200000000
2019-05-18 16:25:00+00:00,0.2652301561511044,0.16054181073911755,1528500000000
2019-05-18 16:30:00+00:00,0.22585032097629762,0.1152343177663841,1528800000000
2019-05-18 16:35:00+00:00,0.2182112080505002,0.11645662264905998,1529100000000
2019-05-18 16:40:00+00:00,0.23986387577238424,0.13789394258236687,1529400000000
2019-05-18 16:45:00+00:00,0.19657256440502377,0.11116498601603139,1529700000000
2019-05-18 16:50:00+00:00,0.20057414472110463,0.12317567217057866,1530000000000
2019-05-18 16:55:00+00:00,0.21415524193406546,0.14255627148883163,1530300000000
2019-05-18 17:00:00+00:00,0.2302315699271793,0.13078423029078826,1530600000000
2019-05-18 17:05:00+00:00,0.21653380697452485,0.137834234316875,1530900000000
2019-05-18 17:10:00+00:00,0.2082935560521436,0.12527245382989627,1531200000000
2019-05-18 17:15:00+00:00,0.20170090300713958,0.13973042972185265,1531500000000
2019-05-18 17:20:00+00:00,0.20494083264946453,0.11919266256755238,1531800000000
2019-05-18 17:25:00+00:00,0.1977543438088495,0.11707407276981857,1532100000000
2019-05-18 17:30:00+00:00,0.16989615000413538,0.09444968104250309,1532400000000
2019-05-18 17:35:00+00:00,0.18818217121601355,0.10966433193043822,1532700000000
2019-05-18 17:40:00+00:00,0.16254403267823903,0.08185665704002593,1533000000000
2019-05-18 17:45:00+00:00,0.1823904535758706,0.09178232642265209,1533300000000
2019-05-18 17:50:00+00:00,0.1679021714972578,0.11625661060400919,1533600000000
2019-05-18 17:55:00+00:00,0.22504597632195095,0.11336355212947853,1533900000000
2019-05-18 18:00:00+00:00,0.1702021123249669,0.09573890560102206,1534200000000
2019-05-18 18:05:00+00:00,0.1396568648084726,0.1041009746105035,1534500000000
2019-05-18 18:10:00+00:00,0.16180126545943913,0.09002674337559133,1534800000000
2019-05-18 18:15:00+00:00,0.17161837219490167,0.1195458323906525,1535100000000
2019-05-18 18:20:00+00:00,0.19144947306645665,0.10304876942533715,1535400000000
2019-05-18 18:25:00+00:00,0.14295036521787532,0.06474694700372131,1535700000000
2019-05-18 18:30:00+00:00,0.11985584501985333,0.04001698991389559,1536000000000
2019-05-18 18:35:00+00:00,0.1646154545223555,0.1250237540988665,1536300000000
2019-05-18 18:40:00+00:00,0.11745191034307814,0.04773372257315857,1536600000000
2019-05-18 18:45:00+00:00,0.13313834286743126,0.09482673752296061,1536900000000
2019-05-18 18:50:00+00:00,0.1335205370879523,0.06011338171690374,1537200000000
2019-05-18 18:55:00+00:00,0.134107224862851,0.10681201327650702,1537500000000
2019-05-18 19:00:00+00:00,0.14612709904277518,0.13181191391796712,1537800000000
2019-05-18 19:05:00+00:00,0.11553351780517947,0.03558950948930094,1538100000000
2019-05-18 19:10:00+00:00,0.12061398947546724,0.05067326500210406,1538400000000
2019-05-18 19:15:00+00:00,0.1227070064788709,0.08908684116338703,1538700000000
2019-05-18 19:20:00+00:00,0.12291115987374582,0.08400755439156378,1539000000000
2019-05-18 19:25:00+00:00,0.11882694886271505,0.08683460641283286,1539300000000
2019-05-18 19:30:00+00:00,0.12256760064968744,0.062065449381724945,1539600000000
2019-05-18 19:35:00+00:00,0.1277286756029129,0.11638788858221509,1539900000000
2019-05-18 19:40:00+00:00,0.11573772082969264,0.07180362183161107,1540200000000
2019-05-18 19:45:00+00:00,0.1140200736039999,0.04407279262552955,1540500000000
2019-05-18 19:50:00+00:00,0.07039880023537237,0.03717631014036452,1540800000000
2019-05-18 19:55:00+00:00,0.10017568308985005,0.036034071929333375,1541100000000
2019-05-18 20:00:00+00:00,0.10592348429336615,0.0953729177471018,1541400000000
2019-05-18 20:05:00+00:00,0.10811005738955232,0.05165940917772906,1541700000000
2019-05-18 20:10:00+00:00,0.07691915437441149,0.05600116231953933,1542000000000
2019-05-18 20:15:00+00:00,0.07485867954928535,0.0355017448299276,1542300000000
2019-05-18 20:20:00+00:00,0.07387040993056086,0.03201449976308625,1542600000000
2019-05-18 20:25:00+00:00,0.0934346085210669,0.017855681487019125,1542900000000
2019-05-18 20:30:00+00:00,0.10078007341384282,0.07243153610811703,1543200000000
2019-05-18 20:35:00+00:00,0.06939283258211355,0.06761932460185181,1543500000000
2019-05-18 20:40:00+00:00,0.0931855492640039,0.0375919779310993,1543800000000
2019-05-18 20:45:00+00:00,0.07502605725161471,0.014111052050995398,1544100000000
2019-05-18 20:50:00+00:00,0.06764797553662477,0.056655106176731446,1544400000000
2019-05-18 20:55:00+00:00,0.06353146814741205,0.005194053906322202,1544700000000
2019-05-18 21:00:00+00:00,0.08036621011406062,0.07261038478740153,1545000000000
2019-05-18 21:05:00+00:00,0.06967085091566697,0.02371460809030777,1545300000000
2019-05-18 21:10:00+00:00,0.10645268580921093,0.04180575662903403,1545600000000
2019-05-18 21:15:00+00:00,0.04172120268487442,0.030001970033550485,1545900000000
2019-05-18 21:20:00+00:00,0.06701092312830821,0.01944376817675618,1546200000000
2019-05-18 21:25:00+00:00,0.04400275178428213,0.012259429444705091,1546500000000
2019-05-18 21:30:00+00:00,0.03519459254987446,0.02819639418334481,1546800000000
2019-05-18 21:35:00+00:00,0.05041318884140007,0.0,1547100000000
2019-05-18 21:40:00+00:00,0.05148535405590306,0.06373959735210828,1547400000000
2019-05-18 21:45:00+00:00,0.10526802925582045,0.06403362020280702,1547700000000
2019-05-18 21:50:00+00:00,0.04144725570329153,0.0,1548000000000
2019-05-18 21:55:00+00:00,0.020812422587141943,0.0,1548300000000
2019-05-18 22:00:00+00:00,0.04722307044888873,0.04816676983454928,1548600000000
2019-05-18 22:05:00+00:00,0.0,0.012021058701482068,1548900000000
2019-05-18 22:10:00+00:00,0.03680368381562655,0.04981782343508015,1549200000000
2019-05-18 22:15:00+00:00,0.037497927749333325,0.008843899753515296,1549500000000
2019-05-18 22:20:00+00:00,0.0516680618256292,0.03693251383839358,1549800000000
2019-05-18 22:25:00+00:00,0.05391183423175061,0.040878458774723916,1550100000000
2019-05-18 22:30:00+00:00,0.023096677745152536,0.027763356652136258,1550400000000
2019-05-18 22:35:00+00:00,0.028950428203870546,0.039915879390963714,1550700000000
2019-05-18 22:40:00+00:00,0.015501468047678412,0.0,1551000000000
2019-05-18 22:45:00+00:00,0.007190896146246729,0.002031132332538422,1551300000000
2019-05-18 22:50:00+00:00,0.03494590853093418,0.008764550206957607,1551600000000
2019-05-18 22:55:00+00:00,0.0023402553146227335,0.00035191572164612714,1551900000000
2019-05-18 23:00:00+00:00,0.018651921378535573,0.025159808468380847,1552200000000
2019-05-18 23:05:00+00:00,0.006242432552248149,0.0,1552500000000
2019-05-18 23:10:00+00:00,0.03641037376892635,0.044033655650541514,1552800000000
2019-05-18 23:15:00+00:00,0.06078580992484534,0.013687843469632213,1553100000000
2019-05-18 23:20:00+00:00,0.0,0.0,1553400000000
2019-05-18 23:25:00+00:00,0.0,0.02487883849932249,1553700000000
2019-05-18 23:30:00+00:00,0.02070219975359383,0.018981514211824403,1554000000000
2019-05-18 23:35:00+00:00,0.023136060741362895,0.02067223541009093,1554300000000
2019-05-18 23:40:00+00:00,0.026888425865828545,0.0,1554600000000
2019-05-18 23:45:00+00:00,0.013353084542855899,0.0,1554900000000
2019-05-18 23:50:00+00:00,0.018102203008434882,0.029686449738439306,1555200000000
2019-05-18 23:55:00+00:00,0.029372015259936782,0.005840338246274272,1555500000000
2019-05-19 00:00:00+00:00,0.042808617852896774,0.015786933245741076,1555800000000
2019-05-19 00:05:00+00:00,0.0,0.019279025021094236,1556100000000
2019-05-19 00:10:00+00:00,0.014791755759869915,0.0,1556400000000
2019-05-19 00:15:00+00:00,0.02663900405969747,0.021368105093543643,1556700000000
2019-05-19 00:20:00+00:00,0.004266828749579014,0.0034182437731012367,1557000000000
2019-05-19 00:25:00+00:00,0.05758438634644241,0.0344969172906006,1557300000000
2019-05-19 00:30:00+00:00,0.010658406522686863,0.0,1557600000000
2019-05-19 00:35:00+00:00,0.023017141911912505,0.002213181517880936,1557900000000
2019-05-19 00:40:00+00:00,0.03551039009612565,0.0,1558200000000
2019-05-19 00:45:00+00:00,0.013181512163477772,0.017562207818912795,1558500000000
2019-05-19 00:50:00+00:00,0.0,0.0,1558800000000
2019-05-19 00:55:00+00:00,0.017878376767457876,0.030101918483819753,1559100000000
2019-05-19 01:00:00+00:00,0.04786660384184706,0.024228861473295175,1559400000000
2019-05-19 01:05:00+00:00,0.02143517486196373,0.0,1559700000000
2019-05-19 01:10:00+00:00,0.012208215803030917,0.002568651838850137,1560000000000
2019-05-19 01:15:00+00:00,0.048682258099122494,0.020992210876744008,1560300000000
2019-05-19 01:20:00+00:00,0.024652831183874582,0.0349737669448858,1560600000000
2019-05-19 01:25:00+00:00,0.022231714445687206,0.005959024882381677,1560900000000
2019-05-19 01:30:00+00:00,0.03665719191657319,0.0164701075259374,1561200000000
2019-05-19 01:35:00+00:00,0.0503821712133473,0.05846023683785709,1561500000000
2019-05-19 01:40:00+00:00,0.08396588035693159,0.060544874643425936,1561800000000
2019-05-19 01:45:00+00:00,0.05430547758991201,0.06583740687401714,1562100000000
2019-05-19 01:50:00+00:00,0.062450729906589036,0.06265133802523151,1562400000000
2019-05-19 01:55:00+00:00,0.030691107108560725,0.0006714124978793416,1562700000000
2019-05-19 02:00:00+00:00,0.021912160646278305,0.03294631347576914,1563000000000
2019-05-19 02:05:00+00:00,0.045357068613662684,0.05772030700968944,1563300000000
2019-05-19 02:10:00+00:00,0.04799579254437101,0.059453738173091,1563600000000
2019-05-19 02:15:00+00:00,0.026084303327325597,0.03541250166792911,1563900000000
2019-05-19 02:20:00+00:00,0.04601019164746006,0.04695657488665955,1564200000000
2019-05-19 02:25:00+00:00,0.05942243917203786,0.029600242629711716,1564500000000
2019-05-19 02:30:00+00:00,0.06062153352334374,0.01962527842701475,1564800000000
2019-05-19 02:35:00+00:00,0.0655336401593091,0.03227583771763632,1565100000000
2019-05-19 02:40:00+00:00,0.06335707257934663,0.00471846351895272,1565400000000
2019-05-19 02:45:00+00:00,0.04954218902608662,0.05658121972408608,1565700000000
2019-05-19 02:50:00+00:00,0.05160260916772595,0.02529570631228133,1566000000000
2019-05-19 02:55:00+00:00,0.040152488842271974,0.049918107886662386,1566300000000
2019-05-19 03:00:00+00:00,0.10212948360571959,0.03664769861899976,1566600000000
2019-05-19 03:05:00+00:00,0.06905593781393374,0.06308606110840445,1566900000000
2019-05-19 03:10:00+00:00,0.06669218551953221,0.030117698148132928,1567200000000
2019-05-19 03:15:00+00:00,0.05506395277260722,0.00735098349738085,1567500000000
2019-05-19 03:20:00+00:00,0.1348505721491315,0.11345270433267404,1567800000000
2019-05-19 03:25:00+00:00,0.057214362972378446,0.05647485117024255,1568100000000
2019-05-19 03:30:00+00:00,0.07269216046990237,0.047851144685657106,1568400000000
2019-05-19 03:35:00+00:00,0.09221751169340762,0.05600926471874384,1568700000000
2019-05-19 03:40:00+00:00,0.09857890497333907,0.06793754336038581,1569000000000
2019-05-19 03:45:00+00:00,0.10844810615137393,0.06896143524917259,1569300000000
2019-05-19 03:50:00+00:00,0.12819611779225068,0.06107215159192098,1569600000000
2019-05-19 03:55:00+00:00,0.10495994216291336,0.05473491990204958,1569900000000
2019-05-19 04:00:00+00:00,0.0765460506673342,0.08514198704117458,1570200000000
2019-05-19 04:05:00+00:00,0.09539333771521029,0.11067913748168645,1570500000000
2019-05-19 04:10:00+00:00,0.1095887999094688,0.09700665005029493,1570800000000
2019-05-19 04:15:00+00:00,0.14772955063059895,0.09820220918161184,1571100000000
2019-05-19 04:20:00+00:00,0.08137337339263011,0.04206904338153936,1571400000000
2019-05-19 04:25:00+00:00,0.1363756377368052,0.06586166476414379,1571700000000
2019-05-19 04:30:00+00:00,0.11894577253616447,0.05672181531309463,1572000000000
2019-05-19 04:35:00+00:00,0.13515479385092424,0.07002752313681934,1572300000000
2019-05-19 04:40:00+00:00,0.11943486194620925,0.11468419799624094,1572600000000
2019-05-19 04:45:00+00:00,0.1077270942686678,0.10076190248885267,1572900000000
2019-05-19 04:50:00+00:00,0.14271714121794254,0.1005558525294734,1573200000000
2019-05-19 04:55:00+00:00,0.1439337128819068,0.06714796420088756,1573500000000
2019-05-19 05:00:00+00:00,0.15345161588274983,0.10993208806387063,1573800000000
2019-05-19 05:05:00+00:00,0.13692824566572315,0.07738460682922178,1574100000000
2019-05-19 05:10:00+00:00,0.1283987285539998,0.03397904835951745,1574400000000
2019-05-19 05:15:00+00:00,0.11243571179710443,0.07320343982628784,1574700000000
2019-05-19 05:20:00+00:00,0.16322912760163524,0.08109921574430004,1575000000000
2019-05-19 05:25:00+00:00,0.15856205949817143,0.0789761671171021,1575300000000
2019-05-19 05:30:00+00:00,0.13402208517637845,0.07540509123446693,1575600000000
2019-05-19 05:35:00+00:00,0.14582905086183073,0.07753097105825017,1575900000000
2019-05-19 05:40:00+00:00,0.15053590679326656,0.08963640769387977,1576200000000
2019-05-19 05:45:00+00:00,0.13348817530916254,0.07844629418515342,1576500000000
2019-05-19 05:50:00+00:00,0.1500756661853197,0.05252921785423918,1576800000000
2019-05-19 05:55:00+00:00,0.14703727121979981,0.11862792250953655,1577100000000
2019-05-19 06:00:00+00:00,0.16475041976224272,0.07918271739837203,1577400000000
2019-05-19 06:05:00+00:00,0.1615121716774827,0.07785933530388015,1577700000000
2019-05-19 06:10:00+00:00,0.14703058746524134,0.08164728744333885,1578000000000
2019-05-19 06:15:00+00:00,0.22330394066257742,0.13181566745016055,1578300000000
2019-05-19 06:20:00+00:00,0.21117973158828798,0.15588743528960955,1578600000000
2019-05-19 06:25:00+00:00,0.17381908724184,0.10967992138620201,1578900000000
2019-05-19 06:30:00+00:00,0.19811069009941323,0.1301957237418386,1579200000000
2019-05-19 06:35:00+00:00,0.20426503194713713,0.1280497429199479,1579500000000
2019-05-19 06:40:00+00:00,0.2229800548566211,0.1384172645639481,1579800000000
2019-05-19 06:45:00+00:00,0.1860164477692159,0.1178044587232697,1580100000000
2019-05-19 06:50:00+00:00,0.22744696665925465,0.097813497144174,1580400000000
2019-05-19 06:55:00+00:00,0.19784755554256417,0.11371016362874792,1580700000000
2019-05-19 07:00:00+00:00,0.18527227534867519,0.13440858742062825,1581000000000
2019-05-19 07:05:00+00:00,0.22963763884649435,0.2166292035240303,1581300000000
2019-05-19 07:10:00+00:00,0.2441154828525334,0.12238311106072984,1581600000000
2019-05-19 07:15:00+00:00,0.27318243259942215,0.17237105876614034,1581900000000
2019-05-19 07:20:00+00:00,0.20053073841926858,0.10889751149407431,1582200000000
2019-05-19 07:25:00+00:00,0.24158021055528386,0.1859011644111073,1582500000000
2019-05-19 07:30:00+00:00,0.22245648997889203,0.10639823877150559,1582800000000
2019-05-19 07:35:00+00:00,0.24934306657817873,0.16210462975322484,1583100000000
2019-05-19 07:40:00+00:00,0.20726072601425774,0.09621221361847083,1583400000000
2019-05-19 07:45:00+00:00,0.21437957468554508,0.1222564114501104,1583700000000
2019-05-19 07:50:00+00:00,0.22705035107748184,0.13554394403149292,1584000000000
2019-05-19 07:55:00+00:00,0.2470470406957146,0.16962205805222091,1584300000000
2019-05-19 08:00:00+00:00,0.23551170800256419,0.11976368827836795,1584600000000
2019-05-19 08:05:00+00:00,0.26434429782457,0.1718742396716897,1584900000000
2019-05-19 08:10:00+00:00,0.2744939447282918,0.16507192130473403,1585200000000
2019-05-19 08:15:00+00:00,0.26870208577784926,0.16667711919242914,1585500000000
2019-05-19 08:20:00+00:00,0.2918011071347627,0.19424731857456043,1585800000000
2019-05-19 08:25:00+00:00,0.27041575762142284,0.13659832071274794,1586100000000
2019-05-19 08:30:00+00:00,0.24039294681117174,0.1604476675496749,1586400000000
2019-05-19 08:35:00+00:00,0.29458660665393105,0.16537386693057013,1586700000000
2019-05-19 08:40:00+00:00,0.25775946118530646,0.1765731458107204,1587000000000
2019-05-19 08:45:00+00:00,0.290568575592054,0.18103229804599,1587300000000
2019-05-19 08:50:00+00:00,0.30628543769567507,0.17958069498706392,1587600000000
2019-05-19 08:55:00+00:00,0.2863468296930592,0.16000757843401908,1587900000000
2019-05-19 09:00:00+00:00,0.24964284091468836,0.16625160443591963,1588200000000
2019-05-19 09:05:00+00:00,0.26350423986765675,0.18332157763021262,1588500000000
2019-05-19 09:10:00+00:00,0.310574267636999,0.17568752976499574,1588800000000
2019-05-19 09:15:00+00:00,0.2829351840756578,0.14710097912976675,1589100000000
2019-05-19 09:20:00+00:00,0.29005369272224607,0.18791643649225215,1589400000000
2019-05-19 09:25:00+00:00,0.30572860523164763,0.15446654429831458,1589700000000
2019-05-19 09:30:00+00:00,0.3065127916186261,0.15779742621951623,1590000000000
2019-05-19 09:35:00+00:00,0.3001399091100532,0.15882993995547395,1590300000000
2019-05-19 09:40:00+00:00,0.2923105503300508,0.1670773205372555,1590600000000
2019-05-19 09:45:00+00:00,0.2920920729307345,0.1485286059741318,1590900000000
2019-05-19 09:50:00+00:00,0.3173055822666482,0.15160735117235735,1591200000000
2019-05-19 09:55:00+00:00,0.3129609490000761,0.16506768551330317,1591500000000
2019-05-19 10:00:00+00:00,0.29842447722197574,0.19190417526463782,1591800000000
2019-05-19 10:05:00+00:00,0.3268318151715454,0.17066820766039192,1592100000000
2019-05-19 10:10:00+00:00,0.30416538711858154,0.1756938387120655,1592400000000
2019-05-19 10:15:00+00:00,0.29120600107654987,0.21365756989324117,1592700000000
2019-05-19 10:20:00+00:00,0.2944889762996528,0.17570990317924987,1593000000000
2019-05-19 10:25:00+00:00,0.2914580162528326,0.1817254295462914,1593300000000
2019-05-19 10:30:00+00:00,0.3068837295446196,0.1652094373617407,1593600000000
2019-05-19 10:35:00+00:00,0.33823955484803264,0.24621322998282244,1593900000000
2019-05-19 10:40:00+00:00,0.2986297672750545,0.16835197058226414,1594200000000
2019-05-19 10:45:00+00:00,0.319600701311295,0.18719832709774667,1594500000000
2019-05-19 10:50:00+00:00,0.3037293112552409,0.2085787603124918,1594800000000
2019-05-19 10:55:00+00:00,0.312620741776905,0.18393776016907062,1595100000000
2019-05-19 11:00:00+00:00,0.2885213830369884,0.17407060547569733,1595400000000
2019-05-19 11:05:00+00:00,0.3151377681110809,0.18344889445086596,1595700000000
2019-05-19 11:10:00+00:00,0.35693825725852474,0.2086663067939703,1596000000000
2019-05-19 11:15:00+00:00,0.35610266254651163,0.2210716377444688,1596300000000
2019-05-19 11:20:00+00:00,0.33417704064093223,0.21156508816852146,1596600000000
2019-05-19 11:25:00+00:00,0.2981891618489008,0.16604852848508914,1596900000000
2019-05-19 11:30:00+00:00,0.3443173607536094,0.19126880732922705,1597200000000
2019-05-19 11:35:00+00:00,0.3272450670933434,0.18416431847885475,1597500000000
2019-05-19 11:40:00+00:00,0.32734151950175594,0.1683798314170582,1597800000000
2019-05-19 11:45:00+00:00,0.3234535247514211,0.1622635096804667,1598100000000
2019-05-19 11:50:00+00:00,0.3134743065150565,0.19402792685353204,1598400000000
2019-05-19 11:55:00+00:00,0.32830646196807206,0.21575579324434546,1598700000000
2019-05-19 12:00:00+00:00,0.3335117687185716,0.2175279670940473,1599000000000
2019-05-19 12:05:00+00:00,0.2890402791239642,0.12578434201164534,1599300000000
2019-05-19 12:10:00+00:00,0.31310979426813457,0.18296457482001552,1599600000000
2019-05-19 12:15:00+00:00,0.35612852487210456,0.19163527581141154,1599900000000
2019-05-19 12:20:00+00:00,0.3286081723832029,0.20003965218633887,1600200000000
2019-05-19 12:25:00+00:00,0.3470441152963349,0.19986999880161332,1600500000000
2019-05-19 12:30:00+00:00,0.3073652462474691,0.1962573858733732,1600800000000
2019-05-19 12:35:00+00:00,0.31239221185602933,0.18705226530559077,1601100000000
2019-05-19 12:40:00+00:00,0.31158159185001166,0.1490289172116492,1601400000000
2019-05-19 12:45:00+00:00,0.3052122402583934,0.16378562669904523,1601700000000
2019-05-19 12:50:00+00:00,0.3136395600546339,0.1882994383293134,1602000000000
2019-05-19 12:55:00+00:00,0.33527013264952576,0.2029642881743372,1602300000000
2019-05-19 13:00:00+00:00,0.29797883070274,0.15067376226756396,1602600000000
2019-05-19 13:05:00+00:00,0.32674432161650313,0.16531739889897945,1602900000000
2019-05-19 13:10:00+00:00,0.28321394245631154,0.1710532722252505,1603200000000
2019-05-19 13:15:00+00:00,0.305021092828755,0.15493930957624247,1603500000000
2019-05-19 13:20:00+00:00,0.3085863293357482,0.15177920907143322,1603800000000
2019-05-19 13:25:00+00:00,0.34753448496181255,0.19961788072446068,1604100000000
2019-05-19 13:30:00+00:00,0.3073358837816399,0.1746326084422109,1604400000000
2019-05-19 13:35:00+00:00,0.2675357412877877,0.14295343522588658,1604700000000
2019-05-19 13:40:00+00:00,0.3120954263596651,0.1731825166812998,1605000000000
2019-05-19 13:45:00+00:00,0.3446565469009394,0.2070706426050115,1605300000000
2019-05-19 13:50:00+00:00,0.3480900935393447,0.19445079805001045,1605600000000
2019-05-19 13:55:00+00:00,0.3350991894581944,0.2024734541082134,1605900000000
2019-05-19 14:00:00+00:00,0.3226542791359196,0.18598319675920508,1606200000000
2019-05-19 14:05:00+00:00,0.3341990465060013,0.2038724310113339,1606500000000
2019-05-19 14:10:00+00:00,0.2900780035683002,0.191610913449713,1606800000000
2019-05-19 14:15:00+00:00,0.3169936529659187,0.20698114868736311,1607100000000
2019-05-19 14:20:00+00:00,0.26462139783170885,0.184537048120347,1607400000000
2019-05-19 14:25:00+00:00,0.2772705117591387,0.18312524499342642,1607700000000
2019-05-19 14:30:00+00:00,0.25727883981171584,0.15913845451786557,1608000000000
2019-05-19 14:35:00+00:00,0.28591632200609124,0.16288116045085185,1608300000000
2019-05-19 14:40:00+00:00,0.28842588656696533,0.1653003134838547,1608600000000
2019-05-19 14:45:00+00:00,0.46956454207850623,0.26418317911838757,1608900000000
2019-05-19 14:50:00+00:00,0.3223111313572435,0.19347726463537726,1609200000000
2019-05-19 14:55:00+00:00,0.26428963880384077,0.17252153285654315,1609500000000
2019-05-19 15:00:00+00:00,0.27676120028971757,0.1515433681161701,1609800000000
2019-05-19 15:05:00+00:00,0.2482919138841146,0.14823079115719326,1610100000000
2019-05-19 15:10:00+00:00,0.30313088842277097,0.1683312884792272,1610400000000
2019-05-19 15:15:00+00:00,0.26737101747371655,0.16460969708798223,1610700000000
2019-05-19 15:20:00+00:00,0.2611959746276643,0.14572991709759958,1611000000000
2019-05-19 15:25:00+00:00,0.3002367718409338,0.16535185167867922,1611300000000
2019-05-19 15:30:00+00:00,0.24105261701365782,0.13103223630955418,1611600000000
2019-05-19 15:35:00+00:00,0.24078192719612,0.15453573179458333,1611900000000
2019-05-19 15:40:00+00:00,0.23872317006639693,0.14129891393323105,1612200000000
2019-05-19 15:45:00+00:00,0.25660310731894964,0.14539342979136904,1612500000000
2019-05-19 15:50:00+00:00,0.2638664627336639,0.16354796769114252,1612800000000
2019-05-19 15:55:00+00:00,0.26726227586421447,0.15206704116917566,1613100000000
2019-05-19 16:00:00+00:00,0.3011065730165647,0.20319430168365288,1613400000000
2019-05-19 16:05:00+00:00,0.20184022180944947,0.10162681001180454,1613700000000
2019-05-19 16:10:00+00:00,0.2561314482121857,0.1499394386709658,1614000000000
2019-05-19 16:15:00+00:00,0.22990902541473912,0.10985011081550344,1614300000000
2019-05-19 16:20:00+00:00,0.22638665850555248,0.12889450726552962,1614600000000
2019-05-19 16:25:00+00:00,0.22275267202484356,0.10005889326077352,1614900000000
2019-05-19 16:30:00+00:00,0.21397712143860398,0.1433126033143449,1615200000000
2019-05-19 16:35:00+00:00,0.2628200913235117,0.17302213013421858,1615500000000
2019-05-19 16:40:00+00:00,0.2429267458169052,0.16143945096463264,1615800000000
2019-05-19 16:45:00+00:00,0.22347150603329008,0.1346603532234634,1616100000000
2019-05-19 16:50:00+00:00,0.24693174053093675,0.1305616362243602,1616400000000
2019-05-19 16:55:00+00:00,0.1865432172431165,0.09591911770515091,1616700000000
2019-05-19 17:00:00+00:00,0.18704208747209225,0.14282869358766578,1617000000000
2019-05-19 17:05:00+00:00,0.1669407514272543,0.12887799293234853,1617300000000
2019-05-19 17:10:00+00:00,0.19333876239936337,0.11845436057863346,1617600000000
2019-05-19 17:15:00+00:00,0.33405460957719635,0.19012008506471126,1617900000000
2019-05-19 17:20:00+00:00,0.3094062433197506,0.21301621444582056,1618200000000
2019-05-19 17:25:00+00:00,0.2868519456311255,0.1582211041509791,1618500000000
2019-05-19 17:30:00+00:00,0.23214914606350873,0.14386647180002338,1618800000000
2019-05-19 17:35:00+00:00,0.25292923430227376,0.17879668668933343,1619100000000
2019-05-19 17:40:00+00:00,0.21814677436950963,0.1141612946284132,1619400000000
2019-05-19 17:45:00+00:00,0.19942988834717523,0.13624240472104737,1619700000000
2019-05-19 17:50:00+00:00,0.14365988677522054,0.09660714798200971,1620000000000
2019-05-19 17:55:00+00:00,0.18448816104225063,0.10990256578071916,1620300000000
2019-05-19 18:00:00+00:00,0.15124469520164746,0.07087814513832616,1620600000000
2019-05-19 18:05:00+00:00,0.1637951910826782,0.0837883194475414,1620900000000
2019-05-19 18:10:00+00:00,0.1791721676457064,0.11329232204443701,1621200000000
2019-05-19 18:15:00+00:00,0.1670530694072633,0.07176510574673026,1621500000000
2019-05-19 18:20:00+00:00,0.1449513945478209,0.08958571390905755,1621800000000
2019-05-19 18:25:00+00:00,0.15886487634033702,0.10613994548543548,1622100000000
2019-05-19 18:30:00+00:00,0.12487369819545224,0.09462862237345336,1622400000000
2019-05-19 18:35:00+00:00,0.17528406221170284,0.07720329583781725,1622700000000
2019-05-19 18:40:00+00:00,0.14495820407114512,0.11329986838591255,1623000000000
2019-05-19 18:45:00+00:00,0.16823245058268857,0.13484674023321183,1623300000000
2019-05-19 18:50:00+00:00,0.1321423130562503,0.08748841918802205,1623600000000
2019-05-19 18:55:00+00:00,0.12902837416072052,0.0566560528679391,1623900000000
2019-05-19 19:00:00+00:00,0.1210600741685326,0.06607385873391473,1624200000000
2019-05-19 19:05:00+00:00,0.15072968208476775,0.0894858643484905,1624500000000
2019-05-19 19:10:00+00:00,0.11589995137223402,0.07494924099795156,1624800000000
2019-05-19 19:15:00+00:00,0.13988432218616126,0.0843702243645688,1625100000000
2019-05-19 19:20:00+00:00,0.11627015276998731,0.07538539451988473,1625400000000
2019-05-19 19:25:00+00:00,0.08135113937072125,0.04699574847565029,1625700000000
2019-05-19 19:30:00+00:00,0.10644120378950755,0.06916686416394939,1626000000000
2019-05-19 19:35:00+00:00,0.09126972112282222,0.04555136425046706,1626300000000
2019-05-19 19:40:00+00:00,0.11256309299031907,0.06077412145454207,1626600000000
2019-05-19 19:45:00+00:00,0.0851402084203267,0.039563621642662666,1626900000000
2019-05-19 19:50:00+00:00,0.12456276558459146,0.11308285004083632,1627200000000
2019-05-19 19:55:00+00:00,0.10134961189947497,0.09008778286317143,1627500000000
2019-05-19 20:00:00+00:00,0.09678141343816016,0.0691747318631684,1627800000000
2019-05-19 20:05:00+00:00,0.11064907625389407,0.0928956256976912,1628100000000
2019-05-19 20:10:00+00:00,0.11404430854060556,0.08439581190392098,1628400000000
2019-05-19 20:15:00+00:00,0.09163749001166613,0.058607917197280784,1628700000000
2019-05-19 20:20:00+00:00,0.07392841744524617,0.014245623646754024,1629000000000
2019-05-19 20:25:00+00:00,0.051226938200998315,0.025492884518096184,1629300000000
2019-05-19 20:30:00+00:00,0.07038145717465422,0.0355281164644255,1629600000000
2019-05-19 20:35:00+00:00,0.06919778979498885,0.01885717041515017,1629900000000
2019-05-19 20:40:00+00:00,0.08116745205130807,0.018977225738652514,1630200000000
2019-05-19 20:45:00+00:00,0.06965352344556311,0.05164650099867837,1630500000000
2019-05-19 20:50:00+00:00,0.08789235052090284,0.05922549675995796,1630800000000
2019-05-19 20:55:00+00:00,0.059499487318356886,0.012351752789661889,1631100000000
2019-05-19 21:00:00+00:00,0.06829315948495941,0.026058325562251856,1631400000000
2019-05-19 21:05:00+00:00,0.09083904344386266,0.07772787152940086,1631700000000
2019-05-19 21:10:00+00:00,0.07177268153535826,0.025509678650883744,1632000000000
2019-05-19 21:15:00+00:00,0.06156494471104754,0.040354944905304564,1632300000000
2019-05-19 21:20:00+00:00,0.048610000249004505,0.025370434158043083,1632600000000
2019-05-19 21:25:00+00:00,0.04592214404621353,0.03768055584896937,1632900000000
2019-05-19 21:30:00+00:00,0.039568067230609044,0.006618687285236818,1633200000000
2019-05-19 21:35:00+00:00,0.04381039426644217,0.028087906110667443,1633500000000
2019-05-19 21:40:00+00:00,0.06785162124264806,0.04408542429250638,1633800000000
2019-05-19 21:45:00+00:00,0.04646679272877261,0.03248369176184796,1634100000000
2019-05-19 21:50:00+00:00,0.022134710629332675,0.014862303536851869,1634400000000
2019-05-19 21:55:00+00:00,0.08277938303803076,0.056559816234700654,1634700000000
2019-05-19 22:00:00+00:00,0.05216215992190484,0.07513270259415912,1635000000000
2019-05-19 22:05:00+00:00,0.016032674189164927,0.060845560048921075,1635300000000
2019-05-19 22:10:00+00:00,0.033805840922894945,0.0074991817380025295,1635600000000
2019-05-19 22:15:00+00:00,0.04339514975999895,0.0,1635900000000
2019-05-19 22:20:00+00:00,0.07386789603267208,0.05623064363404272,1636200000000
2019-05-19 22:25:00+00:00,0.016277140078016707,0.01349133324483535,1636500000000
2019-05-19 22:30:00+00:00,0.056688884510425405,0.055234167889926855,1636800000000
2019-05-19 22:35:00+00:00,0.06395243703591572,0.04406918021585577,1637100000000
2019-05-19 22:40:00+00:00,0.022250798558400793,0.014522557925554857,1637400000000
2019-05-19 22:45:00+00:00,0.028201874865196302,0.039499256836662236,1637700000000
2019-05-19 22:50:00+00:00,0.012021827995846425,0.03258870856578469,1638000000000
2019-05-19 22:55:00+00:00,0.0277427434649489,0.0,1638300000000
2019-05-19 23:00:00+00:00,0.03021265990311452,0.001795472199077039,1638600000000
2019-05-19 23:05:00+00:00,0.11294618296369252,0.06565585059244194,1638900000000
2019-05-19 23:10:00+00:00,0.09298474221461736,0.057759597807262086,1639200000000
2019-05-19 23:15:00+00:00,0.02771674089744535,0.012110380471422235,1639500000000
2019-05-19 23:20:00+00:00,0.0,0.008684143557237718,1639800000000
2019-05-19 23:25:00+00:00,0.027223655622089022,0.03625628915959542,1640100000000
2019-05-19 23:30:00+00:00,0.03307068805996757,0.0542966070503951,1640400000000
2019-05-19 23:35:00+00:00,0.03181045857590845,0.03066453562100306,1640700000000
2019-05-19 23:40:00+00:00,0.019981774780501824,0.0,1641000000000
2019-05-19 23:45:00+00:00,0.028774536840821437,0.014317197600536496,1641300000000
2019-05-19 23:50:00+00:00,0.0564238851519885,0.03234728626600196,1641600000000
2019-05-19 23:55:00+00:00,0.033656490428374895,0.030486699056648116,1641900000000
2019-05-20 00:00:00+00:00,0.0,0.007763360668678845,1642200000000
2019-05-20 00:05:00+00:00,0.0,0.04100793302223019,1642500000000
2019-05-20 00:10:00+00:00,0.0,0.0,1642800000000
2019-05-20 00:15:00+00:00,0.009097627417488888,0.013153587125829397,1643100000000
2019-05-20 00:20:00+00:00,0.0,0.047094227954881836,1643400000000
2019-05-20 00:25:00+00:00,0.0,0.0,1643700000000
2019-05-20 00:30:00+00:00,0.0,0.002902973923407104,1644000000000
2019-05-20 00:35:00+00:00,0.0,0.0,1644300000000
2019-05-20 00:40:00+00:00,0.01758669325417314,0.012193753945052515,1644600000000
2019-05-20 00:45:00+00:00,0.0,0.0,1644900000000
2019-05-20 00:50:00+00:00,0.0,0.020936018069826926,1645200000000
2019-05-20 00:55:00+00:00,0.0,0.0029463771806279068,1645500000000
2019-05-20 01:00:00+00:00,0.0,0.0,1645800000000
2019-05-20 01:05:00+00:00,0.0,0.016811353955833434,1646100000000
2019-05-20 01:10:00+00:00,0.0,0.0035933207774317467,1646400000000
2019-05-20 01:15:00+00:00,0.0,0.0190563755444691,1646700000000
2019-05-20 01:20:00+00:00,0.0,0.0,1647000000000
2019-05-20 01:25:00+00:00,0.0,0.00737648824497323,1647300000000
2019-05-20 01:30:00+00:00,0.1456973677531292,0.10288525454477168,1647600000000
2019-05-20 01:35:00+00:00,0.14239946379034163,0.07697212846949024,1647900000000
2019-05-20 01:40:00+00:00,0.08250629080614999,0.024323719944326968,1648200000000
2019-05-20 01:45:00+00:00,0.09991388042291441,0.05911617834634077,1648500000000
2019-05-20 01:50:00+00:00,0.03512113823110059,0.04563498881427892,1648800000000
2019-05-20 01:55:00+00:00,0.0,0.022518606612681128,1649100000000
2019-05-20 02:00:00+00:00,0.0,0.0,1649400000000
2019-05-20 02:05:00+00:00,0.0,0.0,1649700000000
2019-05-20 02:10:00+00:00,0.0,0.0,1650000000000
2019-05-20 02:15:00+00:00,0.03364397695689391,0.010816833159498097,1650300000000
2019-05-20 02:20:00+00:00,0.01757893308993974,0.019476295520059392,1650600000000
2019-05-20 02:25:00+00:00,0.016100233495642102,0.00756011003930283,1650900000000
2019-05-20 02:30:00+00:00,0.010721738828974266,0.0,1651200000000
2019-05-20 02:35:00+00:00,0.0,0.02208526134521336,1651500000000
2019-05-20 02:40:00+00:00,0.0018654351854883316,0.003927778460189683,1651800000000
2019-05-20 02:45:00+00:00,0.030517977707168683,0.02701909967892003,1652100000000
2019-05-20 02:50:00+00:00,0.0,0.0,1652400000000
2019-05-20 02:55:00+00:00,0.0,0.0,1652700000000
2019-05-20 03:00:00+00:00,0.01589186266639988,0.0,1653000000000
2019-05-20 03:05:00+00:00,0.019951779440997863,0.002360199152463202,1653300000000
2019-05-20 03:10:00+00:00,0.02790051496372418,0.028267429330510685,1653600000000
2019-05-20 03:15:00+00:00,0.042210167271947874,0.0,1653900000000
2019-05-20 03:20:00+00:00,0.0428895303471976,0.05759075949575831,1654200000000
2019-05-20 03:25:00+00:00,0.03785631972171393,0.026125112368430882,1654500000000
2019-05-20 03:30:00+00:00,0.05917974674375883,0.0627137479052535,1654800000000
2019-05-20 03:35:00+00:00,0.007521379351419246,0.0,1655100000000
2019-05-20 03:40:00+00:00,0.05066628194800217,0.04047696785225111,1655400000000
2019-05-20 03:45:00+00:00,0.05582023231379642,0.0351960579876936,1655700000000
2019-05-20 03:50:00+00:00,0.02125270191526149,0.029105347410247978,1656000000000
2019-05-20 03:55:00+00:00,0.018779376880050404,0.0065917987760359,1656300000000
2019-05-20 04:00:00+00:00,0.03674782413715642,0.03151299866244562,1656600000000
2019-05-20 04:05:00+00:00,0.09492636997537107,0.07899972836064664,1656900000000
2019-05-20 04:10:00+00:00,0.11540050861566088,0.05621677929156102,1657200000000
2019-05-20 04:15:00+00:00,0.08024922929147954,0.05299442222468072,1657500000000
2019-05-20 04:20:00+00:00,0.06765249603870493,0.002834252878775992,1657800000000
2019-05-20 04:25:00+00:00,0.06481642462001641,0.052939915153277006,1658100000000
2019-05-20 04:30:00+00:00,0.09172013182832128,0.09412532996624257,1658400000000
2019-05-20 04:35:00+00:00,0.07265905063387465,0.01870670942535088,1658700000000
2019-05-20 04:40:00+00:00,0.07188973577178863,0.04130621625451431,1659000000000
2019-05-20 04:45:00+00:00,0.07637563689717024,0.06343500815658441,1659300000000
2019-05-20 04:50:00+00:00,0.1075408923164453,0.06515288485919818,1659600000000
2019-05-20 04:55:00+00:00,0.06986165780773049,0.04521898571450281,1659900000000
2019-05-20 05:00:00+00:00,0.11432064238675847,0.060772396601582304,1660200000000
2019-05-20 05:05:00+00:00,0.09540426435172691,0.04867951354927785,1660500000000
2019-05-20 05:10:00+00:00,0.09118678138088666,0.05297818575682444,1660800000000
2019-05-20 05:15:00+00:00,0.1476294616562679,0.08941110543654786,1661100000000
2019-05-20 05:20:00+00:00,0.07972887244287621,0.024208498234179535,1661400000000
2019-05-20 05:25:00+00:00,0.09701055465795257,0.056885893075850964,1661700000000
2019-05-20 05:30:00+00:00,0.08268911305037864,0.0809841466044137,1662000000000
2019-05-20 05:35:00+00:00,0.1296497637384834,0.06940718237131194,1662300000000
2019-05-20 05:40:00+00:00,0.14765486170532996,0.06384781736570543,1662600000000
2019-05-20 05:45:00+00:00,0.1505463195769047,0.08729947038641428,1662900000000
2019-05-20 05:50:00+00:00,0.14490828918034349,0.07265271726572015,1663200000000
2019-05-20 05:55:00+00:00,0.11976146900000649,0.0450900448935651,1663500000000
2019-05-20 06:00:00+00:00,0.11969518045020129,0.0746004775047732,1663800000000
2019-05-20 06:05:00+00:00,0.09686272619419153,0.04391199497349336,1664100000000
2019-05-20 06:10:00+00:00,0.17428815658621322,0.09207861061466244,1664400000000
2019-05-20 06:15:00+00:00,0.14623169761415813,0.09080756617620266,1664700000000
2019-05-20 06:20:00+00:00,0.1302897788703147,0.04751037541494213,1665000000000
2019-05-20 06:25:00+00:00,0.1699606134519801,0.06714497506616555,1665300000000
2019-05-20 06:30:00+00:00,0.12720697183114207,0.08974162698872387,1665600000000
2019-05-20 06:35:00+00:00,0.1580481708351615,0.05621223048661525,1665900000000
2019-05-20 06:40:00+00:00,0.14970575507533587,0.07028989913905442,1666200000000
2019-05-20 06:45:00+00:00,0.16916209110002445,0.0655004639522459,1666500000000
2019-05-20 06:50:00+00:00,0.15833336019588262,0.08527728678055294,1666800000000
2019-05-20 06:55:00+00:00,0.13378710380447936,0.08883343723571094,1667100000000
2019-05-20 07:00:00+00:00,0.16750105088544512,0.1027473895059146,1667400000000
2019-05-20 07:05:00+00:00,0.1901321904977126,0.16191678208777324,1667700000000
2019-05-20 07:10:00+00:00,0.1717159862530041,0.12476790410758247,1668000000000
2019-05-20 07:15:00+00:00,0.19092655556059115,0.09593277633322267,1668300000000
2019-05-20 07:20:00+00:00,0.15761465400759075,0.07062769230802624,1668600000000
2019-05-20 07:25:00+00:00,0.181076600988268,0.16277971941247082,1668900000000
2019-05-20 07:30:00+00:00,0.1721623057529921,0.12454882356646252,1669200000000
2019-05-20 07:35:00+00:00,0.20261550916979323,0.13335669764726737,1669500000000
2019-05-20 07:40:00+00:00,0.19130034828412362,0.11627724521478652,1669800000000
2019-05-20 07:45:00+00:00,0.20743644372624956,0.12993229758525007,1670100000000
2019-05-20 07:50:00+00:00,0.21832205606396596,0.10135176812873103,1670400000000
2019-05-20 07:55:00+00:00,0.2133001312847816,0.13112086217480431,1670700000000
2019-05-20 08:00:00+00:00,0.20779570201920508,0.12610204916070333,1671000000000
2019-05-20 08:05:00+00:00,0.18519896577607253,0.0930366026036139,1671300000000
2019-05-20 08:10:00+00:00,0.20790033014979634,0.11396966901850822,1671600000000
2019-05-20 08:15:00+00:00,0.20004872691262462,0.15033276401644588,1671900000000
2019-05-20 08:20:00+00:00,0.2065440752074617,0.12142294671857977,1672200000000
2019-05-20 08:25:00+00:00,0.2086085420173083,0.16658855126104719,1672500000000
2019-05-20 08:30:00+00:00,0.19913236952233104,0.08466583298365095,1672800000000
2019-05-20 08:35:00+00:00,0.18217230460048364,0.09886077903577523,1673100000000
2019-05-20 08:40:00+00:00,0.21049972493087185,0.09535426393358472,1673400000000
2019-05-20 08:45:00+00:00,0.2302277946368266,0.11394822770425928,1673700000000
2019-05-20 08:50:00+00:00,0.20184721245602077,0.10454421336042652,1674000000000
2019-05-20 08:55:00+00:00,0.23152671420788443,0.14522222106014246,1674300000000
2019-05-20 09:00:00+00:00,0.27157138566420136,0.16827935482012854,1674600000000
2019-05-20 09:05:00+00:00,0.256329614302898,0.1402119621891867,1674900000000
2019-05-20 09:10:00+00:00,0.27099020848170763,0.11803813394229293,1675200000000
2019-05-20 09:15:00+00:00,0.24814019532716658,0.178437974656943,1675500000000
2019-05-20 09:20:00+00:00,0.265812418483131,0.15377215676915146,1675800000000
2019-05-20 09:25:00+00:00,0.2300728222990204,0.11571788997338947,1676100000000
2019-05-20 09:30:00+00:00,0.2336995290365793,0.14571833304334933,1676400000000
2019-05-20 09:35:00+00:00,0.1937811087395952,0.1203575686542206,1676700000000
2019-05-20 09:40:00+00:00,0.2742068272353043,0.15807056704118327,1677000000000
2019-05-20 09:45:00+00:00,0.28315192144178003,0.1728617731778981,1677300000000
2019-05-20 09:50:00+00:00,0.2430840608538754,0.12274983970416486,1677600000000
2019-05-20 09:55:00+00:00,0.25081052425077605,0.1656845714139953,1677900000000
2019-05-20 10:00:00+00:00,0.24249323496051278,0.12555859908117026,1678200000000
2019-05-20 10:05:00+00:00,0.26684263994123286,0.14799419085867105,1678500000000
2019-05-20 10:10:00+00:00,0.28324472032724246,0.18292286851937697,1678800000000
2019-05-20 10:15:00+00:00,0.2273838050856155,0.16050946235157398,1679100000000
2019-05-20 10:20:00+00:00,0.27185716089056516,0.19482978789526587,1679400000000
2019-05-20 10:25:00+00:00,0.25949939754464546,0.17681560329611873,1679700000000
2019-05-20 10:30:00+00:00,0.2685998177160276,0.1546784469535809,1680000000000
2019-05-20 10:35:00+00:00,0.27674494931479415,0.13522630820686724,1680300000000
2019-05-20 10:40:00+00:00,0.26496762212020714,0.18708168498418215,1680600000000
2019-05-20 10:45:00+00:00,0.26775944902281695,0.18806958919178968,1680900000000
2019-05-20 10:50:00+00:00,0.26658559481669664,0.14651183382294805,1681200000000
2019-05-20 10:55:00+00:00,0.2912332466380997,0.193163728739351,1681500000000
2019-05-20 11:00:00+00:00,0.2810974064792436,0.16201488800893138,1681800000000
2019-05-20 11:05:00+00:00,0.2779602034489581,0.19680165973960945,1682100000000
2019-05-20 11:10:00+00:00,0.24888647775725578,0.13903459340627783,1682400000000
2019-05-20 11:15:00+00:00,0.2674211971962212,0.2000257440687028,1682700000000
2019-05-20 11:20:00+00:00,0.29358343504750395,0.19187247198046728,1683000000000
2019-05-20 11:25:00+00:00,0.2769109358104203,0.2020974583799719,1683300000000
2019-05-20 11:30:00+00:00,0.2898240252645209,0.16461846976571495,1683600000000
2019-05-20 11:35:00+00:00,0.31236924229545626,0.19552213746615763,1683900000000
2019-05-20 11:40:00+00:00,0.2981457705423826,0.15950187835854227,1684200000000
2019-05-20 11:45:00+00:00,0.2795003385731188,0.1845799881862552,1684500000000
2019-05-20 11:50:00+00:00,0.2676096720555863,0.17854663389009426,1684800000000
2019-05-20 11:55:00+00:00,0.22687942325197957,0.18406813231521146,1685100000000
2019-05-20 12:00:00+00:00,0.2746323015505429,0.17442017687471872,1685400000000
2019-05-20 12:05:00+00:00,0.2714579430345383,0.17735664987084482,1685700000000
2019-05-20 12:10:00+00:00,0.2856923349029639,0.1619987934117027,1686000000000
2019-05-20 12:15:00+00:00,0.27464240061296347,0.17561302782048283,1686300000000
2019-05-20 12:20:00+00:00,0.2710770590805814,0.15504841127459715,1686600000000
2019-05-20 12:25:00+00:00,0.2415899165676479,0.14727116511742872,1686900000000
2019-05-20 12:30:00+00:00,0.2580007059564038,0.15829073680475816,1687200000000
2019-05-20 12:35:00+00:00,0.28588446960839725,0.16448458429805496,1687500000000
2019-05-20 12:40:00+00:00,0.31015042668559634,0.18734915794219764,1687800000000
2019-05-20 12:45:00+00:00,0.273292284385572,0.1564694672370748,1688100000000
2019-05-20 12:50:00+00:00,0.2811395114283614,0.16108908435634006,1688400000000
2019-05-20 12:55:00+00:00,0.29290365138882324,0.19727548386333935,1688700000000
2019-05-20 13:00:00+00:00,0.25683766188602175,0.15761086996814125,1689000000000
2019-05-20 13:05:00+00:00,0.2795243145791543,0.17465591419149812,1689300000000
2019-05-20 13:10:00+00:00,0.25644218493003473,0.12471921557831012,1689600000000
2019-05-20 13:15:00+00:00,0.2875443415274197,0.1809957715530596,1689900000000
2019-05-20 13:20:00+00:00,0.2722041762991437,0.17393097505899097,1690200000000
2019-05-20 13:25:00+00:00,0.2740063277831597,0.15643702421612077,1690500000000
2019-05-20 13:30:00+00:00,0.25117995792832154,0.19240856828220673,1690800000000
2019-05-20 13:35:00+00:00,0.27970125794902134,0.12203620948573149,1691100000000
2019-05-20 13:40:00+00:00,0.30591820425789545,0.19923826527014818,1691400000000
2019-05-20 13:45:00+00:00,0.24266434398800496,0.15985470249190023,1691700000000
2019-05-20 13:50:00+00:00,0.25456200037933774,0.16356885886759087,1692000000000
2019-05-20 13:55:00+00:00,0.26446060728393317,0.16220061848313236,1692300000000
2019-05-20 14:00:00+00:00,0.27396526814091543,0.17539274733705001,1692600000000
2019-05-20 14:05:00+00:00,0.24539307711737512,0.16459935586154295,1692900000000
2019-05-20 14:10:00+00:00,0.19820922218018866,0.10440778163147331,1693200000000
2019-05-20 14:15:00+00:00,0.28027923172866215,0.17415145148079908,1693500000000
2019-05-20 14:20:00+00:00,0.2664718179239219,0.15621675391388704,1693800000000
2019-05-20 14:25:00+00:00,0.21451051780816616,0.1068309426803895,1694100000000
2019-05-20 14:30:00+00:00,0.23526829187476173,0.15550437461712283,1694400000000
2019-05-20 14:35:00+00:00,0.276776876610033,0.1547789174723391,1694700000000
2019-05-20 14:40:00+00:00,0.27230703928144884,0.13342705007327996,1695000000000
2019-05-20 14:45:00+00:00,0.2600071049087596,0.1452220497312228,1695300000000
2019-05-20 14:50:00+00:00,0.23554157406454335,0.1253469664768634,1695600000000
2019-05-20 14:55:00+00:00,0.2385004537963248,0.16366985246159707,1695900000000
2019-05-20 15:00:00+00:00,0.23194750107545867,0.14223236345643675,1696200000000
2019-05-20 15:05:00+00:00,0.25480564292160557,0.18053104066676215,1696500000000
2019-05-20 15:10:00+00:00,0.21234946079022302,0.1140785518494729,1696800000000
2019-05-20 15:15:00+00:00,0.2113275458339933,0.14427992493832595,1697100000000
2019-05-20 15:20:00+00:00,0.24517918874525768,0.20389997154331285,1697400000000
2019-05-20 15:25:00+00:00,0.2215707361618218,0.14006309103963588,1697700000000
2019-05-20 15:30:00+00:00,0.24746689479371775,0.1657131141226937,1698000000000
2019-05-20 15:35:00+00:00,0.20386342533714763,0.1361884084867967,1698300000000
2019-05-20 15:40:00+00:00,0.21355200935699092,0.09968969906567803,1698600000000
2019-05-20 15:45:00+00:00,0.1935122752560629,0.12782371110298674,1698900000000
2019-05-20 15:50:00+00:00,0.20938108376938241,0.13175777667462082,1699200000000
2019-05-20 15:55:00+00:00,0.17689782776188093,0.10094374898916236,1699500000000
2019-05-20 16:00:00+00:00,0.1939139982475652,0.0986676714644415,1699800000000
2019-05-20 16:05:00+00:00,0.1721037935949015,0.11714194096348163,1700100000000
2019-05-20 16:10:00+00:00,0.21183520109352535,0.10765304586390277,1700400000000
2019-05-20 16:15:00+00:00,0.20938342366137586,0.16830296629046346,1700700000000
2019-05-20 16:20:00+00:00,0.15750970687364013,0.09678920579394665,1701000000000
2019-05-20 16:25:00+00:00,0.2158258294999316,0.10502935674422886,1701300000000
2019-05-20 16:30:00+00:00,0.23610081738316155,0.13138056486333013,1701600000000
2019-05-20 16:35:00+00:00,0.1840497223661725,0.10486714665390716,1701900000000
2019-05-20 16:40:00+00:00,0.1672585140721353,0.1486026415217581,1702200000000
2019-05-20 16:45:00+00:00,0.23349419828220253,0.12240474003313159,1702500000000
2019-05-20 16:50:00+00:00,0.14753205551514553,0.08619488804405957,1702800000000
2019-05-20 16:55:00+00:00,0.171195925886475,0.09196098813458455,1703100000000
2019-05-20 17:00:00+00:00,0.17124863555134828,0.11273435104244225,1703400000000
2019-05-20 17:05:00+00:00,0.19140305848019537,0.10440416681401632,1703700000000
2019-05-20 17:10:00+00:00,0.16852183270436388,0.07833196629982413,1704000000000
2019-05-20 17:15:00+00:00,0.14816587038664822,0.08499363063606495,1704300000000
2019-05-20 17:20:00+00:00,0.13591242813117,0.07555958001205713,1704600000000
2019-05-20 17:25:00+00:00,0.14488484930134177,0.07508602202832479,1704900000000
2019-05-20 17:30:00+00:00,0.1283570482807713,0.06623802179052042,1705200000000
2019-05-20 17:35:00+00:00,0.14621709317904424,0.1114241718650466,1705500000000
2019-05-20 17:40:00+00:00,0.1307338822593823,0.0720455250702793,1705800000000
2019-05-20 17:45:00+00:00,0.10888804685206134,0.042650274861668155,1706100000000
2019-05-20 17:50:00+00:00,0.16061804609451863,0.08712850838071405,1706400000000
2019-05-20 17:55:00+00:00,0.12230489339771514,0.07446964922793693,1706700000000
2019-05-20 18:00:00+00:00,0.10363726390049498,0.035456965609269905,1707000000000
2019-05-20 18:05:00+00:00,0.12237647344395358,0.10594544326650011,1707300000000
2019-05-20 18:10:00+00:00,0.12385230099233088,0.09166297014552398,1707600000000
2019-05-20 18:15:00+00:00,0.08430186277056333,0.07918457253471359,1707900000000
2019-05-20 18:20:00+00:00,0.1226151474859215,0.08141165100130655,1708200000000
2019-05-20 18:25:00+00:00,0.09179626184284659,0.013203808103105945,1708500000000
2019-05-20 18:30:00+00:00,0.14372498068413983,0.11694166274325417,1708800000000
2019-05-20 18:35:00+00:00,0.11675792453527063,0.05278338752696452,1709100000000
2019-05-20 18:40:00+00:00,0.09506588465888491,0.04139579591528897,1709400000000
2019-05-20 18:45:00+00:00,0.08495809629123405,0.0541013606538493,1709700000000
2019-05-20 18:50:00+00:00,0.09457359264689977,0.08430875252154285,1710000000000
2019-05-20 18:55:00+00:00,0.10575570876051697,0.08451916793535817,1710300000000
2019-05-20 19:00:00+00:00,0.08983392732958659,0.07202597880127237,1710600000000
2019-05-20 19:05:00+00:00,0.08286302730816812,0.04348127532740981,1710900000000
2019-05-20 19:10:00+00:00,0.08525598033516248,0.04460143767925525,1711200000000
2019-05-20 19:15:00+00:00,0.06891523491311767,0.048268014307471935,1711500000000
2019-05-20 19:20:00+00:00,0.0710550821865114,0.04003163248623618,1711800000000
2019-05-20 19:25:00+00:00,0.03315455659045657,0.037679092100861004,1712100000000
2019-05-20 19:30:00+00:00,0.09132200976228329,0.0713955591472745,1712400000000
2019-05-20 19:35:00+00:00,0.07482784101651348,0.056723531033362196,1712700000000
2019-05-20 19:40:00+00:00,0.050415921636002774,0.0,1713000000000
2019-05-20 19:45:00+00:00,0.10092306276092036,0.06311360493009749,1713300000000
2019-05-20 19:50:00+00:00,0.06178359317814973,0.03489307829223581,1713600000000
2019-05-20 19:55:00+00:00,0.03644825766703254,0.02522946663541015,1713900000000
2019-05-20 20:00:00+00:00,0.0714680817627432,0.027794356286717784,1714200000000
2019-05-20 20:05:00+00:00,0.05949219782832863,0.009199600489012673,1714500000000
2019-05-20 20:10:00+00:00,0.056657769568771825,0.0432574313407639,1714800000000
2019-05-20 20:15:00+00:00,0.03752435295403003,0.01538858541777678,1715100000000
2019-05-20 20:20:00+00:00,0.052362337911791804,0.04291126262122707,1715400000000
2019-05-20 20:25:00+00:00,0.03547116471881992,0.007864411277596527,1715700000000
2019-05-20 20:30:00+00:00,0.049221281348273846,0.05785098161881784,1716000000000
2019-05-20 20:35:00+00:00,0.0,0.020021296851415266,1716300000000
2019-05-20 20:40:00+00:00,0.024348833731877555,0.02054584241004414,1716600000000
2019-05-20 20:45:00+00:00,0.06499956302448678,0.03473396954697312,1716900000000
2019-05-20 20:50:00+00:00,0.012792341971867516,0.024723582739084447,1717200000000
2019-05-20 20:55:00+00:00,0.013682386793906195,0.016060388381091834,1717500000000
2019-05-20 21:00:00+00:00,0.014474756053018028,0.013456537390422914,1717800000000
2019-05-20 21:05:00+00:00,0.0,0.02085730819119217,1718100000000
2019-05-20 21:10:00+00:00,0.0,0.028530723088132804,1718400000000
2019-05-20 21:15:00+00:00,0.012153967574348678,0.0,1718700000000
2019-05-20 21:20:00+00:00,0.01736607756934188,0.0,1719000000000
2019-05-20 21:25:00+00:00,0.011536670609739402,0.0,1719300000000
2019-05-20 21:30:00+00:00,0.007682761050689622,0.0,1719600000000
2019-05-20 21:35:00+00:00,0.009491348999107271,0.004439838888081339,1719900000000
2019-05-20 21:40:00+00:00,0.027195133898778888,0.028319409444157454,1720200000000
2019-05-20 21:45:00+00:00,0.0010956344360330836,0.00022901476257311765,1720500000000
2019-05-20 21:50:00+00:00,0.0,0.0,1720800000000
2019-05-20 21:55:00+00:00,0.0,0.022529155142583163,1721100000000
2019-05-20 22:00:00+00:00,0.011349791294136592,0.009621002840616948,1721400000000
2019-05-20 22:05:00+00:00,0.02641207977029486,0.02270690720950328,1721700000000
2019-05-20 22:10:00+00:00,0.0,0.0230846960979952,1722000000000
2019-05-20 22:15:00+00:00,0.0,0.0,1722300000000
2019-05-20 22:20:00+00:00,0.0005432030054433054,0.041530203255759596,1722600000000
2019-05-20 22:25:00+00:00,0.0,0.0,1722900000000
2019-05-20 22:30:00+00:00,0.0,0.039958964090257995,1723200000000
2019-05-20 22:35:00+00:00,0.0,0.0,1723500000000
2019-05-20 22:40:00+00:00,0.0,0.01034969805760883,1723800000000
2019-05-20 22:45:00+00:00,0.0,0.0,1724100000000
2019-05-20 22:50:00+00:00,0.0,0.02239132233962185,1724400000000
2019-05-20 22:55:00+00:00,0.0,0.0,1724700000000
2019-05-20 23:00:00+00:00,0.0,0.005817423812881718,1725000000000
2019-05-20 23:05:00+00:00,0.0,0.0,1725300000000
2019-05-20 23:10:00+00:00,0.0,0.018744503473332286,1725600000000
2019-05-20 23:15:00+00:00,0.0,0.0,1725900000000
2019-05-20 23:20:00+00:00,0.00998717309708556,0.03966060075310471,1726200000000
2019-05-20 23:25:00+00:00,0.0,0.0,1726500000000
2019-05-20 23:30:00+00:00,0.0,0.0,1726800000000
2019-05-20 23:35:00+00:00,0.0,0.019031041561581724,1727100000000
2019-05-20 23:40:00+00:00,0.0,0.0,1727400000000
2019-05-20 23:45:00+00:00,0.0,0.0,1727700000000
2019-05-20 23:50:00+00:00,0.0,0.0,1728000000000
2019-05-20 23:55:00+00:00,0.0,0.0,1728300000000
2019-05-21 00:00:00+00:00,0.0,0.0,1728600000000
2019-05-21 00:05:00+00:00,0.0,0.025298317899446043,1728900000000
2019-05-21 00:10:00+00:00,0.0,0.02006274006611131,1729200000000
2019-05-21 00:15:00+00:00,0.0,0.004635855252518496,1729500000000
2019-05-21 00:20:00+00:00,0.0,0.02224536586070214,1729800000000
2019-05-21 00:25:00+00:00,0.0,0.0,1730100000000
2019-05-21 00:30:00+00:00,0.0,0.0,1730400000000
2019-05-21 00:35:00+00:00,0.0,0.007916098814604164,1730700000000
2019-05-21 00:40:00+00:00,0.0,0.0,1731000000000
2019-05-21 00:45:00+00:00,0.0,0.0,1731300000000
2019-05-21 00:50:00+00:00,0.021463226613184144,0.0,1731600000000
2019-05-21 00:55:00+00:00,0.0,0.0,1731900000000
2019-05-21 01:00:00+00:00,0.0,0.016357328498992723,1732200000000
2019-05-21 01:05:00+00:00,0.0,0.0048644314650445174,1732500000000
2019-05-21 01:10:00+00:00,0.0,0.01803996756420186,1732800000000
2019-05-21 01:15:00+00:00,0.0,0.0,1733100000000
2019-05-21 01:20:00+00:00,0.0,0.0,1733400000000
2019-05-21 01:25:00+00:00,0.0,0.00013095933273268894,1733700000000
2019-05-21 01:30:00+00:00,0.0,0.017083992972256327,1734000000000
2019-05-21 01:35:00+00:00,0.006926647623574339,0.0,1734300000000
2019-05-21 01:40:00+00:00,0.0,0.016035703686569716,1734600000000
2019-05-21 01:45:00+00:00,0.0,0.0,1734900000000
2019-05-21 01:50:00+00:00,0.006400416200557436,0.0006113070569371175,1735200000000
2019-05-21 01:55:00+00:00,0.040774860579252746,0.023062633465991026,1735500000000
2019-05-21 02:00:00+00:00,0.0,0.0245277988784384,1735800000000
2019-05-21 02:05:00+00:00,0.013933163979758821,0.012512446348173459,1736100000000
2019-05-21 02:10:00+00:00,0.0017129648420094313,0.03594932927108956,1736400000000
2019-05-21 02:15:00+00:00,0.04449947004974469,0.0,1736700000000
2019-05-21 02:20:00+00:00,0.0,0.0025983780882255936,1737000000000
2019-05-21 02:25:00+00:00,0.011328508031043584,0.010385065602235066,1737300000000
2019-05-21 02:30:00+00:00,0.0,0.012401863951737344,1737600000000
2019-05-21 02:35:00+00:00,0.0,0.0,1737900000000
2019-05-21 02:40:00+00:00,0.021487019038954065,0.04658113821158916,1738200000000
2019-05-21 02:45:00+00:00,0.020472318134435473,0.012542669710096467,1738500000000
2019-05-21 02:50:00+00:00,0.01418388294586019,0.0,1738800000000
2019-05-21 02:55:00+00:00,0.020007635001352914,0.011684081192539377,1739100000000
2019-05-21 03:00:00+00:00,0.08639997150344429,0.045576752444464304,1739400000000
2019-05-21 03:05:00+00:00,0.02162342776091913,0.06863875950149806,1739700000000
2019-05-21 03:10:00+00:00,0.039391733860429115,0.04463391230675774,1740000000000
2019-05-21 03:15:00+00:00,0.0186524980093787,0.012184725919791566,1740300000000
2019-05-21 03:20:00+00:00,0.04004206560338624,0.02178690565804765,1740600000000
2019-05-21 03:25:00+00:00,0.03191625011572396,0.03817088731906368,1740900000000
2019-05-21 03:30:00+00:00,0.031058749327430864,0.03861249280302281,1741200000000
2019-05-21 03:35:00+00:00,0.07827874561168942,0.0,1741500000000
2019-05-21 03:40:00+00:00,0.06811834492214199,0.053730870047951865,1741800000000
2019-05-21 03:45:00+00:00,0.050024397995043046,0.03057396967659836,1742100000000
2019-05-21 03:50:00+00:00,0.00395970891798781,0.0,1742400000000
2019-05-21 03:55:00+00:00,0.04561660458864768,0.04497424554567214,1742700000000
2019-05-21 04:00:00+00:00,0.10972721795476917,0.1107600910440268,1743000000000
2019-05-21 04:05:00+00:00,0.05391900688485357,0.04348732306746776,1743300000000
2019-05-21 04:10:00+00:00,0.08349650390026228,0.07210647118529465,1743600000000
2019-05-21 04:15:00+00:00,0.09320387783953629,0.09200470854300985,1743900000000
2019-05-21 04:20:00+00:00,0.07170876127823549,0.02642001375254026,1744200000000
2019-05-21 04:25:00+00:00,0.05348767499493948,0.0,1744500000000
2019-05-21 04:30:00+00:00,0.024641238509578292,0.027922064371937012,1744800000000
2019-05-21 04:35:00+00:00,0.09008144731851167,0.04909663766227798,1745100000000
2019-05-21 04:40:00+00:00,0.06317963622245688,0.010424312686043269,1745400000000
2019-05-21 04:45:00+00:00,0.0860987559089461,0.05009585482265179,1745700000000
2019-05-21 04:50:00+00:00,0.060703278838128566,0.050972914778689545,1746000000000
2019-05-21 04:55:00+00:00,0.08354034153039226,0.04714477162294815,1746300000000
2019-05-21 05:00:00+00:00,0.09268485766597435,0.039874361984883866,1746600000000
2019-05-21 05:05:00+00:00,0.1005662099941838,0.05586958479058007,1746900000000
2019-05-21 05:10:00+00:00,0.3602784125679581,0.21577751823474797,1747200000000
2019-05-21 05:15:00+00:00,0.3528934205084977,0.17314640705257697,1747500000000
2019-05-21 05:20:00+00:00,0.2634115789209768,0.1551914482891722,1747800000000
2019-05-21 05:25:00+00:00,0.1882667555580693,0.08607324389194373,1748100000000
2019-05-21 05:30:00+00:00,0.16599320689331276,0.11277644317640957,1748400000000
2019-05-21 05:35:00+00:00,0.1152880305082881,0.0379519667932373,1748700000000
2019-05-21 05:40:00+00:00,0.12108287169573262,0.09290356710845829,1749000000000
2019-05-21 05:45:00+00:00,0.1483905120225124,0.0808510058292286,1749300000000
2019-05-21 05:50:00+00:00,0.11970033738270722,0.06096068829418408,1749600000000
2019-05-21 05:55:00+00:00,0.1253214858685514,0.08108198346717028,1749900000000
2019-05-21 06:00:00+00:00,0.10893631237533741,0.048041098520734606,1750200000000
2019-05-21 06:05:00+00:00,0.15069719170183177,0.09599323010370034,1750500000000
2019-05-21 06:10:00+00:00,0.14125686716414043,0.07011194480471684,1750800000000
2019-05-21 06:15:00+00:00,0.1324515815053066,0.06833625865668856,1751100000000
2019-05-21 06:20:00+00:00,0.10603542309839614,0.07172833724562039,1751400000000
2019-05-21 06:25:00+00:00,0.1762877195733393,0.08300101706931592,1751700000000
2019-05-21 06:30:00+00:00,0.12610866287721983,0.050378451691084764,1752000000000
2019-05-21 06:35:00+00:00,0.14209016996331497,0.09021861212619582,1752300000000
2019-05-21 06:40:00+00:00,0.16432522798267152,0.09805713973981522,1752600000000
2019-05-21 06:45:00+00:00,0.1364573897300857,0.08524828873423926,1752900000000
2019-05-21 06:50:00+00:00,0.133734635414539,0.08679356598315181,1753200000000
2019-05-21 06:55:00+00:00,0.12432670997269155,0.07574353705975455,1753500000000
2019-05-21 07:00:00+00:00,0.184409462490156,0.12280752997343497,1753800000000
2019-05-21 07:05:00+00:00,0.16225118276567993,0.09929943539898112,1754100000000
2019-05-21 07:10:00+00:00,0.23484571621955136,0.10076135173822476,1754400000000
2019-05-21 07:15:00+00:00,0.1595371518161889,0.06076459919647624,1754700000000
2019-05-21 07:20:00+00:00,0.1640962232524944,0.1370167175563383,1755000000000
2019-05-21 07:25:00+00:00,0.17429395744795803,0.10457781180995207,1755300000000
2019-05-21 07:30:00+00:00,0.19351520795753438,0.13511395780886257,1755600000000
2019-05-21 07:35:00+00:00,0.18227182559199376,0.10244901724265473,1755900000000
2019-05-21 07:40:00+00:00,0.20691716131893484,0.1229899949034823,1756200000000
2019-05-21 07:45:00+00:00,0.17806320239974321,0.09777062835442905,1756500000000
2019-05-21 07:50:00+00:00,0.17293601317153795,0.15308015453215007,1756800000000
2019-05-21 07:55:00+00:00,0.16750346499417074,0.10556692744378529,1757100000000
2019-05-21 08:00:00+00:00,0.16186184997458916,0.08641995187462954,1757400000000
2019-05-21 08:05:00+00:00,0.19880183055680034,0.08625030406547637,1757700000000
2019-05-21 08:10:00+00:00,0.20593644611527082,0.16303653652387953,1758000000000
2019-05-21 08:15:00+00:00,0.20208179440327495,0.1179835089373989,1758300000000
2019-05-21 08:20:00+00:00,0.24229347028529033,0.16026066456240615,1758600000000
2019-05-21 08:25:00+00:00,0.24465982922447693,0.16391584334081707,1758900000000
2019-05-21 08:30:00+00:00,0.21603482126908669,0.12036428229284458,1759200000000
2019-05-21 08:35:00+00:00,0.18944065411932498,0.12711344797931812,1759500000000
2019-05-21 08:40:00+00:00,0.21652848373632363,0.11783432450676183,1759800000000
2019-05-21 08:45:00+00:00,0.21836377772000296,0.11120973939121347,1760100000000
2019-05-21 08:50:00+00:00,0.21966805411901014,0.15509012632165034,1760400000000
2019-05-21 08:55:00+00:00,0.22125869140048782,0.1295914272438487,1760700000000
2019-05-21 09:00:00+00:00,0.22449675926348517,0.1450683122301442,1761000000000
2019-05-21 09:05:00+00:00,0.23213765087989585,0.14750101040557292,1761300000000
2019-05-21 09:10:00+00:00,0.22940855632298657,0.1504037729948977,1761600000000
2019-05-21 09:15:00+00:00,0.24848408796102314,0.11795971409258137,1761900000000
2019-05-21 09:20:00+00:00,0.25366959634149994,0.14049594717857256,1762200000000
2019-05-21 09:25:00+00:00,0.230339215164727,0.1317140259489077,1762500000000
2019-05-21 09:30:00+00:00,0.27600764089716157,0.14897501108026712,1762800000000
2019-05-21 09:35:00+00:00,0.23296266682553168,0.14835773705564675,1763100000000
2019-05-21 09:40:00+00:00,0.22212790547815214,0.15701460483880925,1763400000000
2019-05-21 09:45:00+00:00,0.26396100327268385,0.18528029507053626,1763700000000
2019-05-21 09:50:00+00:00,0.4473357968106104,0.26161738278216856,1764000000000
2019-05-21 09:55:00+00:00,0.3074226585414828,0.19029291237404783,1764300000000
2019-05-21 10:00:00+00:00,0.2134971052123219,0.13701113321719513,1764600000000
2019-05-21 10:05:00+00:00,0.29103868774134284,0.1870483345288763,1764900000000
2019-05-21 10:10:00+00:00,0.2781919375819853,0.1493524610877383,1765200000000
2019-05-21 10:15:00+00:00,0.2362297135799758,0.1781494335132848,1765500000000
2019-05-21 10:20:00+00:00,0.23809284780079484,0.1613861123674058,1765800000000
2019-05-21 10:25:00+00:00,0.3024781510609793,0.2005398775104364,1766100000000
2019-05-21 10:30:00+00:00,0.2555843318067325,0.17741980022204745,1766400000000
2019-05-21 10:35:00+00:00,0.25488137230665625,0.16361154222931343,1766700000000
2019-05-21 10:40:00+00:00,0.22741062901267825,0.1159001089465875,1767000000000
2019-05-21 10:45:00+00:00,0.26681562197890246,0.15730991855623935,1767300000000
2019-05-21 10:50:00+00:00,0.2703087058710741,0.12916415562140615,1767600000000
2019-05-21 10:55:00+00:00,0.29013678453772285,0.1823835209166154,1767900000000
2019-05-21 11:00:00+00:00,0.2487406387130045,0.14586011006449176,1768200000000
2019-05-21 11:05:00+00:00,0.24714279684939947,0.14747523043910102,1768500000000
2019-05-21 11:10:00+00:00,0.28732476487463077,0.19647488152649148,1768800000000
2019-05-21 11:15:00+00:00,0.2991273934850258,0.1703365553198863,1769100000000
2019-05-21 11:20:00+00:00,0.24818700481836303,0.1438697397155763,1769400000000
2019-05-21 11:25:00+00:00,0.3017872860739365,0.18151183756362624,1769700000000
2019-05-21 11:30:00+00:00,0.28138423270247437,0.13203069463321196,1770000000000
2019-05-21 11:35:00+00:00,0.3028751130703965,0.17640379472699783,1770300000000
2019-05-21 11:40:00+00:00,0.279969241927854,0.11826564691098873,1770600000000
2019-05-21 11:45:00+00:00,0.2311916134693649,0.12700453684370414,1770900000000
2019-05-21 11:50:00+00:00,0.2787901078131801,0.18437784575576457,1771200000000
2019-05-21 11:55:00+00:00,0.3031532915465228,0.19083730609293506,1771500000000
2019-05-21 12:00:00+00:00,0.2641250796183257,0.14657864156191389,1771800000000
2019-05-21 12:05:00+00:00,0.2742188935727262,0.16534730050811197,1772100000000
2019-05-21 12:10:00+00:00,0.27836234094403683,0.14551761322381399,1772400000000
2019-05-21 12:15:00+00:00,0.22373022755508748,0.13419126847006208,1772700000000
2019-05-21 12:20:00+00:00,0.3149117117780669,0.24755343277669037,1773000000000
2019-05-21 12:25:00+00:00,0.26315038157984894,0.19480625535534798,1773300000000
2019-05-21 12:30:00+00:00,0.29091477118886094,0.1756013053136618,1773600000000
2019-05-21 12:35:00+00:00,0.27861742606942175,0.1703733389399605,1773900000000
2019-05-21 12:40:00+00:00,0.3049846551901299,0.1633994868213869,1774200000000
2019-05-21 12:45:00+00:00,0.2873639145090467,0.156382566546407,1774500000000
2019-05-21 12:50:00+00:00,0.2738848045264592,0.1715745691579694,1774800000000
2019-05-21 12:55:00+00:00,0.2599837863993813,0.14549242052689906,1775100000000
2019-05-21 13:00:00+00:00,0.29301255463766973,0.19389052467963347,1775400000000
2019-05-21 13:05:00+00:00,0.23871920763435275,0.1746252382001668,1775700000000
2019-05-21 13:10:00+00:00,0.2881697954621955,0.17955429297293807,1776000000000
2019-05-21 13:15:00+00:00,0.25226695772650104,0.15339491875269914,1776300000000
2019-05-21 13:20:00+00:00,0.2982217885792422,0.14531748064933228,1776600000000
2019-05-21 13:25:00+00:00,0.27526328235678443,0.18011017431951165,1776900000000
2019-05-21 13:30:00+00:00,0.283714405233695,0.14735521710943583,1777200000000
2019-05-21 13:35:00+00:00,0.27120038703330046,0.15436004964731187,1777500000000
2019-05-21 13:40:00+00:00,0.2331764039304557,0.15909736020597612,1777800000000
2019-05-21 13:45:00+00:00,0.2496079946286638,0.1703599600633789,1778100000000
2019-05-21 13:50:00+00:00,0.2788049672845154,0.1579528298237069,1778400000000
2019-05-21 13:55:00+00:00,0.2671615741477688,0.15211863379026155,1778700000000
2019-05-21 14:00:00+00:00,0.2858569420071121,0.1575277877391338,1779000000000
2019-05-21 14:05:00+00:00,0.2686494940839075,0.13723262154382626,1779300000000
2019-05-21 14:10:00+00:00,0.2395357901689909,0.1310255644593097,1779600000000
2019-05-21 14:15:00+00:00,0.24117415909096956,0.11244189507628795,1779900000000
2019-05-21 14:20:00+00:00,0.25732004334270325,0.16805327763578723,1780200000000
2019-05-21 14:25:00+00:00,0.2070885870978967,0.13214362436197555,1780500000000
2019-05-21 14:30:00+00:00,0.28488850542281063,0.18214368895109664,1780800000000
2019-05-21 14:35:00+00:00,0.25824816274704093,0.1358608166367217,1781100000000
2019-05-21 14:40:00+00:00,0.2718918028532683,0.13923367044165985,1781400000000
2019-05-21 14:45:00+00:00,0.2136222256389967,0.1292436208696692,1781700000000
2019-05-21 14:50:00+00:00,0.2679551259508465,0.16205512686951237,1782000000000
2019-05-21 14:55:00+00:00,0.2854706836406304,0.16833701363411932,1782300000000
2019-05-21 15:00:00+00:00,0.2883616866336573,0.16722734659643737,1782600000000
2019-05-21 15:05:00+00:00,0.31568800186741086,0.22362831667433425,1782900000000
2019-05-21 15:10:00+00:00,0.2857135086768668,0.17994860544197963,1783200000000
2019-05-21 15:15:00+00:00,0.24018574497958778,0.18352501481708247,1783500000000
2019-05-21 15:20:00+00:00,0.26626814160833434,0.18514018547363326,1783800000000
2019-05-21 15:25:00+00:00,0.25837267668144215,0.18908902452921217,1784100000000
2019-05-21 15:30:00+00:00,0.21187501663126554,0.10563575465163927,1784400000000
2019-05-21 15:35:00+00:00,0.2446119998818656,0.15863061974907994,1784700000000
2019-05-21 15:40:00+00:00,0.18531230842798263,0.10255207527692212,1785000000000
2019-05-21 15:45:00+00:00,0.1860654120239465,0.07837151298717723,1785300000000
2019-05-21 15:50:00+00:00,0.21596577805268707,0.15949953022272273,1785600000000
2019-05-21 15:55:00+00:00,0.21097647206130146,0.1207120327226683,1785900000000
2019-05-21 16:00:00+00:00,0.19333519689818518,0.09489908553357741,1786200000000
2019-05-21 16:05:00+00:00,0.22102075961290257,0.12432117850276767,1786500000000
2019-05-21 16:10:00+00:00,0.21257462271402017,0.11162029117293572,1786800000000
2019-05-21 16:15:00+00:00,0.21621441828486226,0.115854691618584,1787100000000
2019-05-21 16:20:00+00:00,0.1936522327762807,0.11175927186211543,1787400000000
2019-05-21 16:25:00+00:00,0.20519971994949185,0.15773613583058996,1787700000000
2019-05-21 16:30:00+00:00,0.1812395087941636,0.09541736094560564,1788000000000
2019-05-21 16:35:00+00:00,0.22820596843317664,0.1701089943442898,1788300000000
2019-05-21 16:40:00+00:00,0.16782988387418546,0.1176746662441017,1788600000000
2019-05-21 16:45:00+00:00,0.2231135350513089,0.14179355230250704,1788900000000
2019-05-21 16:50:00+00:00,0.17860918442298293,0.12212791129882725,1789200000000
2019-05-21 16:55:00+00:00,0.14728357875771725,0.0886432605313795,1789500000000
2019-05-21 17:00:00+00:00,0.1990177771084829,0.14513166834235824,1789800000000
2019-05-21 17:05:00+00:00,0.17101813383904735,0.11395048556877042,1790100000000
2019-05-21 17:10:00+00:00,0.18234953516943186,0.07611640140114885,1790400000000
2019-05-21 17:15:00+00:00,0.18661566667326812,0.11789443864176018,1790700000000
2019-05-21 17:20:00+00:00,0.16569522662183067,0.1150965988329507,1791000000000
2019-05-21 17:25:00+00:00,0.14387646881001134,0.08054585691398246,1791300000000
2019-05-21 17:30:00+00:00,0.17200986305305818,0.10573103528611355,1791600000000
2019-05-21 17:35:00+00:00,0.1492756969324415,0.07730825826597676,1791900000000
2019-05-21 17:40:00+00:00,0.15973496222876146,0.06828846421598567,1792200000000
2019-05-21 17:45:00+00:00,0.09969419124202614,0.028808977326590882,1792500000000
2019-05-21 17:50:00+00:00,0.14845476466722082,0.05833149905895521,1792800000000
2019-05-21 17:55:00+00:00,0.12348662736339217,0.08747287126744593,1793100000000
2019-05-21 18:00:00+00:00,0.16606619274357295,0.04983408147861719,1793400000000
2019-05-21 18:05:00+00:00,0.14220340309148533,0.07199244331562156,1793700000000
2019-05-21 18:10:00+00:00,0.1312820245899626,0.06345614904907002,1794000000000
2019-05-21 18:15:00+00:00,0.1329573971491495,0.0741312475697404,1794300000000
2019-05-21 18:20:00+00:00,0.10001337708587295,0.02287939525279971,1794600000000
2019-05-21 18:25:00+00:00,0.14920454702721195,0.09760049011113953,1794900000000
2019-05-21 18:30:00+00:00,0.15333181286866115,0.06653585983799871,1795200000000
2019-05-21 18:35:00+00:00,0.11813698450470132,0.09353030151700617,1795500000000
2019-05-21 18:40:00+00:00,0.138871955832543,0.07088785974774915,1795800000000
2019-05-21 18:45:00+00:00,0.09247848772412935,0.053574832166239206,1796100000000
2019-05-21 18:50:00+00:00,0.08473067547367372,0.05091388241530835,1796400000000
2019-05-21 18:55:00+00:00,0.09831838890343073,0.06387585439926988,1796700000000
2019-05-21 19:00:00+00:00,0.10304263066864756,0.06256586595111138,1797000000000
2019-05-21 19:05:00+00:00,0.08332646982604185,0.04145367092097247,1797300000000
2019-05-21 19:10:00+00:00,0.09884393832617125,0.0661673336095836,1797600000000
2019-05-21 19:15:00+00:00,0.09112020317933009,0.06399506451749713,1797900000000
2019-05-21 19:20:00+00:00,0.06195306521755008,0.021869145788337634,1798200000000
2019-05-21 19:25:00+00:00,0.0892462657175901,0.0620751158100252,1798500000000
2019-05-21 19:30:00+00:00,0.09311804999566733,0.07970523604543432,1798800000000
2019-05-21 19:35:00+00:00,0.07628127176188707,0.059886646979223294,1799100000000
2019-05-21 19:40:00+00:00,0.09293800058190821,0.07441030518208866,1799400000000
2019-05-21 19:45:00+00:00,0.042600287263875644,0.028998589336474295,1799700000000
2019-05-21 19:50:00+00:00,0.07340227201294003,0.025318354286266432,1800000000000
2019-05-21 19:55:00+00:00,0.037765514978600076,0.006466419793087142,1800300000000
2019-05-21 20:00:00+00:00,0.03605170616867141,0.028028783058291082,1800600000000
2019-05-21 20:05:00+00:00,0.04291261682338853,0.044602844597079326,1800900000000
2019-05-21 20:10:00+00:00,0.03392496618760346,0.0760732179924432,1801200000000
2019-05-21 20:15:00+00:00,0.03907954867223824,0.043084168092115016,1801500000000
2019-05-21 20:20:00+00:00,0.0430694172220065,0.0024329351832538607,1801800000000
2019-05-21 20:25:00+00:00,0.06144942024986694,0.021524200702720514,1802100000000
2019-05-21 20:30:00+00:00,0.03567927154124384,0.06697790924386628,1802400000000
2019-05-21 20:35:00+00:00,0.00782952059255463,0.00040993371599721065,1802700000000
2019-05-21 20:40:00+00:00,0.05982765992136703,0.036846888648045986,1803000000000
2019-05-21 20:45:00+00:00,0.017814658396022913,0.0,1803300000000
2019-05-21 20:50:00+00:00,0.030959282537781775,0.04987763763415394,1803600000000
2019-05-21 20:55:00+00:00,0.038689882882583425,0.03322059387596256,1803900000000
2019-05-21 21:00:00+00:00,0.03142619119007245,0.0033636877563372365,1804200000000
2019-05-21 21:05:00+00:00,0.04704288553035736,0.008349225541068993,1804500000000
2019-05-21 21:10:00+00:00,0.03251624012411415,0.025653822992425933,1804800000000
2019-05-21 21:15:00+00:00,0.003539503950878098,0.003007825868135909,1805100000000
2019-05-21 21:20:00+00:00,0.06222013256753993,0.0539742838849465,1805400000000
2019-05-21 21:25:00+00:00,0.020473441247277794,0.023223434210910672,1805700000000
2019-05-21 21:30:00+00:00,0.011633527757219209,0.0016905096789590736,1806000000000
2019-05-21 21:35:00+00:00,0.031909040043210345,0.008269392116698878,1806300000000
2019-05-21 21:40:00+00:00,0.015727323386363262,0.006237551065841278,1806600000000
2019-05-21 21:45:00+00:00,0.01688912201340459,0.0,1806900000000
2019-05-21 21:50:00+00:00,0.056973851988969926,0.03158040053728672,1807200000000
2019-05-21 21:55:00+00:00,0.0,0.0003288185723876339,1807500000000
2019-05-21 22:00:00+00:00,0.0,0.0,1807800000000
2019-05-21 22:05:00+00:00,0.004503112439679705,0.01531546470576543,1808100000000
2019-05-21 22:10:00+00:00,0.02207313817933123,0.005835328618205331,1808400000000
2019-05-21 22:15:00+00:00,0.0,0.0,1808700000000
2019-05-21 22:20:00+00:00,0.0,0.0,1809000000000
2019-05-21 22:25:00+00:00,0.0,0.004845163132405726,1809300000000
2019-05-21 22:30:00+00:00,0.0,0.0016607639962660692,1809600000000
2019-05-21 22:35:00+00:00,0.0,0.008442362298089243,1809900000000
2019-05-21 22:40:00+00:00,0.0028738785824780327,0.0196912496509974,1810200000000
2019-05-21 22:45:00+00:00,0.0,0.026098804080160663,1810500000000
2019-05-21 22:50:00+00:00,0.0,0.005709723253761064,1810800000000
2019-05-21 22:55:00+00:00,0.0,0.0,1811100000000
2019-05-21 23:00:00+00:00,0.0061953290822765565,0.0,1811400000000
2019-05-21 23:05:00+00:00,0.0,0.0,1811700000000
2019-05-21 23:10:00+00:00,0.0038213580092401785,0.036229896279789744,1812000000000
2019-05-21 23:15:00+00:00,0.0031033320142823603,0.04161001685911268,1812300000000
2019-05-21 23:20:00+00:00,0.0052494279801906935,0.01615588073804127,1812600000000
2019-05-21 23:25:00+00:00,0.010018155505047237,0.023180070155808953,1812900000000
2019-05-21 23:30:00+00:00,0.02924021595378737,0.022562993437005602,1813200000000
2019-05-21 23:35:00+00:00,0.0,0.007321118309215825,1813500000000
2019-05-21 23:40:00+00:00,0.0,0.0,1813800000000
2019-05-21 23:45:00+00:00,0.0,0.0,1814100000000
2019-05-21 23:50:00+00:00,0.0,0.0,1814400000000
2019-05-21 23:55:00+00:00,0.014679274161851066,0.014434695247878044,1814700000000
2019-05-22 00:00:00+00:00,0.007099710321386624,0.0030676292850612906,1815000000000
2019-05-22 00:05:00+00:00,0.01682859138359103,0.0490335940770769,1815300000000
2019-05-22 00:10:00+00:00,0.061714163270590344,0.05536105173681104,1815600000000
2019-05-22 00:15:00+00:00,0.054763558318917896,0.038548374641783636,1815900000000
2019-05-22 00:20:00+00:00,0.02736371790545205,0.011079437000478708,1816200000000
2019-05-22 00:25:00+00:00,0.05204903373351119,0.06474984941530532,1816500000000
2019-05-22 00:30:00+00:00,0.042190920977102114,0.024715459663730673,1816800000000
2019-05-22 00:35:00+00:00,0.06584848783207807,0.0461425719319524,1817100000000
2019-05-22 00:40:00+00:00,0.03788014003581546,0.023573076110025976,1817400000000
2019-05-22 00:45:00+00:00,0.05751985021696704,0.026428832016033767,1817700000000
2019-05-22 00:50:00+00:00,0.09053472603075116,0.0550509600661611,1818000000000
2019-05-22 00:55:00+00:00,0.0504134504067376,0.0,1818300000000
2019-05-22 01:00:00+00:00,0.040264356039203905,0.0,1818600000000
2019-05-22 01:05:00+00:00,0.05462201710208635,0.03976582109464436,1818900000000
2019-05-22 01:10:00+00:00,0.033831284668131775,0.05166276461142879,1819200000000
2019-05-22 01:15:00+00:00,0.08992816801956233,0.06092132289462077,1819500000000
2019-05-22 01:20:00+00:00,0.04686974985825561,0.013714472817020285,1819800000000
2019-05-22 01:25:00+00:00,0.03897626431418086,0.0,1820100000000
2019-05-22 01:30:00+00:00,0.028954290022905813,0.03306311922325626,1820400000000
2019-05-22 01:35:00+00:00,0.06891157085309986,0.030003039491557894,1820700000000
2019-05-22 01:40:00+00:00,0.06567535797883581,0.05226992315835268,1821000000000
2019-05-22 01:45:00+00:00,0.039813668008480255,0.031685503966402497,1821300000000
2019-05-22 01:50:00+00:00,0.06278295748127102,0.0472357823338564,1821600000000
2019-05-22 01:55:00+00:00,0.02263931172406116,0.014255621181507815,1821900000000
2019-05-22 02:00:00+00:00,0.058128934267132525,0.04255024825967234,1822200000000
2019-05-22 02:05:00+00:00,0.0651655686628135,0.0367102531725614,1822500000000
2019-05-22 02:10:00+00:00,0.09199899043036175,0.04249326357085298,1822800000000
2019-05-22 02:15:00+00:00,0.04423818210004547,0.007272928049706254,1823100000000
2019-05-22 02:20:00+00:00,0.03594902966949436,0.0,1823400000000
2019-05-22 02:25:00+00:00,0.045527527919154945,0.023694325503402777,1823700000000
2019-05-22 02:30:00+00:00,0.03868229561668304,0.05359694102904888,1824000000000
2019-05-22 02:35:00+00:00,0.0941810302468026,0.0711102199988335,1824300000000
2019-05-22 02:40:00+00:00,0.10051056387707775,0.06486052069576581,1824600000000
2019-05-22 02:45:00+00:00,0.07808669377046214,0.03217191637649426,1824900000000
2019-05-22 02:50:00+00:00,0.09830652061440785,0.07893069688382626,1825200000000
2019-05-22 02:55:00+00:00,0.0788106844137534,0.04490022441219154,1825500000000
2019-05-22 03:00:00+00:00,0.07653174986800003,0.07741773619658118,1825800000000
2019-05-22 03:05:00+00:00,0.07412617814047331,0.024853961618390364,1826100000000
2019-05-22 03:10:00+00:00,0.07698142680787706,0.031189465525273106,1826400000000
2019-05-22 03:15:00+00:00,0.05468376327547807,0.015864859080894272,1826700000000
2019-05-22 03:20:00+00:00,0.09342250937472012,0.02641113821615181,1827000000000
2019-05-22 03:25:00+00:00,0.08987424541255291,0.0351836535436965,1827300000000
2019-05-22 03:30:00+00:00,0.10817633346358381,0.06697012527346863,1827600000000
2019-05-22 03:35:00+00:00,0.09777124489645769,0.04441872644086206,1827900000000
2019-05-22 03:40:00+00:00,0.09532057162707247,0.0,1828200000000
2019-05-22 03:45:00+00:00,0.08386560444690663,0.07180482861654641,1828500000000
2019-05-22 03:50:00+00:00,0.10548701237330325,0.02961033283703384,1828800000000
2019-05-22 03:55:00+00:00,0.12160153367002137,0.08474548589974557,1829100000000
2019-05-22 04:00:00+00:00,0.08679988684498749,0.05270422390038379,1829400000000
2019-05-22 04:05:00+00:00,0.11428171529126342,0.1109164855031649,1829700000000
2019-05-22 04:10:00+00:00,0.12009301148977972,0.09199495652432021,1830000000000
2019-05-22 04:15:00+00:00,0.10400373412811802,0.05231014856717132,1830300000000
2019-05-22 04:20:00+00:00,0.10957235686295692,0.05170214287066791,1830600000000
2019-05-22 04:25:00+00:00,0.12893632460762386,0.10741634838056002,1830900000000
2019-05-22 04:30:00+00:00,0.10467906477938654,0.03329001692560368,1831200000000
2019-05-22 04:35:00+00:00,0.1373966574513194,0.0862555931891658,1831500000000
2019-05-22 04:40:00+00:00,0.11556766880574479,0.06671819201845343,1831800000000
2019-05-22 04:45:00+00:00,0.15783282073185756,0.08783517106502102,1832100000000
2019-05-22 04:50:00+00:00,0.1864562405376808,0.11894402401157698,1832400000000
2019-05-22 04:55:00+00:00,0.12562995630575885,0.07916917099362882,1832700000000
2019-05-22 05:00:00+00:00,0.1566946338154478,0.10316479514510356,1833000000000
2019-05-22 05:05:00+00:00,0.13465950027565846,0.08357521321266075,1833300000000
2019-05-22 05:10:00+00:00,0.17321425249634934,0.11228217959815455,1833600000000
2019-05-22 05:15:00+00:00,0.13030628351587373,0.08005107396815613,1833900000000
2019-05-22 05:20:00+00:00,0.16845339740740445,0.08788350070011637,1834200000000
2019-05-22 05:25:00+00:00,0.14462449051150347,0.086854719511634,1834500000000
2019-05-22 05:30:00+00:00,0.16119804605169122,0.08243109643693433,1834800000000
2019-05-22 05:35:00+00:00,0.14798001882481376,0.07318047920027125,1835100000000
2019-05-22 05:40:00+00:00,0.18831809245021353,0.10626785541577306,1835400000000
2019-05-22 05:45:00+00:00,0.15840825686002225,0.09265649090129649,1835700000000
2019-05-22 05:50:00+00:00,0.1894685993040556,0.11438566570938957,1836000000000
2019-05-22 05:55:00+00:00,0.1748319177906812,0.12322672722167533,1836300000000
2019-05-22 06:00:00+00:00,0.18271055256402305,0.09965704988759695,1836600000000
2019-05-22 06:05:00+00:00,0.1912412397920753,0.11868178240474159,1836900000000
2019-05-22 06:10:00+00:00,0.1763341924494003,0.10816106974851655,1837200000000
2019-05-22 06:15:00+00:00,0.19905947832200435,0.1072631212438813,1837500000000
2019-05-22 06:20:00+00:00,0.22873560825479466,0.13871618067700767,1837800000000
2019-05-22 06:25:00+00:00,0.18583757995558214,0.13155697627689555,1838100000000
2019-05-22 06:30:00+00:00,0.22809846503181888,0.14058920335675934,1838400000000
2019-05-22 06:35:00+00:00,0.23787768282046576,0.1472582882728256,1838700000000
2019-05-22 06:40:00+00:00,0.19483523798058952,0.10279457616950036,1839000000000
2019-05-22 06:45:00+00:00,0.18528745620060733,0.15054965074446192,1839300000000
2019-05-22 06:50:00+00:00,0.22364404898303816,0.12121930198337287,1839600000000
2019-05-22 06:55:00+00:00,0.20985751117136842,0.09255883749187148,1839900000000
2019-05-22 07:00:00+00:00,0.2613615878153064,0.17402063509354537,1840200000000
2019-05-22 07:05:00+00:00,0.22785105847019785,0.13441429428915017,1840500000000
2019-05-22 07:10:00+00:00,0.21425632620938218,0.1224929593066878,1840800000000
2019-05-22 07:15:00+00:00,0.21048106290857313,0.11537756213691333,1841100000000
2019-05-22 07:20:00+00:00,0.2583233429028884,0.1924282982280498,1841400000000
2019-05-22 07:25:00+00:00,0.22817813737198125,0.1439986879952824,1841700000000
2019-05-22 07:30:00+00:00,0.24352909084397412,0.15711247893928618,1842000000000
2019-05-22 07:35:00+00:00,0.2647919472699506,0.1621274808336157,1842300000000
2019-05-22 07:40:00+00:00,0.23898535000026314,0.14879220226906179,1842600000000
2019-05-22 07:45:00+00:00,0.250716393624714,0.17840232838601666,1842900000000
2019-05-22 07:50:00+00:00,0.25423647934436006,0.14752479438206212,1843200000000
2019-05-22 07:55:00+00:00,0.2711342500126775,0.13354179909719188,1843500000000
2019-05-22 08:00:00+00:00,0.27214822004353867,0.18065002511067874,1843800000000
2019-05-22 08:05:00+00:00,0.2587609363212021,0.1651905940375691,1844100000000
2019-05-22 08:10:00+00:00,0.26722903359306643,0.1624970164135407,1844400000000
2019-05-22 08:15:00+00:00,0.2612749547224715,0.1661800376644386,1844700000000
2019-05-22 08:20:00+00:00,0.2418731062031573,0.1377089793160109,1845000000000
2019-05-22 08:25:00+00:00,0.27925124218027764,0.16796459696525176,1845300000000
2019-05-22 08:30:00+00:00,0.3145747162346355,0.1861108246635831,1845600000000
2019-05-22 08:35:00+00:00,0.26164469356934206,0.1451570510001869,1845900000000
2019-05-22 08:40:00+00:00,0.2664019917053698,0.18362465068532194,1846200000000
2019-05-22 08:45:00+00:00,0.2669456501654701,0.13192221755092606,1846500000000
2019-05-22 08:50:00+00:00,0.3013025889390345,0.22799919679968003,1846800000000
2019-05-22 08:55:00+00:00,0.2981827785623807,0.1964569113215579,1847100000000
2019-05-22 09:00:00+00:00,0.2883952633296529,0.13747764730374468,1847400000000
2019-05-22 09:05:00+00:00,0.27550810196507247,0.16082153458922488,1847700000000
2019-05-22 09:10:00+00:00,0.29796691413209686,0.17540923016118695,1848000000000
2019-05-22 09:15:00+00:00,0.2670251952417959,0.1680528497239198,1848300000000
2019-05-22 09:20:00+00:00,0.3033307533605532,0.1622108866015375,1848600000000
2019-05-22 09:25:00+00:00,0.3199826046301361,0.19263006964544602,1848900000000
2019-05-22 09:30:00+00:00,0.27956235164434534,0.16531502302415424,1849200000000
2019-05-22 09:35:00+00:00,0.2759135473257513,0.150795761143982,1849500000000
2019-05-22 09:40:00+00:00,0.3400726755883567,0.18650856072358935,1849800000000
2019-05-22 09:45:00+00:00,0.2981102490552917,0.19724224236722215,1850100000000
2019-05-22 09:50:00+00:00,0.33486656267969717,0.16698828680696642,1850400000000
2019-05-22 09:55:00+00:00,0.31080960507476185,0.19604334176677815,1850700000000
2019-05-22 10:00:00+00:00,0.3123313808955065,0.20334903467486637,1851000000000
2019-05-22 10:05:00+00:00,0.32595782290161496,0.19120352697420065,1851300000000
2019-05-22 10:10:00+00:00,0.30106609228624887,0.18168711216624922,1851600000000
2019-05-22 10:15:00+00:00,0.3228891874331492,0.21700341245383714,1851900000000
2019-05-22 10:20:00+00:00,0.31403860198123734,0.17432613097426125,1852200000000
2019-05-22 10:25:00+00:00,0.29662296411092853,0.16594072988877465,1852500000000
2019-05-22 10:30:00+00:00,0.3310815713712201,0.18873926920074588,1852800000000
2019-05-22 10:35:00+00:00,0.3202989131437508,0.2154858598707161,1853100000000
2019-05-22 10:40:00+00:00,0.3235911743267701,0.2200005795337562,1853400000000
2019-05-22 10:45:00+00:00,0.3036279672226494,0.15425897564431726,1853700000000
2019-05-22 10:50:00+00:00,0.3606911055230455,0.23653947826006005,1854000000000
2019-05-22 10:55:00+00:00,0.34736120633005574,0.22479488992497912,1854300000000
2019-05-22 11:00:00+00:00,0.3500053249601338,0.24107509118507683,1854600000000
2019-05-22 11:05:00+00:00,0.3254396386453772,0.20296594382975394,1854900000000
2019-05-22 11:10:00+00:00,0.297721854389033,0.17774791022784825,1855200000000
2019-05-22 11:15:00+00:00,0.3720511397102749,0.24613501755759815,1855500000000
2019-05-22 11:20:00+00:00,0.3323881016806028,0.21341093683839696,1855800000000
2019-05-22 11:25:00+00:00,0.31918100842754077,0.236406573339499,1856100000000
2019-05-22 11:30:00+00:00,0.3429694273624004,0.2249558133166768,1856400000000
2019-05-22 11:35:00+00:00,0.3583814220489697,0.21809981275786014,1856700000000
2019-05-22 11:40:00+00:00,0.3349126380364971,0.17746549521437482,1857000000000
2019-05-22 11:45:00+00:00,0.36120867517791116,0.20510686156286434,1857300000000
2019-05-22 11:50:00+00:00,0.3574894542298383,0.18577457297734265,1857600000000
2019-05-22 11:55:00+00:00,0.3144227914250563,0.18435243413381652,1857900000000
2019-05-22 12:00:00+00:00,0.3225241978868104,0.21203587059674317,1858200000000
2019-05-22 12:05:00+00:00,0.3551289362164706,0.21300393996027206,1858500000000
2019-05-22 12:10:00+00:00,0.28163275973884777,0.1894141612185101,1858800000000
2019-05-22 12:15:00+00:00,0.3327313912891573,0.20639030944227463,1859100000000
2019-05-22 12:20:00+00:00,0.3068681362368242,0.17605903594701433,1859400000000
2019-05-22 12:25:00+00:00,0.3256468191491218,0.19714059459287236,1859700000000
2019-05-22 12:30:00+00:00,0.3288236607588208,0.2067361302763944,1860000000000
2019-05-22 12:35:00+00:00,0.3271865612342356,0.19909640470981368,1860300000000
2019-05-22 12:40:00+00:00,0.32278704902069033,0.19668591398945245,1860600000000
2019-05-22 12:45:00+00:00,0.3112999190679086,0.17139894928901103,1860900000000
2019-05-22 12:50:00+00:00,0.3784215152932522,0.218393383871107,1861200000000
2019-05-22 12:55:00+00:00,0.36920332833299363,0.26669121292288905,1861500000000
2019-05-22 13:00:00+00:00,0.30781422420490107,0.20925786433141147,1861800000000
2019-05-22 13:05:00+00:00,0.3618303687395162,0.18762140330751537,1862100000000
2019-05-22 13:10:00+00:00,0.3212626772472215,0.14541822719820569,1862400000000
2019-05-22 13:15:00+00:00,0.3308316022242337,0.20002280976351464,1862700000000
2019-05-22 13:20:00+00:00,0.32591063614217075,0.21341583957382226,1863000000000
2019-05-22 13:25:00+00:00,0.3128423186784508,0.17730655445862634,1863300000000
2019-05-22 13:30:00+00:00,0.3445089767488154,0.22713856061324803,1863600000000
2019-05-22 13:35:00+00:00,0.3260783413683405,0.19684009612114597,1863900000000
2019-05-22 13:40:00+00:00,0.3126929173688904,0.1843545248267947,1864200000000
2019-05-22 13:45:00+00:00,0.29473078902056066,0.19196077693584002,1864500000000
2019-05-22 13:50:00+00:00,0.3014852802579049,0.17025365229669756,1864800000000
2019-05-22 13:55:00+00:00,0.28500085548852944,0.1652663868570446,1865100000000
2019-05-22 14:00:00+00:00,0.3164816148693036,0.2032923141641914,1865400000000
2019-05-22 14:05:00+00:00,0.29065069097747553,0.17376249584516484,1865700000000
2019-05-22 14:10:00+00:00,0.3075586177326726,0.22271069610715827,1866000000000
2019-05-22 14:15:00+00:00,0.338497478917589,0.21697499560767378,1866300000000
2019-05-22 14:20:00+00:00,0.33324768699066953,0.21252488876105696,1866600000000
2019-05-22 14:25:00+00:00,0.30672393053584585,0.18304426540020613,1866900000000
2019-05-22 14:30:00+00:00,0.3036779731874899,0.19970187744668605,1867200000000
2019-05-22 14:35:00+00:00,0.34101071900790936,0.19815427594871268,1867500000000
2019-05-22 14:40:00+00:00,0.3117662333194644,0.19270729501566894,1867800000000
2019-05-22 14:45:00+00:00,0.2926781752576489,0.15728104421449812,1868100000000
2019-05-22 14:50:00+00:00,0.2685434604013316,0.18191490408541078,1868400000000
2019-05-22 14:55:00+00:00,0.3027181697833695,0.18744299581525753,1868700000000
2019-05-22 15:00:00+00:00,0.30915249262964006,0.22514175685174154,1869000000000
2019-05-22 15:05:00+00:00,0.2776078167659544,0.2144106577329678,1869300000000
2019-05-22 15:10:00+00:00,0.293690364022889,0.19148060744239634,1869600000000
2019-05-22 15:15:00+00:00,0.27817207303337527,0.16827175004418324,1869900000000
2019-05-22 15:20:00+00:00,0.2792930490245557,0.14865453917222204,1870200000000
2019-05-22 15:25:00+00:00,0.2307015241208064,0.1565159105376603,1870500000000
2019-05-22 15:30:00+00:00,0.27346191961031896,0.16828284304409594,1870800000000
2019-05-22 15:35:00+00:00,0.29468105552492135,0.18756933009804205,1871100000000
2019-05-22 15:40:00+00:00,0.2600195254524346,0.19060746302058562,1871400000000
2019-05-22 15:45:00+00:00,0.2710110623172484,0.14611817161708213,1871700000000
2019-05-22 15:50:00+00:00,0.2521148160070763,0.13278280623461905,1872000000000
2019-05-22 15:55:00+00:00,0.2716776000277106,0.15827804124921274,1872300000000
2019-05-22 16:00:00+00:00,0.2573362027159429,0.1708257446246022,1872600000000
2019-05-22 16:05:00+00:00,0.24004404007982377,0.155123768852184,1872900000000
2019-05-22 16:10:00+00:00,0.28260776578300284,0.15165088923588627,1873200000000
2019-05-22 16:15:00+00:00,0.2716302771368253,0.17810922429614484,1873500000000
2019-05-22 16:20:00+00:00,0.23801682620476164,0.1187858393449917,1873800000000
2019-05-22 16:25:00+00:00,0.25710388077827967,0.13750749497999065,1874100000000
2019-05-22 16:30:00+00:00,0.25490075491117015,0.1506313066029183,1874400000000
2019-05-22 16:35:00+00:00,0.2539756193316673,0.14131674667949595,1874700000000
2019-05-22 16:40:00+00:00,0.2041956813567267,0.1403145985870547,1875000000000
2019-05-22 16:45:00+00:00,0.2551397172827942,0.1588114000296984,1875300000000
2019-05-22 16:50:00+00:00,0.22051744622268324,0.16762169128615514,1875600000000
2019-05-22 16:55:00+00:00,0.22163723788026574,0.12803863542107113,1875900000000
2019-05-22 17:00:00+00:00,0.278413825143918,0.16460425206553594,1876200000000
2019-05-22 17:05:00+00:00,0.2285375736855674,0.1613301963925757,1876500000000
2019-05-22 17:10:00+00:00,0.21160060369288256,0.12514194615325364,1876800000000
2019-05-22 17:15:00+00:00,0.1720326608473013,0.1330997014625317,1877100000000
2019-05-22 17:20:00+00:00,0.2407313982178563,0.1552554031384036,1877400000000
2019-05-22 17:25:00+00:00,0.18281709229009457,0.06263452597634955,1877700000000
2019-05-22 17:30:00+00:00,0.18642681742968206,0.13540749874079852,1878000000000
2019-05-22 17:35:00+00:00,0.19663354080159157,0.1362346607433511,1878300000000
2019-05-22 17:40:00+00:00,0.2283460416906022,0.1560342771365722,1878600000000
2019-05-22 17:45:00+00:00,0.2122336024511695,0.08912059389979654,1878900000000
2019-05-22 17:50:00+00:00,0.19035838013021752,0.10095522885270956,1879200000000
2019-05-22 17:55:00+00:00,0.19642418513907245,0.10608041441230807,1879500000000
2019-05-22 18:00:00+00:00,0.17499228614257922,0.08817294433433967,1879800000000
2019-05-22 18:05:00+00:00,0.18653472992500938,0.1467592885928844,1880100000000
2019-05-22 18:10:00+00:00,0.1819516045685384,0.10893560598465035,1880400000000
2019-05-22 18:15:00+00:00,0.1966065951957754,0.11723273826488181,1880700000000
2019-05-22 18:20:00+00:00,0.19332575659218532,0.12703562016162676,1881000000000
2019-05-22 18:25:00+00:00,0.18061896086076273,0.11975740987424527,1881300000000
2019-05-22 18:30:00+00:00,0.16025745334939998,0.029456617797123386,1881600000000
2019-05-22 18:35:00+00:00,0.1791151601815385,0.09454194536593583,1881900000000
2019-05-22 18:40:00+00:00,0.1592245151370125,0.06727893752638196,1882200000000
2019-05-22 18:45:00+00:00,0.13622316432331635,0.0897400204570862,1882500000000
2019-05-22 18:50:00+00:00,0.14660719095995356,0.08218646628929119,1882800000000
2019-05-22 18:55:00+00:00,0.15319043360453777,0.09222201145274803,1883100000000
2019-05-22 19:00:00+00:00,0.16654812557458348,0.05835848036693963,1883400000000
2019-05-22 19:05:00+00:00,0.1415356400077643,0.07872433951084862,1883700000000
2019-05-22 19:10:00+00:00,0.11790460029401253,0.09304536521306382,1884000000000
2019-05-22 19:15:00+00:00,0.14012724720379724,0.11226533798432169,1884300000000
2019-05-22 19:20:00+00:00,0.13818832152450125,0.09729026130551474,1884600000000
2019-05-22 19:25:00+00:00,0.13658715794660978,0.05524298889900349,1884900000000
2019-05-22 19:30:00+00:00,0.14824491546432852,0.11413498533843959,1885200000000
2019-05-22 19:35:00+00:00,0.14723035021187628,0.10281825522712608,1885500000000
2019-05-22 19:40:00+00:00,0.11200082106904005,0.06485671196013325,1885800000000
2019-05-22 19:45:00+00:00,0.10862549397283489,0.024674570093506043,1886100000000
2019-05-22 19:50:00+00:00,0.09723928935119261,0.0774154726239659,1886400000000
2019-05-22 19:55:00+00:00,0.1291474425121442,0.06564513890761893,1886700000000
2019-05-22 20:00:00+00:00,0.14130973550008658,0.09170915772114756,1887000000000
2019-05-22 20:05:00+00:00,0.10322959493996499,0.06330563417671224,1887300000000
2019-05-22 20:10:00+00:00,0.10193755856458764,0.09193043482751814,1887600000000
2019-05-22 20:15:00+00:00,0.13337511618503967,0.07751772999107363,1887900000000
2019-05-22 20:20:00+00:00,0.11146358050052958,0.06657587649859878,1888200000000
2019-05-22 20:25:00+00:00,0.10743104461926295,0.09603093458113036,1888500000000
2019-05-22 20:30:00+00:00,0.07228412219588592,0.030206028442527785,1888800000000
2019-05-22 20:35:00+00:00,0.10711659611353407,0.08055641469627597,1889100000000
2019-05-22 20:40:00+00:00,0.07244357618126789,0.03949383125119145,1889400000000
2019-05-22 20:45:00+00:00,0.06587605734962379,0.01947479516967569,1889700000000
2019-05-22 20:50:00+00:00,0.07919825954453931,0.04754217546114104,1890000000000
2019-05-22 20:55:00+00:00,0.07204329827479773,0.057060081237038394,1890300000000
2019-05-22 21:00:00+00:00,0.0770019889343153,0.0732753901601194,1890600000000
2019-05-22 21:05:00+00:00,0.05033966188942879,0.059697676840570923,1890900000000
2019-05-22 21:10:00+00:00,0.09611250338561174,0.05177222054685639,1891200000000
2019-05-22 21:15:00+00:00,0.763868421250743,0.4385760681098015,1891500000000
2019-05-22 21:20:00+00:00,0.5936031994499921,0.34978714167844566,1891800000000
2019-05-22 21:25:00+00:00,0.5434092479684479,0.3024149337144656,1892100000000
2019-05-22 21:30:00+00:00,0.39897523959732545,0.23503741977006515,1892400000000
2019-05-22 21:35:00+00:00,0.3237276822553682,0.18740330368082572,1892700000000
2019-05-22 21:40:00+00:00,0.1966791745775543,0.13255730882966787,1893000000000
2019-05-22 21:45:00+00:00,0.06348006943623742,0.0,1893300000000
2019-05-22 21:50:00+00:00,0.05742821902853127,0.019784772495385967,1893600000000
2019-05-22 21:55:00+00:00,0.08365858126150544,0.035684782668064956,1893900000000
2019-05-22 22:00:00+00:00,0.032971095848500526,0.04352520255726082,1894200000000
2019-05-22 22:05:00+00:00,0.06832834897413011,0.018720121836457722,1894500000000
2019-05-22 22:10:00+00:00,0.076669422765501,0.05053480085228047,1894800000000
2019-05-22 22:15:00+00:00,0.06750422371423742,0.03793996594014682,1895100000000
2019-05-22 22:20:00+00:00,0.09827003245319431,0.07982287000864421,1895400000000
2019-05-22 22:25:00+00:00,0.03986045398869974,0.03583290968343079,1895700000000
2019-05-22 22:30:00+00:00,0.06831416657517753,0.0434133745815141,1896000000000
2019-05-22 22:35:00+00:00,0.045840895789640866,0.01641119998202315,1896300000000
2019-05-22 22:40:00+00:00,0.08557838033583282,0.014300178139302164,1896600000000
2019-05-22 22:45:00+00:00,0.05743092161303955,0.039400266081571836,1896900000000
2019-05-22 22:50:00+00:00,0.046569231727315065,0.038551335006986494,1897200000000
2019-05-22 22:55:00+00:00,0.07725832492141005,0.01485764270335297,1897500000000
2019-05-22 23:00:00+00:00,0.03818431530319381,0.0,1897800000000
2019-05-22 23:05:00+00:00,0.01670867140199936,0.015071802308633133,1898100000000
2019-05-22 23:10:00+00:00,0.031079772379644627,0.025430697151944175,1898400000000
2019-05-22 23:15:00+00:00,0.0531378668712863,0.012069773920930588,1898700000000
2019-05-22 23:20:00+00:00,0.06800850096879978,0.029323806309919098,1899000000000
2019-05-22 23:25:00+00:00,0.04187113871354359,0.0,1899300000000
2019-05-22 23:30:00+00:00,0.06556387880527542,0.06688360535942993,1899600000000
2019-05-22 23:35:00+00:00,0.01165860639265565,0.0,1899900000000
2019-05-22 23:40:00+00:00,0.029649970434324574,0.028635170085565757,1900200000000
2019-05-22 23:45:00+00:00,0.03250799250446081,0.01880558157960888,1900500000000
2019-05-22 23:50:00+00:00,0.03582380043549319,0.0472861526537911,1900800000000
2019-05-22 23:55:00+00:00,0.03970369481412871,0.007977135032982093,1901100000000
2019-05-23 00:00:00+00:00,0.05181821914784386,0.032315985695514055,1901400000000
2019-05-23 00:05:00+00:00,0.029153448063492765,0.0,1901700000000
2019-05-23 00:10:00+00:00,0.04095111827956152,0.0,1902000000000
2019-05-23 00:15:00+00:00,0.03746037037439513,0.034402893901946556,1902300000000
2019-05-23 00:20:00+00:00,0.020108552763970725,0.0,1902600000000
2019-05-23 00:25:00+00:00,0.03668765992946817,0.017448245268990283,1902900000000
2019-05-23 00:30:00+00:00,0.0364934135293192,0.04212195707704992,1903200000000
2019-05-23 00:35:00+00:00,0.03654138435199689,0.03685852773309173,1903500000000
2019-05-23 00:40:00+00:00,0.041025137290909196,0.01132337261557364,1903800000000
2019-05-23 00:45:00+00:00,0.04252067875178334,0.0,1904100000000
2019-05-23 00:50:00+00:00,0.03304858423875236,0.030019047776361985,1904400000000
2019-05-23 00:55:00+00:00,0.06790576198521382,0.06758859284833191,1904700000000
2019-05-23 01:00:00+00:00,0.019888180139245898,0.0,1905000000000
2019-05-23 01:05:00+00:00,0.029753675228267953,0.0017859479688184417,1905300000000
2019-05-23 01:10:00+00:00,0.1007361743166809,0.04994366533262857,1905600000000
2019-05-23 01:15:00+00:00,0.02540898680928342,0.026677566301712363,1905900000000
2019-05-23 01:20:00+00:00,0.020193235610141143,0.036686293494382946,1906200000000
2019-05-23 01:25:00+00:00,0.06312446561871585,0.01308254314361906,1906500000000
2019-05-23 01:30:00+00:00,0.008125673047829449,0.0,1906800000000
2019-05-23 01:35:00+00:00,0.046261688821522734,0.0745569397315626,1907100000000
2019-05-23 01:40:00+00:00,0.09524810822381126,0.05360240917648598,1907400000000
2019-05-23 01:45:00+00:00,0.022862036993694525,0.018775078110022905,1907700000000
2019-05-23 01:50:00+00:00,0.01561464086404881,0.0,1908000000000
2019-05-23 01:55:00+00:00,0.026826807049164826,0.025895330418553214,1908300000000
2019-05-23 02:00:00+00:00,0.0763967141326075,0.06503924597359495,1908600000000
2019-05-23 02:05:00+00:00,0.0826059760209964,0.055559509044056425,1908900000000
2019-05-23 02:10:00+00:00,0.05160061829960767,0.0657775325200533,1909200000000
2019-05-23 02:15:00+00:00,0.07731880623464123,0.0398563919419629,1909500000000
2019-05-23 02:20:00+00:00,0.09332118879577878,0.05073506381675974,1909800000000
2019-05-23 02:25:00+00:00,0.10318301542625039,0.06653793628129855,1910100000000
2019-05-23 02:30:00+00:00,0.0644869599993851,0.047991408909753,1910400000000
2019-05-23 02:35:00+00:00,0.02541844873822384,0.01981001448418649,1910700000000
2019-05-23 02:40:00+00:00,0.05712019952840393,0.008583819177940533,1911000000000
2019-05-23 02:45:00+00:00,0.0671462783127811,0.04653807031157989,1911300000000
2019-05-23 02:50:00+00:00,0.0727018457691349,0.03613763576541219,1911600000000
2019-05-23 02:55:00+00:00,0.07637432878197499,0.03420505698769208,1911900000000
2019-05-23 03:00:00+00:00,0.10481187478062948,0.06353676596344256,1912200000000
2019-05-23 03:05:00+00:00,0.11027549905530093,0.04693484568659627,1912500000000
2019-05-23 03:10:00+00:00,0.08375577355693348,0.027545637656695456,1912800000000
2019-05-23 03:15:00+00:00,0.11160949192269265,0.014656315953538591,1913100000000
2019-05-23 03:20:00+00:00,0.09929064143519593,0.09451913143131538,1913400000000
2019-05-23 03:25:00+00:00,0.17513875694865016,0.11619788055125015,1913700000000
2019-05-23 03:30:00+00:00,0.16290063044896486,0.09540509584325281,1914000000000
2019-05-23 03:35:00+00:00,0.11717935870735399,0.05696315048667944,1914300000000
2019-05-23 03:40:00+00:00,0.1437308692004104,0.028717875879317893,1914600000000
2019-05-23 03:45:00+00:00,0.07652124171116895,0.03134216750227168,1914900000000
2019-05-23 03:50:00+00:00,0.09774052965502492,0.07296164453629647,1915200000000
2019-05-23 03:55:00+00:00,0.10830641111462001,0.08382733274064938,1915500000000
2019-05-23 04:00:00+00:00,0.12245572047582541,0.08631927215756127,1915800000000
2019-05-23 04:05:00+00:00,0.1418914499597113,0.08830270909087615,1916100000000
2019-05-23 04:10:00+00:00,0.11894418111446783,0.09744399158730828,1916400000000
2019-05-23 04:15:00+00:00,0.09392043681035626,0.049781517644442955,1916700000000
2019-05-23 04:20:00+00:00,0.14217976089021794,0.107011634856818,1917000000000
2019-05-23 04:25:00+00:00,0.14342328295513979,0.07836232089867962,1917300000000
2019-05-23 04:30:00+00:00,0.09251031195764786,0.037883360997033474,1917600000000
2019-05-23 04:35:00+00:00,0.1343221004729165,0.060479000675299474,1917900000000
2019-05-23 04:40:00+00:00,0.10567191966531979,0.04211322337573281,1918200000000
2019-05-23 04:45:00+00:00,0.12728272492115292,0.08955099552874146,1918500000000
2019-05-23 04:50:00+00:00,0.1256435070906557,0.06053119283245185,1918800000000
2019-05-23 04:55:00+00:00,0.16303038630463598,0.0771576548820827,1919100000000
2019-05-23 05:00:00+00:00,0.15234708005139894,0.10568295242406656,1919400000000
2019-05-23 05:05:00+00:00,0.1274825183581793,0.08304891882435224,1919700000000
2019-05-23 05:10:00+00:00,0.1739964882795414,0.12364973262464088,1920000000000
2019-05-23 05:15:00+00:00,0.13093533521901074,0.08881319135686241,1920300000000
2019-05-23 05:20:00+00:00,0.16944393804827007,0.0866041312250158,1920600000000
2019-05-23 05:25:00+00:00,0.14980405646346043,0.091404482207448,1920900000000
2019-05-23 05:30:00+00:00,0.1620241961830492,0.09971717752522306,1921200000000
2019-05-23 05:35:00+00:00,0.1826859392885286,0.09122839040363712,1921500000000
2019-05-23 05:40:00+00:00,0.18630007101348578,0.0896875431262116,1921800000000
2019-05-23 05:45:00+00:00,0.20588724541992995,0.10991791506960388,1922100000000
2019-05-23 05:50:00+00:00,0.18078424012399102,0.14920219120783623,1922400000000
2019-05-23 05:55:00+00:00,0.1918428956151957,0.10685085548468644,1922700000000
2019-05-23 06:00:00+00:00,0.18024525355191484,0.1328044879588832,1923000000000
2019-05-23 06:05:00+00:00,0.19592591929652547,0.10818234138831932,1923300000000
2019-05-23 06:10:00+00:00,0.20436040684274853,0.14039302049644894,1923600000000
2019-05-23 06:15:00+00:00,0.19688593910210012,0.136181396572417,1923900000000
2019-05-23 06:20:00+00:00,0.16605390728585748,0.11868415453055538,1924200000000
2019-05-23 06:25:00+00:00,0.21202889359885538,0.1349738829994924,1924500000000
2019-05-23 06:30:00+00:00,0.21595349171344794,0.1571194266036918,1924800000000
2019-05-23 06:35:00+00:00,0.19831226062375207,0.1265544357613058,1925100000000
2019-05-23 06:40:00+00:00,0.18947059703970115,0.14795295281062626,1925400000000
2019-05-23 06:45:00+00:00,0.2479061313124987,0.11634528272373056,1925700000000
2019-05-23 06:50:00+00:00,0.2314337411974919,0.1458259696718315,1926000000000
2019-05-23 06:55:00+00:00,0.22022404100827267,0.13780089645567695,1926300000000
2019-05-23 07:00:00+00:00,0.20524886576909346,0.10441892254534625,1926600000000
2019-05-23 07:05:00+00:00,0.2147186110917753,0.14042285109033997,1926900000000
2019-05-23 07:10:00+00:00,0.2603521223058114,0.12640961987195448,1927200000000
2019-05-23 07:15:00+00:00,0.24017749194616922,0.13102280865249494,1927500000000
2019-05-23 07:20:00+00:00,0.2295135023810586,0.09772634517067899,1927800000000
2019-05-23 07:25:00+00:00,0.2537956014781591,0.18344989122615174,1928100000000
2019-05-23 07:30:00+00:00,0.23036455110583606,0.1335877407845957,1928400000000
2019-05-23 07:35:00+00:00,0.2796927529733095,0.21115333248031193,1928700000000
2019-05-23 07:40:00+00:00,0.27972652773681517,0.183894915172479,1929000000000
2019-05-23 07:45:00+00:00,0.2463034887754626,0.15674405753229803,1929300000000
2019-05-23 07:50:00+00:00,0.2459944426001942,0.13587211167449653,1929600000000
2019-05-23 07:55:00+00:00,0.20910509580850722,0.10453605677135594,1929900000000
2019-05-23 08:00:00+00:00,0.23470171790230568,0.15128046221932231,1930200000000
2019-05-23 08:05:00+00:00,0.24037381544714445,0.14279400908282702,1930500000000
2019-05-23 08:10:00+00:00,0.27265985918288466,0.13681050920002477,1930800000000
2019-05-23 08:15:00+00:00,0.26618586086411133,0.12937434818830043,1931100000000
2019-05-23 08:20:00+00:00,0.2485186445932387,0.12993711217307152,1931400000000
2019-05-23 08:25:00+00:00,0.27247594418302473,0.19990491101513944,1931700000000
2019-05-23 08:30:00+00:00,0.29083762397092194,0.21876813274277923,1932000000000
2019-05-23 08:35:00+00:00,0.2938758633814759,0.18042530097506373,1932300000000
2019-05-23 08:40:00+00:00,0.24786918028024701,0.15170036409297397,1932600000000
2019-05-23 08:45:00+00:00,0.2857949359886691,0.16475055415661105,1932900000000
2019-05-23 08:50:00+00:00,0.2631439378251406,0.1391966557288943,1933200000000
2019-05-23 08:55:00+00:00,0.31124764342125505,0.2142521672048979,1933500000000
2019-05-23 09:00:00+00:00,0.3112489455050528,0.22422089518097438,1933800000000
2019-05-23 09:05:00+00:00,0.27990793867136327,0.15007638148603225,1934100000000
2019-05-23 09:10:00+00:00,0.2847984742512882,0.16922231698228088,1934400000000
2019-05-23 09:15:00+00:00,0.29309229677854653,0.16685805205292456,1934700000000
2019-05-23 09:20:00+00:00,0.25940635412877455,0.14723903097996519,1935000000000
2019-05-23 09:25:00+00:00,0.3132714803771896,0.211681053334911,1935300000000
2019-05-23 09:30:00+00:00,0.3031294434502143,0.15563843516280615,1935600000000
2019-05-23 09:35:00+00:00,0.3299674145137024,0.20730984252694756,1935900000000
2019-05-23 09:40:00+00:00,0.290515733395209,0.1888742021832427,1936200000000
2019-05-23 09:45:00+00:00,0.301962982880383,0.1783347662561934,1936500000000
2019-05-23 09:50:00+00:00,0.286017100600039,0.18947161689975883,1936800000000
2019-05-23 09:55:00+00:00,0.29780374710883395,0.18163528507604937,1937100000000
2019-05-23 10:00:00+00:00,0.29593083731296915,0.20190110081090373,1937400000000
2019-05-23 10:05:00+00:00,0.3411090424886114,0.17422131939464974,1937700000000
2019-05-23 10:10:00+00:00,0.30878083244614835,0.17829299424755163,1938000000000
2019-05-23 10:15:00+00:00,0.32672275825812896,0.19459739209785668,1938300000000
2019-05-23 10:20:00+00:00,0.31805312220048354,0.13738772563086313,1938600000000
2019-05-23 10:25:00+00:00,0.3016435276587716,0.15926706192369225,1938900000000
2019-05-23 10:30:00+00:00,0.3249659214132596,0.17870756776078,1939200000000
2019-05-23 10:35:00+00:00,0.3415471359185814,0.2238924014476158,1939500000000
2019-05-23 10:40:00+00:00,0.3065764830447975,0.1698090229005865,1939800000000
2019-05-23 10:45:00+00:00,0.34801344190555905,0.19244648539721587,1940100000000
2019-05-23 10:50:00+00:00,0.3158686797382358,0.2058709234560653,1940400000000
2019-05-23 10:55:00+00:00,0.3241672440808769,0.16214213353272502,1940700000000
2019-05-23 11:00:00+00:00,0.34533586973689545,0.16577664049326585,1941000000000
2019-05-23 11:05:00+00:00,0.32227980954982133,0.18613603972850587,1941300000000
2019-05-23 11:10:00+00:00,0.33705700936581795,0.17328007025792366,1941600000000
2019-05-23 11:15:00+00:00,0.3306989754847231,0.17022579939764088,1941900000000
2019-05-23 11:20:00+00:00,0.34019741197479664,0.2155871230186376,1942200000000
2019-05-23 11:25:00+00:00,0.290542222237472,0.1918448101007348,1942500000000
2019-05-23 11:30:00+00:00,0.30203975956857654,0.19700114005818842,1942800000000
2019-05-23 11:35:00+00:00,0.35135834640984015,0.23299054105204875,1943100000000
2019-05-23 11:40:00+00:00,0.36011727727118714,0.24089305276300832,1943400000000
2019-05-23 11:45:00+00:00,0.3214274377484933,0.15028465847255737,1943700000000
2019-05-23 11:50:00+00:00,0.3349488884160782,0.20997757224823627,1944000000000
2019-05-23 11:55:00+00:00,0.34584480023114356,0.19691471614729494,1944300000000
2019-05-23 12:00:00+00:00,0.35386435203317407,0.19737012630009573,1944600000000
2019-05-23 12:05:00+00:00,0.29942464751745823,0.19086308115464903,1944900000000
2019-05-23 12:10:00+00:00,0.3221642060754889,0.1586926140473783,1945200000000
2019-05-23 12:15:00+00:00,0.3330689175554595,0.16481917841582927,1945500000000
2019-05-23 12:20:00+00:00,0.35354756421403855,0.22479999341005746,1945800000000
2019-05-23 12:25:00+00:00,0.3891465048522221,0.2432436232615512,1946100000000
2019-05-23 12:30:00+00:00,0.3342399480032104,0.20327862191935644,1946400000000
2019-05-23 12:35:00+00:00,0.3102118995503064,0.1685288716357211,1946700000000
2019-05-23 12:40:00+00:00,0.3458776356069683,0.22240317405582347,1947000000000
2019-05-23 12:45:00+00:00,0.3636627078512989,0.23180368255198885,1947300000000
2019-05-23 12:50:00+00:00,0.3387435723764683,0.20495223372683005,1947600000000
2019-05-23 12:55:00+00:00,0.3177211173466816,0.16708624958261353,1947900000000
2019-05-23 13:00:00+00:00,0.35421541943962787,0.20402428474918657,1948200000000
2019-05-23 13:05:00+00:00,0.3474589460834132,0.22523204120053678,1948500000000
2019-05-23 13:10:00+00:00,0.31273037017276584,0.21418204655969522,1948800000000
2019-05-23 13:15:00+00:00,0.7054696925459965,0.4167510834600713,1949100000000
2019-05-23 13:20:00+00:00,0.42424009218082825,0.2495505959523317,1949400000000
2019-05-23 13:25:00+00:00,0.35367509235470923,0.2089712732523243,1949700000000
2019-05-23 13:30:00+00:00,0.327502950370503,0.2019996304005212,1950000000000
2019-05-23 13:35:00+00:00,0.3203990218332206,0.18061806709873188,1950300000000
2019-05-23 13:40:00+00:00,0.3507694222749,0.1525779522135083,1950600000000
2019-05-23 13:45:00+00:00,0.300619367836952,0.20422700073511313,1950900000000
2019-05-23 13:50:00+00:00,0.33212876635070887,0.23517103875367631,1951200000000
2019-05-23 13:55:00+00:00,0.2944279252532823,0.16440875795985513,1951500000000
2019-05-23 14:00:00+00:00,0.3415446693461918,0.1835937342293396,1951800000000
2019-05-23 14:05:00+00:00,0.3134230925109397,0.18531184505875936,1952100000000
2019-05-23 14:10:00+00:00,0.3422414926959946,0.20159481794302128,1952400000000
2019-05-23 14:15:00+00:00,0.3249236969724916,0.21486458972675418,1952700000000
2019-05-23 14:20:00+00:00,0.28879729093099865,0.17437116339149994,1953000000000
2019-05-23 14:25:00+00:00,0.339862023059445,0.18806475722824334,1953300000000
2019-05-23 14:30:00+00:00,0.3404445730389068,0.17789855481218309,1953600000000
2019-05-23 14:35:00+00:00,0.3250589578714728,0.21234805841927715,1953900000000
2019-05-23 14:40:00+00:00,0.2901193536115651,0.18606183699022405,1954200000000
2019-05-23 14:45:00+00:00,0.2971140253680305,0.19947961278265466,1954500000000
2019-05-23 14:50:00+00:00,0.30397236709185793,0.16301968524069288,1954800000000
2019-05-23 14:55:00+00:00,0.2847664974334453,0.20762863645063373,1955100000000
2019-05-23 15:00:00+00:00,0.33041294862724613,0.16337387903520295,1955400000000
2019-05-23 15:05:00+00:00,0.29712737669075034,0.1924684464424798,1955700000000
2019-05-23 15:10:00+00:00,0.23779934797798047,0.10448795344285025,1956000000000
2019-05-23 15:15:00+00:00,0.2962306551868027,0.16193176547811225,1956300000000
2019-05-23 15:20:00+00:00,0.28001054907218864,0.19922678805227234,1956600000000
2019-05-23 15:25:00+00:00,0.2829594341496866,0.18640294557933176,1956900000000
2019-05-23 15:30:00+00:00,0.2745251603689268,0.15379068791161243,1957200000000
2019-05-23 15:35:00+00:00,0.29543459780889325,0.1668840178289022,1957500000000
2019-05-23 15:40:00+00:00,0.2990413321348361,0.18143724149761048,1957800000000
2019-05-23 15:45:00+00:00,0.2796215981981143,0.17805577873408301,1958100000000
2019-05-23 15:50:00+00:00,0.26444760639815074,0.18370015149254437,1958400000000
2019-05-23 15:55:00+00:00,0.39190622768862887,0.22601905652100743,1958700000000
2019-05-23 16:00:00+00:00,0.35718574287238725,0.1820757444536883,1959000000000
2019-05-23 16:05:00+00:00,0.3047702325615467,0.18600151207790322,1959300000000
2019-05-23 16:10:00+00:00,0.2963881504577156,0.16868427352446147,1959600000000
2019-05-23 16:15:00+00:00,0.26625248334339324,0.133738815911067,1959900000000
2019-05-23 16:20:00+00:00,0.28492378627886156,0.17690765007357281,1960200000000
2019-05-23 16:25:00+00:00,0.27625511019569265,0.1614907910355598,1960500000000
2019-05-23 16:30:00+00:00,0.23443901650295898,0.14679365403117128,1960800000000
2019-05-23 16:35:00+00:00,0.2615355621216221,0.13903245326922964,1961100000000
2019-05-23 16:40:00+00:00,0.22306173161474185,0.14357124957535508,1961400000000
2019-05-23 16:45:00+00:00,0.2529262284809577,0.12541377315347504,1961700000000
2019-05-23 16:50:00+00:00,0.22557914150599473,0.11879285710966517,1962000000000
2019-05-23 16:55:00+00:00,0.21232873208157838,0.12253895462720148,1962300000000
2019-05-23 17:00:00+00:00,0.23525709695266106,0.17599062647079092,1962600000000
2019-05-23 17:05:00+00:00,0.1730087635080675,0.11950176547581037,1962900000000
2019-05-23 17:10:00+00:00,0.18830754171372055,0.13452837511358812,1963200000000
2019-05-23 17:15:00+00:00,0.21658871062693275,0.15829476704302253,1963500000000
2019-05-23 17:20:00+00:00,0.21858495087162502,0.20320761323919245,1963800000000
2019-05-23 17:25:00+00:00,0.20633491030310183,0.12463272753302977,1964100000000
2019-05-23 17:30:00+00:00,0.17890686952532336,0.13575214017779114,1964400000000
2019-05-23 17:35:00+00:00,0.19090274994058165,0.1347943550523878,1964700000000
2019-05-23 17:40:00+00:00,0.21184199240134322,0.14702584550695644,1965000000000
2019-05-23 17:45:00+00:00,0.21240443813042056,0.16292745523905597,1965300000000
2019-05-23 17:50:00+00:00,0.19719066797510287,0.1099281401653722,1965600000000
2019-05-23 17:55:00+00:00,0.21739501948703474,0.12046331121349324,1965900000000
2019-05-23 18:00:00+00:00,0.198947940469185,0.1257640745511482,1966200000000
2019-05-23 18:05:00+00:00,0.17279254305454136,0.10002153039428707,1966500000000
2019-05-23 18:10:00+00:00,0.1788748286047423,0.11369491422280883,1966800000000
2019-05-23 18:15:00+00:00,0.15317387413799022,0.12315930018385436,1967100000000
2019-05-23 18:20:00+00:00,0.17581941433557696,0.09592871414722061,1967400000000
2019-05-23 18:25:00+00:00,0.1969814256010756,0.11209527610877075,1967700000000
2019-05-23 18:30:00+00:00,0.18521020619454462,0.1146123437872583,1968000000000
2019-05-23 18:35:00+00:00,0.19631890081211742,0.11322497196676706,1968300000000
2019-05-23 18:40:00+00:00,0.15900617958509256,0.057123591190785784,1968600000000
2019-05-23 18:45:00+00:00,0.18878344758786317,0.10166751569873911,1968900000000
2019-05-23 18:50:00+00:00,0.15480686226921608,0.10663158220627973,1969200000000
2019-05-23 18:55:00+00:00,0.1849315955802523,0.1397098923668043,1969500000000
2019-05-23 19:00:00+00:00,0.1519066749524451,0.06805163362071251,1969800000000
2019-05-23 19:05:00+00:00,0.1633508309269919,0.07482485057157827,1970100000000
2019-05-23 19:10:00+00:00,0.1755908218050008,0.10595916913734718,1970400000000
2019-05-23 19:15:00+00:00,0.13912386096623577,0.04196241528218472,1970700000000
2019-05-23 19:20:00+00:00,0.14428698047425675,0.07767278422481151,1971000000000
2019-05-23 19:25:00+00:00,0.1626476738726798,0.06286776313258002,1971300000000
2019-05-23 19:30:00+00:00,0.1311874218666377,0.10609367911683193,1971600000000
2019-05-23 19:35:00+00:00,0.10443403975995413,0.04727380076896439,1971900000000
2019-05-23 19:40:00+00:00,0.17074517960837066,0.13550379149180292,1972200000000
2019-05-23 19:45:00+00:00,0.11555307384707389,0.09160227137741112,1972500000000
2019-05-23 19:50:00+00:00,0.12521838458905202,0.06220468479948287,1972800000000
2019-05-23 19:55:00+00:00,0.14229126249556004,0.06393556476041447,1973100000000
2019-05-23 20:00:00+00:00,0.10416345525870731,0.05862715817187261,1973400000000
2019-05-23 20:05:00+00:00,0.09337387523370362,0.05393139265505811,1973700000000
2019-05-23 20:10:00+00:00,0.1158409157945833,0.07642748835579802,1974000000000
2019-05-23 20:15:00+00:00,0.0721779370888115,0.027775896462683317,1974300000000
2019-05-23 20:20:00+00:00,0.09959430189887368,0.07468447860976826,1974600000000
2019-05-23 20:25:00+00:00,0.10760710380954915,0.06987082338572748,1974900000000
2019-05-23 20:30:00+00:00,0.09470341437885636,0.050014145492996535,1975200000000
2019-05-23 20:35:00+00:00,0.06667301586422994,0.0257629964101775,1975500000000
2019-05-23 20:40:00+00:00,0.12690986211554248,0.07244821760735176,1975800000000
2019-05-23 20:45:00+00:00,0.09462722414730888,0.040438309451833944,1976100000000
2019-05-23 20:50:00+00:00,0.11875673343510762,0.07242281395873633,1976400000000
2019-05-23 20:55:00+00:00,0.08255842774016187,0.05124383034849531,1976700000000
2019-05-23 21:00:00+00:00,0.0678337431882031,0.045934391582448636,1977000000000
2019-05-23 21:05:00+00:00,0.08854291298502966,0.08845059598445487,1977300000000
2019-05-23 21:10:00+00:00,0.0766204347296961,0.04332336644382621,1977600000000
2019-05-23 21:15:00+00:00,0.05521046638499173,0.053218237173484687,1977900000000
2019-05-23 21:20:00+00:00,0.10604457426346078,0.0682184924975905,1978200000000
2019-05-23 21:25:00+00:00,0.06214136752263194,0.03251993447561008,1978500000000
2019-05-23 21:30:00+00:00,0.035775004593736726,0.019081817357217354,1978800000000
2019-05-23 21:35:00+00:00,0.09719385266124436,0.05713978341338561,1979100000000
2019-05-23 21:40:00+00:00,0.058652344151510626,0.040786760645470696,1979400000000
2019-05-23 21:45:00+00:00,0.054748080302306754,0.013662432877004655,1979700000000
2019-05-23 21:50:00+00:00,0.02982242027635558,0.0,1980000000000
2019-05-23 21:55:00+00:00,0.098234826908775,0.0720268440147505,1980300000000
2019-05-23 22:00:00+00:00,0.03597324435480681,0.03954642326450927,1980600000000
2019-05-23 22:05:00+00:00,0.06134053181354244,0.051717035744181516,1980900000000
2019-05-23 22:10:00+00:00,0.07689522591852027,0.049236575922241614,1981200000000
2019-05-23 22:15:00+00:00,0.06561176076349257,0.05471154900716131,1981500000000
2019-05-23 22:20:00+00:00,0.11978489290715043,0.08613951626463309,1981800000000
2019-05-23 22:25:00+00:00,0.059527227065606224,0.05146892341846283,1982100000000
2019-05-23 22:30:00+00:00,0.05001395840401459,0.012817558615566483,1982400000000
2019-05-23 22:35:00+00:00,0.05571871525732088,0.011492193211299906,1982700000000
2019-05-23 22:40:00+00:00,0.03508040326015159,0.013276857021045542,1983000000000
2019-05-23 22:45:00+00:00,0.05381933644237637,0.03194391967457271,1983300000000
2019-05-23 22:50:00+00:00,0.06238288111962343,0.032591306129128264,1983600000000
2019-05-23 22:55:00+00:00,0.06706202400255766,0.0027034077747770877,1983900000000
2019-05-23 23:00:00+00:00,0.022420872233720045,0.04788637558293487,1984200000000
2019-05-23 23:05:00+00:00,0.0900788328498118,0.04856637993217237,1984500000000
2019-05-23 23:10:00+00:00,0.06076629693420359,0.039913866492061224,1984800000000
2019-05-23 23:15:00+00:00,0.044722924866134155,0.05172473473494167,1985100000000
2019-05-23 23:20:00+00:00,0.06595845759859059,0.0,1985400000000
2019-05-23 23:25:00+00:00,0.09095670664761266,0.04434014655033335,1985700000000
2019-05-23 23:30:00+00:00,0.014425535439457942,0.0009129757920786751,1986000000000
2019-05-23 23:35:00+00:00,0.038316851972380814,0.016263910274415597,1986300000000
2019-05-23 23:40:00+00:00,0.0,0.0,1986600000000
2019-05-23 23:45:00+00:00,0.04613252550050328,0.05662221126919886,1986900000000
2019-05-23 23:50:00+00:00,0.04942287382344635,0.043122901808612266,1987200000000
2019-05-23 23:55:00+00:00,0.041238564740269566,0.04390384421673833,1987500000000
2019-05-24 00:00:00+00:00,0.02890932858003381,0.01828800258423876,1987800000000
2019-05-24 00:05:00+00:00,0.0010592945031360976,0.0,1988100000000
2019-05-24 00:10:00+00:00,0.04964121820873441,0.0,1988400000000
2019-05-24 00:15:00+00:00,0.07147151785918272,0.012294756250877014,1988700000000
2019-05-24 00:20:00+00:00,0.03080598172712514,0.025678903119595475,1989000000000
2019-05-24 00:25:00+00:00,0.05176219229155944,0.031692709628888364,1989300000000
2019-05-24 00:30:00+00:00,0.012003717858860695,0.002998957764196266,1989600000000
2019-05-24 00:35:00+00:00,0.052987256925908235,0.024420816020742205,1989900000000
2019-05-24 00:40:00+00:00,0.036522302204387236,0.06214781283148728,1990200000000
2019-05-24 00:45:00+00:00,0.0297588489274567,0.001397237536944533,1990500000000
2019-05-24 00:50:00+00:00,0.03048721499657566,0.03684871812026658,1990800000000
2019-05-24 00:55:00+00:00,0.03857923566512855,0.02318580011949701,1991100000000
2019-05-24 01:00:00+00:00,0.05492645903715719,0.03173708518657437,1991400000000
2019-05-24 01:05:00+00:00,0.021929813373755803,0.036690638996588365,1991700000000
2019-05-24 01:10:00+00:00,0.04119459520085306,0.05396736477434072,1992000000000
2019-05-24 01:15:00+00:00,0.049339378349085375,0.02481263787175446,1992300000000
2019-05-24 01:20:00+00:00,0.029287544613699496,0.03355658115306254,1992600000000
2019-05-24 01:25:00+00:00,0.08836823475219066,0.060298768094315475,1992900000000
2019-05-24 01:30:00+00:00,0.03659816052208049,0.022107639089446584,1993200000000
2019-05-24 01:35:00+00:00,0.04157842874830212,0.029032156102121787,1993500000000
2019-05-24 01:40:00+00:00,0.03676545072583017,0.008299094138601347,1993800000000
2019-05-24 01:45:00+00:00,0.09373035717952533,0.0501162264410935,1994100000000
2019-05-24 01:50:00+00:00,0.07031203515081122,0.030574515495432608,1994400000000
2019-05-24 01:55:00+00:00,0.04207859096344645,0.043274688906646264,1994700000000
2019-05-24 02:00:00+00:00,0.08455415394286556,0.048828470054898085,1995000000000
2019-05-24 02:05:00+00:00,0.06812441550705825,0.01492036881193418,1995300000000
2019-05-24 02:10:00+00:00,0.07099746266140841,0.02812973313358329,1995600000000
2019-05-24 02:15:00+00:00,0.060765013979569,0.0,1995900000000
2019-05-24 02:20:00+00:00,0.05452776250640013,0.022826805466197107,1996200000000
2019-05-24 02:25:00+00:00,0.07819140911874649,0.04766774677319088,1996500000000
2019-05-24 02:30:00+00:00,0.06251192102307089,0.03478443563650306,1996800000000
2019-05-24 02:35:00+00:00,0.11178299568312633,0.10667288444050366,1997100000000
2019-05-24 02:40:00+00:00,0.05215195587173625,0.04278929434134249,1997400000000
2019-05-24 02:45:00+00:00,0.11040549766858584,0.07685233566293452,1997700000000
2019-05-24 02:50:00+00:00,0.07965424472474739,0.014927166143442874,1998000000000
2019-05-24 02:55:00+00:00,0.09011323148256928,0.04677509780719891,1998300000000
2019-05-24 03:00:00+00:00,0.1030971381546055,0.05212502674628938,1998600000000
2019-05-24 03:05:00+00:00,0.0761819446214613,0.029987542796716622,1998900000000
2019-05-24 03:10:00+00:00,0.15684327144976615,0.07810834955959275,1999200000000
2019-05-24 03:15:00+00:00,0.06851035156624839,0.0049437518609165565,1999500000000
2019-05-24 03:20:00+00:00,0.09141143486220882,0.02932979682369872,1999800000000
2019-05-24 03:25:00+00:00,0.0801996674700141,0.06560166853730744,2000100000000
2019-05-24 03:30:00+00:00,0.07619899873459271,0.04286110540089198,2000400000000
2019-05-24 03:35:00+00:00,0.09960167820610467,0.04963295855817612,2000700000000
2019-05-24 03:40:00+00:00,0.11428964502208643,0.0684655603201977,2001000000000
2019-05-24 03:45:00+00:00,0.1233426650170471,0.09735341258425127,2001300000000
2019-05-24 03:50:00+00:00,0.11686148278087428,0.07020110008604029,2001600000000
2019-05-24 03:55:00+00:00,0.10152291975582896,0.07172123447211813,2001900000000
2019-05-24 04:00:00+00:00,0.12504699542316983,0.05809610040613675,2002200000000
2019-05-24 04:05:00+00:00,0.12301795411466372,0.06143817345386385,2002500000000
2019-05-24 04:10:00+00:00,0.14215327581790843,0.09237150319201856,2002800000000
2019-05-24 04:15:00+00:00,0.14190376385911163,0.12299533248220924,2003100000000
2019-05-24 04:20:00+00:00,0.12993901123953136,0.10655890393401629,2003400000000
2019-05-24 04:25:00+00:00,0.11437904750907632,0.08028398989456857,2003700000000
2019-05-24 04:30:00+00:00,0.12228848202859531,0.07640176442037155,2004000000000
2019-05-24 04:35:00+00:00,0.1274023959535728,0.1044628246846871,2004300000000
2019-05-24 04:40:00+00:00,0.1351694296006016,0.09699522422126344,2004600000000
2019-05-24 04:45:00+00:00,0.1499367554229902,0.0440888128063809,2004900000000
2019-05-24 04:50:00+00:00,0.16200317343247386,0.07612328710237987,2005200000000
2019-05-24 04:55:00+00:00,0.1498227184794897,0.09665643759485244,2005500000000
2019-05-24 05:00:00+00:00,0.1543329723259657,0.05686043208455997,2005800000000
2019-05-24 05:05:00+00:00,0.1600604644732968,0.07808449858884084,2006100000000
2019-05-24 05:10:00+00:00,0.15007706275774874,0.07604993878148976,2006400000000
2019-05-24 05:15:00+00:00,0.14510360654472093,0.08193884580191588,2006700000000
2019-05-24 05:20:00+00:00,0.131732904292638,0.07329113841105864,2007000000000
2019-05-24 05:25:00+00:00,0.1561812826877509,0.08792636106931398,2007300000000
2019-05-24 05:30:00+00:00,0.18280064689901215,0.12618653848421357,2007600000000
2019-05-24 05:35:00+00:00,0.1625422955669706,0.09222090003117168,2007900000000
2019-05-24 05:40:00+00:00,0.17511494228377741,0.09737636272884176,2008200000000
2019-05-24 05:45:00+00:00,0.1924764896970581,0.08850245173536453,2008500000000
2019-05-24 05:50:00+00:00,0.1968431040458745,0.13859278646724119,2008800000000
2019-05-24 05:55:00+00:00,0.16812322131260488,0.0874439825086132,2009100000000
2019-05-24 06:00:00+00:00,0.2129411871290752,0.10602410571741962,2009400000000
2019-05-24 06:05:00+00:00,0.21883312343118022,0.13556168555608755,2009700000000
2019-05-24 06:10:00+00:00,0.17697368873820815,0.09084538799526364,2010000000000
2019-05-24 06:15:00+00:00,0.1863753986583656,0.10130618439913348,2010300000000
2019-05-24 06:20:00+00:00,0.22995073063062801,0.1431396418647582,2010600000000
2019-05-24 06:25:00+00:00,0.20646240524713247,0.11734779067268834,2010900000000
2019-05-24 06:30:00+00:00,0.1682667032173028,0.14719220943639438,2011200000000
2019-05-24 06:35:00+00:00,0.18792210005605836,0.11125668916725105,2011500000000
2019-05-24 06:40:00+00:00,0.21417094525769861,0.1408593315322036,2011800000000
2019-05-24 06:45:00+00:00,0.19912769529672836,0.08064273622817811,2012100000000
2019-05-24 06:50:00+00:00,0.2173363555668761,0.11318883070183106,2012400000000
2019-05-24 06:55:00+00:00,0.22945358590037532,0.11593387764189095,2012700000000
2019-05-24 07:00:00+00:00,0.26123461551273874,0.13765317484159068,2013000000000
2019-05-24 07:05:00+00:00,0.2293458293356474,0.14591825747812848,2013300000000
2019-05-24 07:10:00+00:00,0.25975115036154295,0.17656199157247396,2013600000000
2019-05-24 07:15:00+00:00,0.2699994563695447,0.16889228391441702,2013900000000
2019-05-24 07:20:00+00:00,0.27321143710811124,0.15939396979354056,2014200000000
2019-05-24 07:25:00+00:00,0.25329690872137833,0.1393610444585786,2014500000000
2019-05-24 07:30:00+00:00,0.211386731897984,0.14910403416252055,2014800000000
2019-05-24 07:35:00+00:00,0.2628923896757763,0.199160542888563,2015100000000
2019-05-24 07:40:00+00:00,0.27763851479515245,0.16928422297276527,2015400000000
2019-05-24 07:45:00+00:00,0.2580136280908069,0.1735954381359156,2015700000000
2019-05-24 07:50:00+00:00,0.29745952494231725,0.18534312196129987,2016000000000
2019-05-24 07:55:00+00:00,0.2826644310116991,0.18470875673633125,2016300000000
2019-05-24 08:00:00+00:00,0.2796988008763896,0.14452834496363143,2016600000000
2019-05-24 08:05:00+00:00,0.2928908251704172,0.16597176949940784,2016900000000
2019-05-24 08:10:00+00:00,0.2806234493883554,0.1762834584339249,2017200000000
2019-05-24 08:15:00+00:00,0.22685432496503227,0.16036241386065897,2017500000000
2019-05-24 08:20:00+00:00,0.26944257531213706,0.14530286075452875,2017800000000
2019-05-24 08:25:00+00:00,0.3060425855772737,0.14295956912556168,2018100000000
2019-05-24 08:30:00+00:00,0.2685790542160099,0.15118214400078098,2018400000000
2019-05-24 08:35:00+00:00,0.2828496262784262,0.18991239005402072,2018700000000
2019-05-24 08:40:00+00:00,0.268965859619364,0.1297016039498614,2019000000000
2019-05-24 08:45:00+00:00,0.3280386575023787,0.17328479665879554,2019300000000
2019-05-24 08:50:00+00:00,0.3284406025129307,0.2001827332287807,2019600000000
2019-05-24 08:55:00+00:00,0.27953569157563574,0.16540198989015215,2019900000000
2019-05-24 09:00:00+00:00,0.30251197718576517,0.19339651594252363,2020200000000
2019-05-24 09:05:00+00:00,0.2882586022425722,0.14838062613663172,2020500000000
2019-05-24 09:10:00+00:00,0.3164182710799216,0.1833513907645796,2020800000000
2019-05-24 09:15:00+00:00,0.31651129933336,0.21381048764807792,2021100000000
2019-05-24 09:20:00+00:00,0.3246963334556673,0.17095987620066466,2021400000000
2019-05-24 09:25:00+00:00,0.31719048586253645,0.21985253744372724,2021700000000
2019-05-24 09:30:00+00:00,0.37129445850478693,0.20142833538509838,2022000000000
2019-05-24 09:35:00+00:00,0.2940054375621285,0.19339089408482932,2022300000000
2019-05-24 09:40:00+00:00,0.28227185066573046,0.16190394019517576,2022600000000
2019-05-24 09:45:00+00:00,0.31048363783135297,0.16339201754603225,2022900000000
2019-05-24 09:50:00+00:00,0.2887878404496166,0.163334723326718,2023200000000
2019-05-24 09:55:00+00:00,0.2920403129785997,0.18612277155073972,2023500000000
2019-05-24 10:00:00+00:00,0.30354418415037476,0.18198943059219502,2023800000000
2019-05-24 10:05:00+00:00,0.30674579080304837,0.2064168627106959,2024100000000
2019-05-24 10:10:00+00:00,0.30765370738217546,0.21330702564800288,2024400000000
2019-05-24 10:15:00+00:00,0.3386036235721454,0.17950156083693022,2024700000000
2019-05-24 10:20:00+00:00,0.3195446090560134,0.16660138253540113,2025000000000
2019-05-24 10:25:00+00:00,0.3274425414815787,0.17036964941653038,2025300000000
2019-05-24 10:30:00+00:00,0.3502165853667116,0.19214602929906657,2025600000000
2019-05-24 10:35:00+00:00,0.31823861878567977,0.21302746168780276,2025900000000
2019-05-24 10:40:00+00:00,0.3294407529215705,0.20887169076627699,2026200000000
2019-05-24 10:45:00+00:00,0.3431463858127901,0.19498728002922544,2026500000000
2019-05-24 10:50:00+00:00,0.2980317421553856,0.17859699348077465,2026800000000
2019-05-24 10:55:00+00:00,0.2901288124233223,0.20216339755731214,2027100000000
2019-05-24 11:00:00+00:00,0.34564455385264814,0.24554694933117127,2027400000000
2019-05-24 11:05:00+00:00,0.34938881830554935,0.21482097765218566,2027700000000
2019-05-24 11:10:00+00:00,0.38158991487614907,0.17576832524474145,2028000000000
2019-05-24 11:15:00+00:00,0.3441546895778213,0.21243855564189226,2028300000000
2019-05-24 11:20:00+00:00,0.3580048461858816,0.2334978703023559,2028600000000
2019-05-24 11:25:00+00:00,0.33824755147622204,0.20744117720285474,2028900000000
2019-05-24 11:30:00+00:00,0.34857794030444006,0.2236770625573597,2029200000000
2019-05-24 11:35:00+00:00,0.3763841431238942,0.23297179336354418,2029500000000
2019-05-24 11:40:00+00:00,0.3008937927956935,0.1558433673277788,2029800000000
2019-05-24 11:45:00+00:00,0.3519094969705574,0.19342092951506518,2030100000000
2019-05-24 11:50:00+00:00,0.3865411900610483,0.22550167029402585,2030400000000
2019-05-24 11:55:00+00:00,0.3495910995572844,0.23106295529913767,2030700000000
2019-05-24 12:00:00+00:00,0.37701145926465696,0.21088919419238175,2031000000000
2019-05-24 12:05:00+00:00,0.3313939499602863,0.20795442263952474,2031300000000
2019-05-24 12:10:00+00:00,0.34324406113178213,0.21202028855749322,2031600000000
2019-05-24 12:15:00+00:00,0.344390999200229,0.23835854482171998,2031900000000
2019-05-24 12:20:00+00:00,0.299132938682142,0.1786461676466969,2032200000000
2019-05-24 12:25:00+00:00,0.3198143386207885,0.15679343480694793,2032500000000
2019-05-24 12:30:00+00:00,0.5482125216993905,0.3418649223175699,2032800000000
2019-05-24 12:35:00+00:00,0.5497667373810764,0.3726211466613259,2033100000000
2019-05-24 12:40:00+00:00,0.5138733094850358,0.32257165258835063,2033400000000
2019-05-24 12:45:00+00:00,0.4659455005034013,0.2638140684658326,2033700000000
2019-05-24 12:50:00+00:00,0.43891133376315267,0.24170788267431229,2034000000000
2019-05-24 12:55:00+00:00,0.38204109214486487,0.2101652786167708,2034300000000
2019-05-24 13:00:00+00:00,0.36309417400081817,0.2579227420081318,2034600000000
2019-05-24 13:05:00+00:00,0.3383638025660856,0.19647173272922266,2034900000000
2019-05-24 13:10:00+00:00,0.33840926800521315,0.18979269292656734,2035200000000
2019-05-24 13:15:00+00:00,0.33093600009235197,0.19539286717286652,2035500000000
2019-05-24 13:20:00+00:00,0.34886512489283694,0.2029809339635881,2035800000000
2019-05-24 13:25:00+00:00,0.3256133151712727,0.22672099629851367,2036100000000
2019-05-24 13:30:00+00:00,0.35236055742065464,0.19112678463206673,2036400000000
2019-05-24 13:35:00+00:00,0.3089176279424864,0.20896344139870077,2036700000000
2019-05-24 13:40:00+00:00,0.3082456207387104,0.18738921437224795,2037000000000
2019-05-24 13:45:00+00:00,0.34257111299909926,0.22968319806801324,2037300000000
2019-05-24 13:50:00+00:00,0.32558629624063,0.22700415861905904,2037600000000
2019-05-24 13:55:00+00:00,0.31675062947750776,0.19174633036476654,2037900000000
2019-05-24 14:00:00+00:00,0.34203829855050844,0.19892170693832173,2038200000000
2019-05-24 14:05:00+00:00,0.31043877454144064,0.18758684136216644,2038500000000
2019-05-24 14:10:00+00:00,0.31686580289703725,0.18822406829811972,2038800000000
2019-05-24 14:15:00+00:00,0.347080000846806,0.17510867139330905,2039100000000
2019-05-24 14:20:00+00:00,0.3480445424484497,0.23987633294477126,2039400000000
2019-05-24 14:25:00+00:00,0.346817432623306,0.2130061599216074,2039700000000
2019-05-24 14:30:00+00:00,0.30777715217167345,0.161404307601983,2040000000000
2019-05-24 14:35:00+00:00,0.3360272861191773,0.16026590526753823,2040300000000
2019-05-24 14:40:00+00:00,0.5001620855689772,0.2535452666827793,2040600000000
2019-05-24 14:45:00+00:00,0.45692827193038693,0.2895665718919822,2040900000000
2019-05-24 14:50:00+00:00,0.38392872441849035,0.2179776832829523,2041200000000
2019-05-24 14:55:00+00:00,0.4202140819428675,0.24303043580361786,2041500000000
2019-05-24 15:00:00+00:00,0.32524442643887164,0.20490974115409943,2041800000000
2019-05-24 15:05:00+00:00,0.29571019566129075,0.16710515427473888,2042100000000
2019-05-24 15:10:00+00:00,0.2776598220815612,0.177526381570007,2042400000000
2019-05-24 15:15:00+00:00,0.3073468438982803,0.18631338762650249,2042700000000
2019-05-24 15:20:00+00:00,0.28346102379418736,0.16839402261352768,2043000000000
2019-05-24 15:25:00+00:00,0.2623616274633958,0.1259619683642077,2043300000000
2019-05-24 15:30:00+00:00,0.29473079896836124,0.16044385225223956,2043600000000
2019-05-24 15:35:00+00:00,0.25461906898055403,0.16482214870006973,2043900000000
2019-05-24 15:40:00+00:00,0.26389946205745773,0.1446992409371936,2044200000000
2019-05-24 15:45:00+00:00,0.23582275266041874,0.16560104271194107,2044500000000
2019-05-24 15:50:00+00:00,0.24675466789696082,0.19498082721804444,2044800000000
2019-05-24 15:55:00+00:00,0.276039349896263,0.17875131595458424,2045100000000
2019-05-24 16:00:00+00:00,0.23037594590460977,0.16808220537006902,2045400000000
2019-05-24 16:05:00+00:00,0.23720595640103154,0.15673811860654027,2045700000000
2019-05-24 16:10:00+00:00,0.2639093581070423,0.14766037441078161,2046000000000
2019-05-24 16:15:00+00:00,0.25017949894432195,0.15411073266274164,2046300000000
2019-05-24 16:20:00+00:00,0.29795569420251333,0.21903983544345684,2046600000000
2019-05-24 16:25:00+00:00,0.29182604551040975,0.1646245524536968,2046900000000
2019-05-24 16:30:00+00:00,0.23479406559974145,0.12008989338228339,2047200000000
2019-05-24 16:35:00+00:00,0.2602723469995115,0.13347951973740152,2047500000000
2019-05-24 16:40:00+00:00,0.2610664504142194,0.15228928257186064,2047800000000
2019-05-24 16:45:00+00:00,0.23105800930165166,0.11856536380812974,2048100000000
2019-05-24 16:50:00+00:00,0.2100005947512318,0.15948074539948381,2048400000000
2019-05-24 16:55:00+00:00,0.23654782756293202,0.14625582722958497,2048700000000
2019-05-24 17:00:00+00:00,0.23019927660242975,0.1575540921566679,2049000000000
2019-05-24 17:05:00+00:00,0.22178481613173692,0.12709758186744818,2049300000000
2019-05-24 17:10:00+00:00,0.23617339056511383,0.11890009038394592,2049600000000
2019-05-24 17:15:00+00:00,0.2091239561623096,0.09928649478872022,2049900000000
2019-05-24 17:20:00+00:00,0.1978961645873443,0.10057786390884416,2050200000000
2019-05-24 17:25:00+00:00,0.21990294511326122,0.13889227694849096,2050500000000
2019-05-24 17:30:00+00:00,0.22221499735105185,0.14372665704599008,2050800000000
2019-05-24 17:35:00+00:00,0.1877276879053497,0.12470053420438351,2051100000000
2019-05-24 17:40:00+00:00,0.2265796180764159,0.10617431717021242,2051400000000
2019-05-24 17:45:00+00:00,0.16935917996233069,0.101607324259433,2051700000000
2019-05-24 17:50:00+00:00,0.18995286115270782,0.09345048007377683,2052000000000
2019-05-24 17:55:00+00:00,0.19309817314234604,0.1238882232370982,2052300000000
2019-05-24 18:00:00+00:00,0.18227552574696068,0.11894685655812545,2052600000000
2019-05-24 18:05:00+00:00,0.18044044666268078,0.0848208070570797,2052900000000
2019-05-24 18:10:00+00:00,0.22590635931914016,0.15490440773541106,2053200000000
2019-05-24 18:15:00+00:00,0.16821351550136832,0.14770456813138588,2053500000000
2019-05-24 18:20:00+00:00,0.23080662859284679,0.1551806919074013,2053800000000
2019-05-24 18:25:00+00:00,0.18748194881126884,0.1092324884957392,2054100000000
2019-05-24 18:30:00+00:00,0.17734550724656828,0.10007639028374612,2054400000000
2019-05-24 18:35:00+00:00,0.18180352136148728,0.1049008331834422,2054700000000
2019-05-24 18:40:00+00:00,0.21966243944611044,0.11658278673212605,2055000000000
2019-05-24 18:45:00+00:00,0.14598959161895222,0.09264171910441231,2055300000000
2019-05-24 18:50:00+00:00,0.14026458841944667,0.0613895012285819,2055600000000
2019-05-24 18:55:00+00:00,0.144402569997415,0.04884758626649099,2055900000000
2019-05-24 19:00:00+00:00,0.15698667284057782,0.09858403734061766,2056200000000
2019-05-24 19:05:00+00:00,0.11869078095465393,0.07163912988830878,2056500000000
2019-05-24 19:10:00+00:00,0.15053535930517487,0.07889781525436104,2056800000000
2019-05-24 19:15:00+00:00,0.18086335620613234,0.08286408127147207,2057100000000
2019-05-24 19:20:00+00:00,0.14694734853586786,0.09396328965980141,2057400000000
2019-05-24 19:25:00+00:00,0.13501669618905127,0.06120651694202175,2057700000000
2019-05-24 19:30:00+00:00,0.12548427617156543,0.07251167868563256,2058000000000
2019-05-24 19:35:00+00:00,0.15282211950110772,0.12699270878319352,2058300000000
2019-05-24 19:40:00+00:00,0.11536838305191059,0.08224482522265403,2058600000000
2019-05-24 19:45:00+00:00,0.16587628154580447,0.07214311567984874,2058900000000
2019-05-24 19:50:00+00:00,0.1647104585245874,0.07332924369450639,2059200000000
2019-05-24 19:55:00+00:00,0.12830614507977237,0.08002006890273859,2059500000000
2019-05-24 20:00:00+00:00,0.12010303157179757,0.04455540530189811,2059800000000
2019-05-24 20:05:00+00:00,0.13814442966297652,0.04285214817310017,2060100000000
2019-05-24 20:10:00+00:00,0.13666213990363585,0.09264472416811598,2060400000000
2019-05-24 20:15:00+00:00,0.09591963042587014,0.06397049334193944,2060700000000
2019-05-24 20:20:00+00:00,0.09882132077349721,0.06830475908968098,2061000000000
2019-05-24 20:25:00+00:00,0.08025938182957426,0.05341633273410263,2061300000000
2019-05-24 20:30:00+00:00,0.11228375108203997,0.06606403641577609,2061600000000
2019-05-24 20:35:00+00:00,0.11487459239708522,0.05568098448471792,2061900000000
2019-05-24 20:40:00+00:00,0.07202779023423925,0.053539373462302406,2062200000000
2019-05-24 20:45:00+00:00,0.08745248297200144,0.08306915955130387,2062500000000
2019-05-24 20:50:00+00:00,0.06718861272824506,0.030288587488077952,2062800000000
2019-05-24 20:55:00+00:00,0.0737831565388933,0.023855089719170004,2063100000000
2019-05-24 21:00:00+00:00,0.10045432402654364,0.0375702060277014,2063400000000
2019-05-24 21:05:00+00:00,0.07248965324636014,0.026159187281141735,2063700000000
2019-05-24 21:10:00+00:00,0.07891965813561382,0.05140376537088977,2064000000000
2019-05-24 21:15:00+00:00,0.05021946098587192,0.0,2064300000000
2019-05-24 21:20:00+00:00,0.08438869328220346,0.05941662445796859,2064600000000
2019-05-24 21:25:00+00:00,0.07770130558361824,0.05949904355609406,2064900000000
2019-05-24 21:30:00+00:00,0.06200114728898422,0.0012391211745329256,2065200000000
2019-05-24 21:35:00+00:00,0.07085024562845015,0.022926538651518103,2065500000000
2019-05-24 21:40:00+00:00,0.07634420207783138,0.0474001408436071,2065800000000
2019-05-24 21:45:00+00:00,0.054607195176431804,0.029894922499771125,2066100000000
2019-05-24 21:50:00+00:00,0.10514725867687845,0.07348110457149888,2066400000000
2019-05-24 21:55:00+00:00,0.14285288835454887,0.082888996582402,2066700000000
2019-05-24 22:00:00+00:00,0.06620586951278863,0.06501891224317248,2067000000000
2019-05-24 22:05:00+00:00,0.062236340135691154,0.030918416100541052,2067300000000
2019-05-24 22:10:00+00:00,0.0828596141681173,0.0300551087664753,2067600000000
2019-05-24 22:15:00+00:00,0.13175852585483983,0.057786278187668766,2067900000000
2019-05-24 22:20:00+00:00,0.03488632516894778,0.03564116528700245,2068200000000
2019-05-24 22:25:00+00:00,0.06743593351772481,0.04105398294977321,2068500000000
2019-05-24 22:30:00+00:00,0.043017024417424006,0.0384845326649583,2068800000000
2019-05-24 22:35:00+00:00,0.04518690240493587,0.03937459142754521,2069100000000
2019-05-24 22:40:00+00:00,0.04041964423975536,0.0,2069400000000
2019-05-24 22:45:00+00:00,0.031239047886388985,0.0,2069700000000
2019-05-24 22:50:00+00:00,0.05192218570762834,0.01074081061450059,2070000000000
2019-05-24 22:55:00+00:00,0.022321912545590638,0.0,2070300000000
2019-05-24 23:00:00+00:00,0.06988061072021087,0.033521259900596005,2070600000000
2019-05-24 23:05:00+00:00,0.05124597047089997,0.0507305741748837,2070900000000
2019-05-24 23:10:00+00:00,0.05786540950115045,0.05868889274836825,2071200000000
2019-05-24 23:15:00+00:00,0.03943343570059078,0.017802244816294534,2071500000000
2019-05-24 23:20:00+00:00,0.040823647252822656,0.019468571125198703,2071800000000
2019-05-24 23:25:00+00:00,0.05339982931096025,0.017931223105430424,2072100000000
2019-05-24 23:30:00+00:00,0.023918924812478714,0.016135108832258112,2072400000000
2019-05-24 23:35:00+00:00,0.03966229613394103,0.02784779533504335,2072700000000
2019-05-24 23:40:00+00:00,0.029322969453113336,0.03372329277191331,2073000000000
2019-05-24 23:45:00+00:00,0.02846811863572242,0.03304964570108451,2073300000000
2019-05-24 23:50:00+00:00,0.003918224172430873,0.0,2073600000000
2019-05-24 23:55:00+00:00,0.07280833883872476,0.04063410435049249,2073900000000
2019-05-25 00:00:00+00:00,0.032269224936924634,0.04704353557995686,2074200000000
2019-05-25 00:05:00+00:00,0.0693171059301735,0.03282796501200576,2074500000000
2019-05-25 00:10:00+00:00,0.06754639096838494,0.06331267094829673,2074800000000
2019-05-25 00:15:00+00:00,0.020642834050546156,0.006256664430103916,2075100000000
2019-05-25 00:20:00+00:00,0.024858126128336953,0.018413345025841448,2075400000000
2019-05-25 00:25:00+00:00,0.09817105289820985,0.03616481789094292,2075700000000
2019-05-25 00:30:00+00:00,0.08238512296580472,0.027446102628152537,2076000000000
2019-05-25 00:35:00+00:00,0.047212625385496046,0.042837406676557915,2076300000000
2019-05-25 00:40:00+00:00,0.05353741028762754,0.04975881177658982,2076600000000
2019-05-25 00:45:00+00:00,0.03639027988057141,0.0223627460523527,2076900000000
2019-05-25 00:50:00+00:00,0.1707653706693786,0.07790873754885934,2077200000000
2019-05-25 00:55:00+00:00,0.13054384528549715,0.07920239830344257,2077500000000
2019-05-25 01:00:00+00:00,0.08707892086118088,0.07739205173019409,2077800000000
2019-05-25 01:05:00+00:00,0.08420235252097157,0.08537874091361815,2078100000000
2019-05-25 01:10:00+00:00,0.09403133507243255,0.05008464239694124,2078400000000
2019-05-25 01:15:00+00:00,0.054032234911910185,0.0,2078700000000
2019-05-25 01:20:00+00:00,0.05392277980606486,0.049160939874734494,2079000000000
2019-05-25 01:25:00+00:00,0.03494170993003343,0.015445764028920037,2079300000000
2019-05-25 01:30:00+00:00,0.04202099167326784,0.044073407835181495,2079600000000
2019-05-25 01:35:00+00:00,0.0760304731492362,0.0512397283898941,2079900000000
2019-05-25 01:40:00+00:00,0.06528122067508084,0.0214998502898115,2080200000000
2019-05-25 01:45:00+00:00,0.061567467010496514,0.038105367419485524,2080500000000
2019-05-25 01:50:00+00:00,0.08083321004023508,0.0746666933652276,2080800000000
2019-05-25 01:55:00+00:00,0.07442260295526672,0.04167048199381516,2081100000000
2019-05-25 02:00:00+00:00,0.09536078859069404,0.03652036988550887,2081400000000
2019-05-25 02:05:00+00:00,0.058913256374976214,0.003575070453052595,2081700000000
2019-05-25 02:10:00+00:00,0.06125969466862877,0.021312523063884224,2082000000000
2019-05-25 02:15:00+00:00,0.045632372826791695,0.019176698460655377,2082300000000
2019-05-25 02:20:00+00:00,0.0649364678980918,0.055361863457200254,2082600000000
2019-05-25 02:25:00+00:00,0.09473148502370402,0.03442190565798997,2082900000000
2019-05-25 02:30:00+00:00,0.103413413068226,0.09312308555552831,2083200000000
2019-05-25 02:35:00+00:00,0.09865398645335557,0.03244934765518951,2083500000000
2019-05-25 02:40:00+00:00,0.04565394064560753,0.07402208623850126,2083800000000
2019-05-25 02:45:00+00:00,0.10534526646470233,0.09771753101391081,2084100000000
2019-05-25 02:50:00+00:00,0.04911024923526269,0.03228947452891746,2084400000000
2019-05-25 02:55:00+00:00,0.10609386328459484,0.030702447275365065,2084700000000
2019-05-25 03:00:00+00:00,0.08307829229059645,0.04873849413470943,2085000000000
2019-05-25 03:05:00+00:00,0.1068375968002248,0.05636573892040476,2085300000000
2019-05-25 03:10:00+00:00,0.06854027967753933,0.015638423345505116,2085600000000
2019-05-25 03:15:00+00:00,0.12106314705577756,0.07845808077841539,2085900000000
2019-05-25 03:20:00+00:00,0.07083791918047791,0.026029888911173867,2086200000000
2019-05-25 03:25:00+00:00,0.08931182539977264,0.03928897829887196,2086500000000
2019-05-25 03:30:00+00:00,0.08530722642664466,0.04711076316453969,2086800000000
2019-05-25 03:35:00+00:00,0.07281507791123455,0.03219087017262666,2087100000000
2019-05-25 03:40:00+00:00,0.11246519701022273,0.10904225054833422,2087400000000
2019-05-25 03:45:00+00:00,0.14941124740380107,0.07893245578228965,2087700000000
2019-05-25 03:50:00+00:00,0.16938205208326362,0.11044685147784768,2088000000000
2019-05-25 03:55:00+00:00,0.1207799047954221,0.07537839272146049,2088300000000
2019-05-25 04:00:00+00:00,0.1440002921680178,0.09345517980598812,2088600000000
2019-05-25 04:05:00+00:00,0.12917413297621833,0.08608624785794963,2088900000000
2019-05-25 04:10:00+00:00,0.13740981635455327,0.1000731195448544,2089200000000
2019-05-25 04:15:00+00:00,0.12352205677793746,0.07944215557913531,2089500000000
2019-05-25 04:20:00+00:00,0.13723102146957175,0.08683652877946944,2089800000000
2019-05-25 04:25:00+00:00,0.14707368172443097,0.08941375040402137,2090100000000
2019-05-25 04:30:00+00:00,0.12777829056770731,0.0738986172938249,2090400000000
2019-05-25 04:35:00+00:00,0.1408482971484747,0.06627302065587126,2090700000000
2019-05-25 04:40:00+00:00,0.14430615389897794,0.08536632479098273,2091000000000
2019-05-25 04:45:00+00:00,0.1651038132178026,0.10388763543599222,2091300000000
2019-05-25 04:50:00+00:00,0.13037904219736007,0.08627071644987194,2091600000000
2019-05-25 04:55:00+00:00,0.15381424816764108,0.09589424436038937,2091900000000
2019-05-25 05:00:00+00:00,0.1962505859490112,0.11309125130043604,2092200000000
2019-05-25 05:05:00+00:00,0.18447554142501232,0.10954372679108944,2092500000000
2019-05-25 05:10:00+00:00,0.19137874999817062,0.10375432030788653,2092800000000
2019-05-25 05:15:00+00:00,0.16810008850114172,0.1071245329208163,2093100000000
2019-05-25 05:20:00+00:00,0.1772616135125695,0.10193440354925926,2093400000000
2019-05-25 05:25:00+00:00,0.1941289931833479,0.12008861467395814,2093700000000
2019-05-25 05:30:00+00:00,0.20854284842427606,0.14514176992221667,2094000000000
2019-05-25 05:35:00+00:00,0.14156846607010526,0.07075390144921476,2094300000000
2019-05-25 05:40:00+00:00,0.15756225689130032,0.10647126175298988,2094600000000
2019-05-25 05:45:00+00:00,0.21333674597686153,0.12866625118382435,2094900000000
2019-05-25 05:50:00+00:00,0.18489152700204609,0.15135878819284276,2095200000000
2019-05-25 05:55:00+00:00,0.1802794625707651,0.10384167097318886,2095500000000
2019-05-25 06:00:00+00:00,0.17191678026008705,0.11705335981907355,2095800000000
2019-05-25 06:05:00+00:00,0.18918578761318938,0.11381854160303316,2096100000000
2019-05-25 06:10:00+00:00,0.17552330021410384,0.07754788996219242,2096400000000
2019-05-25 06:15:00+00:00,0.24867402150583925,0.13879063099312067,2096700000000
2019-05-25 06:20:00+00:00,0.20968019592808954,0.1434175396654216,2097000000000
2019-05-25 06:25:00+00:00,0.21224046483698517,0.11869038969002564,2097300000000
2019-05-25 06:30:00+00:00,0.22842379566969745,0.0926491511050262,2097600000000
2019-05-25 06:35:00+00:00,0.2391626335360445,0.1428695197831366,2097900000000
2019-05-25 06:40:00+00:00,0.24207610089224205,0.123398934576325,2098200000000
2019-05-25 06:45:00+00:00,0.24786098718056865,0.15135294696027557,2098500000000
2019-05-25 06:50:00+00:00,0.21698791996378874,0.1612156936062336,2098800000000
2019-05-25 06:55:00+00:00,0.2268483255275675,0.15149814153259858,2099100000000
2019-05-25 07:00:00+00:00,0.2513701565408907,0.18155521049933396,2099400000000
2019-05-25 07:05:00+00:00,0.22860712642741177,0.1259340354275572,2099700000000
2019-05-25 07:10:00+00:00,0.24219818172954014,0.14245558236501343,2100000000000
2019-05-25 07:15:00+00:00,0.2533995284173025,0.1311509931142259,2100300000000
2019-05-25 07:20:00+00:00,0.2642289453672782,0.144856498319565,2100600000000
2019-05-25 07:25:00+00:00,0.21604819760626387,0.11109122191803472,2100900000000
2019-05-25 07:30:00+00:00,0.26894742785254333,0.13523399732728686,2101200000000
2019-05-25 07:35:00+00:00,0.2530014112106615,0.17911797923302372,2101500000000
2019-05-25 07:40:00+00:00,0.2748196712561702,0.12305259685317366,2101800000000
2019-05-25 07:45:00+00:00,0.27917360404661273,0.19490694052405877,2102100000000
2019-05-25 07:50:00+00:00,0.29872614876319636,0.2041568677563224,2102400000000
2019-05-25 07:55:00+00:00,0.2965368327347749,0.18791795315044488,2102700000000
2019-05-25 08:00:00+00:00,0.29926476658554074,0.15726871458944305,2103000000000
2019-05-25 08:05:00+00:00,0.3040366173296261,0.15077846816891152,2103300000000
2019-05-25 08:10:00+00:00,0.283783632059454,0.15930210561040112,2103600000000
2019-05-25 08:15:00+00:00,0.28135423669367704,0.1813149511430047,2103900000000
2019-05-25 08:20:00+00:00,0.3008816960051119,0.18059029035188062,2104200000000
2019-05-25 08:25:00+00:00,0.30074084406097795,0.15957451653469162,2104500000000
2019-05-25 08:30:00+00:00,0.28254955628320805,0.19249382946305463,2104800000000
2019-05-25 08:35:00+00:00,0.29941554455932784,0.21333699329922745,2105100000000
2019-05-25 08:40:00+00:00,0.2931606565617343,0.17136441065674862,2105400000000
2019-05-25 08:45:00+00:00,0.27928154742914296,0.1697556665294327,2105700000000
2019-05-25 08:50:00+00:00,0.3246199681920982,0.16459500724266898,2106000000000
2019-05-25 08:55:00+00:00,0.30231705432905276,0.17310249827525093,2106300000000
2019-05-25 09:00:00+00:00,0.3445401823319582,0.21693290895919481,2106600000000
2019-05-25 09:05:00+00:00,0.2733586377938572,0.17111231348146988,2106900000000
2019-05-25 09:10:00+00:00,0.29698380284242737,0.16803692472126228,2107200000000
2019-05-25 09:15:00+00:00,0.3109704145223315,0.18109737854386992,2107500000000
2019-05-25 09:20:00+00:00,0.3352098439759809,0.1921816916546975,2107800000000
2019-05-25 09:25:00+00:00,0.3225415043604204,0.18795560834188454,2108100000000
2019-05-25 09:30:00+00:00,0.32279578946063325,0.20214216972674248,2108400000000
2019-05-25 09:35:00+00:00,0.2960186370112609,0.13826044049937408,2108700000000
2019-05-25 09:40:00+00:00,0.29734508980987184,0.17692006358976464,2109000000000
2019-05-25 09:45:00+00:00,0.3287955350511785,0.20427683174322087,2109300000000
2019-05-25 09:50:00+00:00,0.29686548588445516,0.16670959781785155,2109600000000
2019-05-25 09:55:00+00:00,0.3152520033729335,0.17956454114446246,2109900000000
2019-05-25 10:00:00+00:00,0.33758882381604954,0.19354540547332075,2110200000000
2019-05-25 10:05:00+00:00,0.3095430834661459,0.17614485060894433,2110500000000
2019-05-25 10:10:00+00:00,0.36285318866841326,0.21782958875805544,2110800000000
2019-05-25 10:15:00+00:00,0.35671797144799544,0.21661083802907294,2111100000000
2019-05-25 10:20:00+00:00,0.30223999031095455,0.13933370786189675,2111400000000
2019-05-25 10:25:00+00:00,0.31638540811538723,0.2028888522986781,2111700000000
2019-05-25 10:30:00+00:00,0.29061638498679426,0.16856985330513738,2112000000000
2019-05-25 10:35:00+00:00,0.32191324203034605,0.23180720872757832,2112300000000
2019-05-25 10:40:00+00:00,0.3540594404271118,0.1886026934782929,2112600000000
2019-05-25 10:45:00+00:00,0.331553287245435,0.18158568217217436,2112900000000
2019-05-25 10:50:00+00:00,0.3500790430401084,0.2059892462523998,2113200000000
2019-05-25 10:55:00+00:00,0.3113802362366994,0.19509265073574036,2113500000000
2019-05-25 11:00:00+00:00,0.3586817123683309,0.17619368087356851,2113800000000
2019-05-25 11:05:00+00:00,0.3324463481356446,0.18288580783906463,2114100000000
2019-05-25 11:10:00+00:00,0.3445489058247592,0.2185557467063324,2114400000000
2019-05-25 11:15:00+00:00,0.34313530203262343,0.1869187022909232,2114700000000
2019-05-25 11:20:00+00:00,0.3201790814228742,0.21950797638124908,2115000000000
2019-05-25 11:25:00+00:00,0.323095317713146,0.18477951865090614,2115300000000
2019-05-25 11:30:00+00:00,0.36598928525280694,0.20160610712484622,2115600000000
2019-05-25 11:35:00+00:00,0.3550188494389375,0.2252161948191529,2115900000000
2019-05-25 11:40:00+00:00,0.3683746299892749,0.25317712573005385,2116200000000
2019-05-25 11:45:00+00:00,0.35413033652917425,0.22080612709238248,2116500000000
2019-05-25 11:50:00+00:00,0.3506892681556852,0.23562214887787628,2116800000000
2019-05-25 11:55:00+00:00,0.3134302027997621,0.22159082849259654,2117100000000
2019-05-25 12:00:00+00:00,0.34259266606477656,0.18711842604031437,2117400000000
2019-05-25 12:05:00+00:00,0.3474305065428003,0.22722613060687188,2117700000000
2019-05-25 12:10:00+00:00,0.38694715498050786,0.20169888280223378,2118000000000
2019-05-25 12:15:00+00:00,0.5581554946002412,0.34339134739587235,2118300000000
2019-05-25 12:20:00+00:00,0.3782059839035079,0.22549723253180837,2118600000000
2019-05-25 12:25:00+00:00,0.35912864929568705,0.24033619363825345,2118900000000
2019-05-25 12:30:00+00:00,0.3325739980004148,0.2229894290599457,2119200000000
2019-05-25 12:35:00+00:00,0.3486939331153836,0.2206120268799182,2119500000000
2019-05-25 12:40:00+00:00,0.35055674698822736,0.21630260618259278,2119800000000
2019-05-25 12:45:00+00:00,0.32645968066507064,0.2060431819334814,2120100000000
2019-05-25 12:50:00+00:00,0.3368955424250203,0.2033727428825431,2120400000000
2019-05-25 12:55:00+00:00,0.3397387483762235,0.202619334203576,2120700000000
2019-05-25 13:00:00+00:00,0.37516793726132935,0.25395232580184646,2121000000000
2019-05-25 13:05:00+00:00,0.3005732232056256,0.21160173031693885,2121300000000
2019-05-25 13:10:00+00:00,0.36536835547099983,0.21638782932855574,2121600000000
2019-05-25 13:15:00+00:00,0.3215119480584122,0.19765989689526223,2121900000000
2019-05-25 13:20:00+00:00,0.42472467796938007,0.2564679112770835,2122200000000
2019-05-25 13:25:00+00:00,0.3842341633792327,0.1983065291887957,2122500000000
2019-05-25 13:30:00+00:00,0.35146989126138056,0.2041532232045882,2122800000000
2019-05-25 13:35:00+00:00,0.3606509848044299,0.24838467490361998,2123100000000
2019-05-25 13:40:00+00:00,0.35023798478418716,0.19514727336987608,2123400000000
2019-05-25 13:45:00+00:00,0.37401947793131674,0.26670255600481607,2123700000000
2019-05-25 13:50:00+00:00,0.3425316572711795,0.22896152055449537,2124000000000
2019-05-25 13:55:00+00:00,0.3266989102781067,0.2040493091777882,2124300000000
2019-05-25 14:00:00+00:00,0.3350956714474255,0.2122742685879837,2124600000000
2019-05-25 14:05:00+00:00,0.35145338539008336,0.1925278973073495,2124900000000
2019-05-25 14:10:00+00:00,0.5007629966161389,0.29515322292518925,2125200000000
2019-05-25 14:15:00+00:00,0.3483538052224141,0.23784026533988364,2125500000000
2019-05-25 14:20:00+00:00,0.315082495240278,0.1767589103606961,2125800000000
2019-05-25 14:25:00+00:00,0.27727781244259475,0.18758932260453284,2126100000000
2019-05-25 14:30:00+00:00,0.32018123587870456,0.16456793773848158,2126400000000
2019-05-25 14:35:00+00:00,0.2776906539404667,0.14265122411477982,2126700000000
2019-05-25 14:40:00+00:00,0.3144122971709433,0.2266750716142923,2127000000000
2019-05-25 14:45:00+00:00,0.3285400995778851,0.19688731682192456,2127300000000
2019-05-25 14:50:00+00:00,0.29952629353086474,0.168945778378632,2127600000000
2019-05-25 14:55:00+00:00,0.3403830228238129,0.23148463023426696,2127900000000
2019-05-25 15:00:00+00:00,0.27535599918961084,0.19013003061303657,2128200000000
2019-05-25 15:05:00+00:00,0.3260660608888679,0.21405472783846552,2128500000000
2019-05-25 15:10:00+00:00,0.31336905004826454,0.1766234716407166,2128800000000
2019-05-25 15:15:00+00:00,0.26312287396546297,0.15213537286052425,2129100000000
2019-05-25 15:20:00+00:00,0.34918958298934727,0.21574632626810294,2129400000000
2019-05-25 15:25:00+00:00,0.29118305956197466,0.18859782258012953,2129700000000
2019-05-25 15:30:00+00:00,0.27234786724153,0.15323904886454726,2130000000000
2019-05-25 15:35:00+00:00,0.2591519255810774,0.15890589756106036,2130300000000
2019-05-25 15:40:00+00:00,0.2802472160105767,0.17349615562229417,2130600000000
2019-05-25 15:45:00+00:00,0.2794123975051403,0.19338283363058922,2130900000000
2019-05-25 15:50:00+00:00,0.2812867407117054,0.18386136100572562,2131200000000
2019-05-25 15:55:00+00:00,0.270512843377377,0.1321716731297204,2131500000000
2019-05-25 16:00:00+00:00,0.2863311728689692,0.1675260975516738,2131800000000
2019-05-25 16:05:00+00:00,0.2630762742402,0.13927009714445165,2132100000000
2019-05-25 16:10:00+00:00,0.22925745408488812,0.14891622086316633,2132400000000
2019-05-25 16:15:00+00:00,0.2620644069531892,0.17570171118201441,2132700000000
2019-05-25 16:20:00+00:00,0.2147654084158645,0.13089036476172358,2133000000000
2019-05-25 16:25:00+00:00,0.2662235272077491,0.15437157571209245,2133300000000
2019-05-25 16:30:00+00:00,0.23656651024911088,0.1433233020101862,2133600000000
2019-05-25 16:35:00+00:00,0.25639680172976087,0.1580164665074116,2133900000000
2019-05-25 16:40:00+00:00,0.27636229890712144,0.15301538630993472,2134200000000
2019-05-25 16:45:00+00:00,0.22803261255678275,0.11244534551868235,2134500000000
2019-05-25 16:50:00+00:00,0.26513655065143726,0.11807914953975529,2134800000000
2019-05-25 16:55:00+00:00,0.23212600521537324,0.1646192457640016,2135100000000
2019-05-25 17:00:00+00:00,0.2727200861400227,0.1735593765567129,2135400000000
2019-05-25 17:05:00+00:00,0.22719705380718405,0.14356845251119388,2135700000000
2019-05-25 17:10:00+00:00,0.21451719349168924,0.15401429385407253,2136000000000
2019-05-25 17:15:00+00:00,0.24188331731032633,0.12002063019234745,2136300000000
2019-05-25 17:20:00+00:00,0.21622032094645763,0.0950195750507742,2136600000000
2019-05-25 17:25:00+00:00,0.2048922954236834,0.13062001558459183,2136900000000
2019-05-25 17:30:00+00:00,0.20893879848559746,0.13122870660022706,2137200000000
2019-05-25 17:35:00+00:00,0.2143684561396897,0.09399493749035874,2137500000000
2019-05-25 17:40:00+00:00,0.23886140848149034,0.15050726633170364,2137800000000
2019-05-25 17:45:00+00:00,0.17008704780866396,0.09404776963720703,2138100000000
2019-05-25 17:50:00+00:00,0.20597674350603232,0.10744428490886775,2138400000000
2019-05-25 17:55:00+00:00,0.21475641575937804,0.12218537528997855,2138700000000
2019-05-25 18:00:00+00:00,0.20286897149983416,0.07289081148153109,2139000000000
2019-05-25 18:05:00+00:00,0.22193895952237425,0.12133589124558578,2139300000000
2019-05-25 18:10:00+00:00,0.19099796307781064,0.10051288645700228,2139600000000
2019-05-25 18:15:00+00:00,0.18554016843842636,0.12246615000177861,2139900000000
2019-05-25 18:20:00+00:00,0.19782878508367432,0.11553266831998686,2140200000000
2019-05-25 18:25:00+00:00,0.18472568951567375,0.12361279118298188,2140500000000
2019-05-25 18:30:00+00:00,0.17169622973471801,0.05202695094609719,2140800000000
2019-05-25 18:35:00+00:00,0.18660159508546476,0.09517899259985789,2141100000000
2019-05-25 18:40:00+00:00,0.1600133185967375,0.10712793218947138,2141400000000
2019-05-25 18:45:00+00:00,0.15763790865719365,0.08840545258285308,2141700000000
2019-05-25 18:50:00+00:00,0.15611306636286118,0.11057705047720405,2142000000000
2019-05-25 18:55:00+00:00,0.19056127713218057,0.07824470809152387,2142300000000
2019-05-25 19:00:00+00:00,0.09592348278157134,0.07217630646273229,2142600000000
2019-05-25 19:05:00+00:00,0.16511818014616736,0.08628812373199961,2142900000000
2019-05-25 19:10:00+00:00,0.15477401080281022,0.07814046479403265,2143200000000
2019-05-25 19:15:00+00:00,0.1173750043530955,0.09024594355040634,2143500000000
2019-05-25 19:20:00+00:00,0.15411373630609135,0.11570626438278492,2143800000000
2019-05-25 19:25:00+00:00,0.15438544520518646,0.11332526104485752,2144100000000
2019-05-25 19:30:00+00:00,0.15364026977238504,0.13295700036439634,2144400000000
2019-05-25 19:35:00+00:00,0.08581532414918042,0.07682526665837494,2144700000000
2019-05-25 19:40:00+00:00,0.16321282675375937,0.08201896437760964,2145000000000
2019-05-25 19:45:00+00:00,0.11819362904012182,0.0737489399867861,2145300000000
2019-05-25 19:50:00+00:00,0.14377461850536286,0.07906081293351902,2145600000000
2019-05-25 19:55:00+00:00,0.14199260472018144,0.12577736003109016,2145900000000
2019-05-25 20:00:00+00:00,0.10679939162094741,0.08617703406654262,2146200000000
2019-05-25 20:05:00+00:00,0.13474043254517548,0.07706665679283617,2146500000000
2019-05-25 20:10:00+00:00,0.11105630504084132,0.08419197897956483,2146800000000
2019-05-25 20:15:00+00:00,0.07461192146029441,0.020123183549914547,2147100000000
2019-05-25 20:20:00+00:00,0.13670726194678948,0.08702959192098314,2147400000000
2019-05-25 20:25:00+00:00,0.09520543126291797,0.03836480890568909,2147700000000
2019-05-25 20:30:00+00:00,0.09101258306059694,0.020835705823810023,2148000000000
2019-05-25 20:35:00+00:00,0.09748071736721217,0.07417915517092397,2148300000000
2019-05-25 20:40:00+00:00,0.10847103749801171,0.08325444440255805,2148600000000
2019-05-25 20:45:00+00:00,0.0994110528518818,0.0687908844353688,2148900000000
2019-05-25 20:50:00+00:00,0.10909502957401469,0.0617976769330788,2149200000000
2019-05-25 20:55:00+00:00,0.06896936541319612,0.016054446150989485,2149500000000
2019-05-25 21:00:00+00:00,0.07858625541340525,0.0239248158336982,2149800000000
2019-05-25 21:05:00+00:00,0.08883935313349435,0.03391801228532067,2150100000000
2019-05-25 21:10:00+00:00,0.12689392310943318,0.07146288803116144,2150400000000
2019-05-25 21:15:00+00:00,0.08448944477654521,0.07221724153802543,2150700000000
2019-05-25 21:20:00+00:00,0.10635333436094214,0.08502008483813833,2151000000000
2019-05-25 21:25:00+00:00,0.08335787535619957,0.017043373221462196,2151300000000
2019-05-25 21:30:00+00:00,0.07090715954089548,0.028679628990198342,2151600000000
2019-05-25 21:35:00+00:00,0.07369604309981273,0.029814405468450857,2151900000000
2019-05-25 21:40:00+00:00,0.0733699102271843,0.0,2152200000000
2019-05-25 21:45:00+00:00,0.08697747293383289,0.06350890269929789,2152500000000
2019-05-25 21:50:00+00:00,0.10062239736848735,0.05545024193472198,2152800000000
2019-05-25 21:55:00+00:00,0.07860961413056275,0.044902917745718134,2153100000000
2019-05-25 22:00:00+00:00,0.09350440967383679,0.08302006697181484,2153400000000
2019-05-25 22:05:00+00:00,0.048875747446834705,0.031091628733787964,2153700000000
2019-05-25 22:10:00+00:00,0.058350209291429915,0.026395516275537594,2154000000000
2019-05-25 22:15:00+00:00,0.05069137141927636,0.04185637527166468,2154300000000
2019-05-25 22:20:00+00:00,0.07006494598422168,0.06321640452204424,2154600000000
2019-05-25 22:25:00+00:00,0.05526022153960592,0.03908548424474806,2154900000000
2019-05-25 22:30:00+00:00,0.07576352886399129,0.059241909292357744,2155200000000
2019-05-25 22:35:00+00:00,0.04134267426382087,0.021894251563434834,2155500000000
2019-05-25 22:40:00+00:00,0.05968450412631646,0.03417354754859662,2155800000000
2019-05-25 22:45:00+00:00,0.07148930546264548,0.04515399748356386,2156100000000
2019-05-25 22:50:00+00:00,0.01544195744251034,0.0,2156400000000
2019-05-25 22:55:00+00:00,0.09824459243315914,0.04758552317250346,2156700000000
2019-05-25 23:00:00+00:00,0.04928142169237565,0.05712644585179486,2157000000000
2019-05-25 23:05:00+00:00,0.01364511347670877,0.048346190003271686,2157300000000
2019-05-25 23:10:00+00:00,0.05657858801465715,0.0657911110895579,2157600000000
2019-05-25 23:15:00+00:00,0.05342607729897887,0.005590499244016368,2157900000000
2019-05-25 23:20:00+00:00,0.05052983834560757,0.0019207523156650856,2158200000000
2019-05-25 23:25:00+00:00,0.07147237346614685,0.019069235440784885,2158500000000
2019-05-25 23:30:00+00:00,0.06614883688913621,0.04237705097107135,2158800000000
2019-05-25 23:35:00+00:00,0.05677962864268454,0.0,2159100000000
2019-05-25 23:40:00+00:00,0.05951835240961565,0.023934980113379373,2159400000000
2019-05-25 23:45:00+00:00,0.0481923258587812,0.057057381298490986,2159700000000
2019-05-25 23:50:00+00:00,0.08562480596974462,0.07102366019642492,2160000000000
2019-05-25 23:55:00+00:00,0.020437886681969344,0.00208083899771146,2160300000000
2019-05-26 00:00:00+00:00,0.05279303348431795,0.023008711267178017,2160600000000
2019-05-26 00:05:00+00:00,0.05135007745067813,0.04215488060654496,2160900000000
2019-05-26 00:10:00+00:00,0.06643615266179095,0.05856706670195855,2161200000000
2019-05-26 00:15:00+00:00,0.0334857506323781,0.009428705024631659,2161500000000
2019-05-26 00:20:00+00:00,0.015752898793863233,0.004764418841929186,2161800000000
2019-05-26 00:25:00+00:00,0.05409745403306017,0.02113827784943563,2162100000000
2019-05-26 00:30:00+00:00,0.05699121397163407,0.007567739555476162,2162400000000
2019-05-26 00:35:00+00:00,0.08163498384101128,0.04458611534417048,2162700000000
2019-05-26 00:40:00+00:00,0.026982707232778274,0.010271073535491695,2163000000000
2019-05-26 00:45:00+00:00,0.07610108327384979,0.02044776764453676,2163300000000
2019-05-26 00:50:00+00:00,0.10104277510144113,0.07354728381361926,2163600000000
2019-05-26 00:55:00+00:00,0.04689616955533971,0.037804115305721614,2163900000000
2019-05-26 01:00:00+00:00,0.029458948333441426,0.03158976301696638,2164200000000
2019-05-26 01:05:00+00:00,0.048033590070198105,0.013458746932831498,2164500000000
2019-05-26 01:10:00+00:00,0.05741700117963835,0.0,2164800000000
2019-05-26 01:15:00+00:00,0.0694445714092059,0.05101336543843652,2165100000000
2019-05-26 01:20:00+00:00,0.04744043450757496,0.015182006411950704,2165400000000
2019-05-26 01:25:00+00:00,0.09153890140163792,0.03710997817606873,2165700000000
2019-05-26 01:30:00+00:00,0.039377423823145234,0.0,2166000000000
2019-05-26 01:35:00+00:00,0.02818306397751677,0.011403387824766985,2166300000000
2019-05-26 01:40:00+00:00,0.08646581820802554,0.08342603686582478,2166600000000
2019-05-26 01:45:00+00:00,0.020268334812639885,0.0020520104604736383,2166900000000
2019-05-26 01:50:00+00:00,0.06317133520136821,0.016106740237482247,2167200000000
2019-05-26 01:55:00+00:00,0.13116405367247919,0.09173710022408807,2167500000000
2019-05-26 02:00:00+00:00,0.07018865170646853,0.04556943661930679,2167800000000
2019-05-26 02:05:00+00:00,0.04969508860735456,0.0,2168100000000
2019-05-26 02:10:00+00:00,0.07270444496344362,0.05686959337313191,2168400000000
2019-05-26 02:15:00+00:00,0.07463854238222613,0.0873524807993677,2168700000000
2019-05-26 02:20:00+00:00,0.0807290810526031,0.0,2169000000000
2019-05-26 02:25:00+00:00,0.0926813467808481,0.030894687588066384,2169300000000
2019-05-26 02:30:00+00:00,0.06063144225562658,0.0,2169600000000
2019-05-26 02:35:00+00:00,0.11719884419635873,0.06881321810299854,2169900000000
2019-05-26 02:40:00+00:00,0.09044006366404925,0.07407176293065659,2170200000000
2019-05-26 02:45:00+00:00,0.10221824313952438,0.06344096087964021,2170500000000
2019-05-26 02:50:00+00:00,0.07731763370559196,0.07423049418560856,2170800000000
2019-05-26 02:55:00+00:00,0.1178591595420563,0.08732650153183646,2171100000000
2019-05-26 03:00:00+00:00,0.08929293464575698,0.08761870725749772,2171400000000
2019-05-26 03:05:00+00:00,0.10233798079141906,0.08460700383699334,2171700000000
2019-05-26 03:10:00+00:00,0.08052712509168608,0.040257413682821555,2172000000000
2019-05-26 03:15:00+00:00,0.08170116187361286,0.05035522624886451,2172300000000
2019-05-26 03:20:00+00:00,0.11790152023163088,0.05336737382935906,2172600000000
2019-05-26 03:25:00+00:00,0.09780878701268929,0.054072148830252596,2172900000000
2019-05-26 03:30:00+00:00,0.09219265723193526,0.056552227779523546,2173200000000
2019-05-26 03:35:00+00:00,0.09903710812714471,0.05772411840557974,2173500000000
2019-05-26 03:40:00+00:00,0.12855370709280264,0.1039772947817538,2173800000000
2019-05-26 03:45:00+00:00,0.1047087078229905,0.056221863443657684,2174100000000
2019-05-26 03:50:00+00:00,0.11769084900482102,0.05197278113174547,2174400000000
2019-05-26 03:55:00+00:00,0.12313734405943995,0.056490185737600215,2174700000000
2019-05-26 04:00:00+00:00,0.08731968894646228,0.06549381880032798,2175000000000
2019-05-26 04:05:00+00:00,0.09910971211017813,0.031403059104326884,2175300000000
2019-05-26 04:10:00+00:00,0.1381577102441412,0.07887090274346636,2175600000000
2019-05-26 04:15:00+00:00,0.11962444257742921,0.09832467045556594,2175900000000
2019-05-26 04:20:00+00:00,0.15846398118672517,0.10093035762685171,2176200000000
2019-05-26 04:25:00+00:00,0.15966024971731035,0.09430404204801113,2176500000000
2019-05-26 04:30:00+00:00,0.1577308584723436,0.09392030701063757,2176800000000
2019-05-26 04:35:00+00:00,0.18279361889258736,0.08908487949100895,2177100000000
2019-05-26 04:40:00+00:00,0.14781296972406502,0.07154508762574818,2177400000000
2019-05-26 04:45:00+00:00,0.1655533853892658,0.09542839777526793,2177700000000
2019-05-26 04:50:00+00:00,0.14401166609799407,0.0918324602609823,2178000000000
2019-05-26 04:55:00+00:00,0.2078924905971696,0.14369849459434397,2178300000000
2019-05-26 05:00:00+00:00,0.20168314961667863,0.12286110211343587,2178600000000
2019-05-26 05:05:00+00:00,0.16543194706365041,0.1263146517532752,2178900000000
2019-05-26 05:10:00+00:00,0.1761268936184972,0.13778009647528883,2179200000000
2019-05-26 05:15:00+00:00,0.19879740368487817,0.13518378646057097,2179500000000
2019-05-26 05:20:00+00:00,0.1718988721425679,0.12763895144665843,2179800000000
2019-05-26 05:25:00+00:00,0.16495178843329628,0.07915680263221588,2180100000000
2019-05-26 05:30:00+00:00,0.1988175328537961,0.09630654101851642,2180400000000
2019-05-26 05:35:00+00:00,0.18616930924943742,0.12206105307546576,2180700000000
2019-05-26 05:40:00+00:00,0.1915309720251992,0.08809438697777856,2181000000000
2019-05-26 05:45:00+00:00,0.17446243708745027,0.09887002537215149,2181300000000
2019-05-26 05:50:00+00:00,0.16007587115015526,0.11146936079668794,2181600000000
2019-05-26 05:55:00+00:00,0.2024367265535097,0.14972949442580993,2181900000000
2019-05-26 06:00:00+00:00,0.21909924082988413,0.12637523149216917,2182200000000
2019-05-26 06:05:00+00:00,0.19976998666255175,0.10686310609137724,2182500000000
2019-05-26 06:10:00+00:00,0.23629927627375447,0.14818879819448433,2182800000000
2019-05-26 06:15:00+00:00,0.19677380954287985,0.09659341685525011,2183100000000
2019-05-26 06:20:00+00:00,0.1930348278683836,0.11235532375516162,2183400000000
2019-05-26 06:25:00+00:00,0.21605486952831793,0.12947292075146513,2183700000000
2019-05-26 06:30:00+00:00,0.21901041065931603,0.13084656654217372,2184000000000
2019-05-26 06:35:00+00:00,0.23931510477741436,0.14535913234280623,2184300000000
2019-05-26 06:40:00+00:00,0.21165908127987057,0.11030515165647951,2184600000000
2019-05-26 06:45:00+00:00,0.2577504330387162,0.1401103999708614,2184900000000
2019-05-26 06:50:00+00:00,0.272943170229772,0.1488235769172108,2185200000000
2019-05-26 06:55:00+00:00,0.23602278108733474,0.10921178186849968,2185500000000
2019-05-26 07:00:00+00:00,0.26498373183572843,0.1658268455383592,2185800000000
2019-05-26 07:05:00+00:00,0.22202496624769993,0.15110812878246005,2186100000000
2019-05-26 07:10:00+00:00,0.267804745193724,0.17660904877330513,2186400000000
2019-05-26 07:15:00+00:00,0.27036978129999645,0.15697193157078276,2186700000000
2019-05-26 07:20:00+00:00,0.26979398932486925,0.1456562888056438,2187000000000
2019-05-26 07:25:00+00:00,0.25529055507626297,0.16806062589301157,2187300000000
2019-05-26 07:30:00+00:00,0.19956753602992475,0.13251898206544588,2187600000000
2019-05-26 07:35:00+00:00,0.24884134949465436,0.15365322254551853,2187900000000
2019-05-26 07:40:00+00:00,0.25215219668519145,0.18617754305958034,2188200000000
2019-05-26 07:45:00+00:00,0.24806987143830755,0.14831341243564328,2188500000000
2019-05-26 07:50:00+00:00,0.27301270763175167,0.1586698249005532,2188800000000
2019-05-26 07:55:00+00:00,0.2650884908719271,0.15105674790166423,2189100000000
2019-05-26 08:00:00+00:00,0.25984109313803155,0.12468710175320279,2189400000000
2019-05-26 08:05:00+00:00,0.25798720798134583,0.16801912407165334,2189700000000
2019-05-26 08:10:00+00:00,0.2676457926534278,0.15847776824890117,2190000000000
2019-05-26 08:15:00+00:00,0.3071405191899397,0.1944829363410997,2190300000000
2019-05-26 08:20:00+00:00,0.42444551267243,0.29150486764528283,2190600000000
2019-05-26 08:25:00+00:00,0.30984858278833627,0.17809411427490943,2190900000000
2019-05-26 08:30:00+00:00,0.28359692871750913,0.12339798289467446,2191200000000
2019-05-26 08:35:00+00:00,0.3020989466593516,0.1908807753858264,2191500000000
2019-05-26 08:40:00+00:00,0.3069875756679976,0.1875297331986521,2191800000000
2019-05-26 08:45:00+00:00,0.23946707481348162,0.12903116736866257,2192100000000
2019-05-26 08:50:00+00:00,0.32324345764112095,0.2018914012971025,2192400000000
2019-05-26 08:55:00+00:00,0.33394043016332686,0.2160861845000836,2192700000000
2019-05-26 09:00:00+00:00,0.28656228643074855,0.15300517365421817,2193000000000
2019-05-26 09:05:00+00:00,0.29042251830315496,0.16822687375382533,2193300000000
2019-05-26 09:10:00+00:00,0.30311431054372995,0.2114036609232165,2193600000000
2019-05-26 09:15:00+00:00,0.29919755739938264,0.16508609061504229,2193900000000
2019-05-26 09:20:00+00:00,0.32094075950233536,0.19389785080967692,2194200000000
2019-05-26 09:25:00+00:00,0.27962161118119744,0.11528474338784078,2194500000000
2019-05-26 09:30:00+00:00,0.29822778221628404,0.14929975930814451,2194800000000
2019-05-26 09:35:00+00:00,0.41431786003007365,0.25174106596470014,2195100000000
2019-05-26 09:40:00+00:00,0.35713432106545556,0.23884034883098534,2195400000000
2019-05-26 09:45:00+00:00,0.3926736095591166,0.20836357209544995,2195700000000
2019-05-26 09:50:00+00:00,0.36695877131802357,0.22166654403202407,2196000000000
2019-05-26 09:55:00+00:00,0.31565340522607865,0.18187768495457285,2196300000000
2019-05-26 10:00:00+00:00,0.3564710617715033,0.23294439816275186,2196600000000
2019-05-26 10:05:00+00:00,0.3308362228678249,0.17414566761424322,2196900000000
2019-05-26 10:10:00+00:00,0.32563672829618284,0.2039835899450594,2197200000000
2019-05-26 10:15:00+00:00,0.3411383864266763,0.19160921811608064,2197500000000
2019-05-26 10:20:00+00:00,0.34716105998905494,0.21275739648996245,2197800000000
2019-05-26 10:25:00+00:00,0.3531846694185198,0.21328942269728132,2198100000000
2019-05-26 10:30:00+00:00,0.3638969868276537,0.21330261061373987,2198400000000
2019-05-26 10:35:00+00:00,0.34972778753687617,0.21939290944751338,2198700000000
2019-05-26 10:40:00+00:00,0.31521898911993546,0.19000444815802048,2199000000000
2019-05-26 10:45:00+00:00,0.5288406919762941,0.31464828914424253,2199300000000
2019-05-26 10:50:00+00:00,0.5204135138961932,0.305119777657261,2199600000000
2019-05-26 10:55:00+00:00,0.3992132268176462,0.24107990388549444,2199900000000
2019-05-26 11:00:00+00:00,0.39410795329292303,0.24090564293867525,2200200000000
2019-05-26 11:05:00+00:00,0.3754572143381955,0.20549148700130487,2200500000000
2019-05-26 11:10:00+00:00,0.3531415536102163,0.20489550740778223,2200800000000
2019-05-26 11:15:00+00:00,0.3550209334561071,0.1919088411810408,2201100000000
2019-05-26 11:20:00+00:00,0.34887845104318316,0.20853016217029416,2201400000000
2019-05-26 11:25:00+00:00,0.3154009120310117,0.17739390312152647,2201700000000
2019-05-26 11:30:00+00:00,0.350994340922103,0.22601226751288694,2202000000000
2019-05-26 11:35:00+00:00,0.3752524973397472,0.23860603795898208,2202300000000
2019-05-26 11:40:00+00:00,0.475501351482171,0.2668458396180152,2202600000000
2019-05-26 11:45:00+00:00,0.4596979334286454,0.27577261314921775,2202900000000
2019-05-26 11:50:00+00:00,0.43238417741354634,0.2722008380330951,2203200000000
2019-05-26 11:55:00+00:00,0.3609809068309257,0.21308237769527483,2203500000000
2019-05-26 12:00:00+00:00,0.3429739427131267,0.19122001513176512,2203800000000
2019-05-26 12:05:00+00:00,0.33161996314133213,0.17712390732390337,2204100000000
2019-05-26 12:10:00+00:00,0.3354416988812682,0.21835037056032813,2204400000000
2019-05-26 12:15:00+00:00,0.3259683994793961,0.21363530265333705,2204700000000
2019-05-26 12:20:00+00:00,0.3334757910417568,0.1959265226475731,2205000000000
2019-05-26 12:25:00+00:00,0.3795670087937491,0.24306295696678298,2205300000000
2019-05-26 12:30:00+00:00,0.33249052195759904,0.1401901025768526,2205600000000
2019-05-26 12:35:00+00:00,0.3528806331736002,0.23827947291834484,2205900000000
2019-05-26 12:40:00+00:00,0.3397748989895234,0.20072604328817045,2206200000000
2019-05-26 12:45:00+00:00,0.37282011080122285,0.22652759769672348,2206500000000
2019-05-26 12:50:00+00:00,0.37480653588895174,0.21847356706005164,2206800000000
2019-05-26 12:55:00+00:00,0.36513548789254563,0.2469954423728775,2207100000000
2019-05-26 13:00:00+00:00,0.35317823167208184,0.19069230652413843,2207400000000
2019-05-26 13:05:00+00:00,0.34156684297662687,0.23442931231811284,2207700000000
2019-05-26 13:10:00+00:00,0.3214144929728536,0.20077411420261437,2208000000000
2019-05-26 13:15:00+00:00,0.3831184303800435,0.24232434254638924,2208300000000
2019-05-26 13:20:00+00:00,0.3279826549850565,0.19020550172445558,2208600000000
2019-05-26 13:25:00+00:00,0.3553102184441871,0.18702174710858482,2208900000000
2019-05-26 13:30:00+00:00,0.3620232413291621,0.23582416010821927,2209200000000
2019-05-26 13:35:00+00:00,0.32845500081869905,0.20330116751500604,2209500000000
2019-05-26 13:40:00+00:00,0.3589841963795945,0.24262298699393306,2209800000000
2019-05-26 13:45:00+00:00,0.3521068419633473,0.2073885787736944,2210100000000
2019-05-26 13:50:00+00:00,0.36991645723992467,0.2135652467659765,2210400000000
2019-05-26 13:55:00+00:00,0.3244415284720372,0.22242668181602837,2210700000000
2019-05-26 14:00:00+00:00,0.3065198635554039,0.22214980142319124,2211000000000
2019-05-26 14:05:00+00:00,0.32047420771427554,0.19247146815587993,2211300000000
2019-05-26 14:10:00+00:00,0.3330468988337302,0.18477298936309597,2211600000000
2019-05-26 14:15:00+00:00,0.32825969638708286,0.2131664330880407,2211900000000
2019-05-26 14:20:00+00:00,0.3173929376067469,0.18535535124063465,2212200000000
2019-05-26 14:25:00+00:00,0.28518551923835594,0.18309656805102953,2212500000000
2019-05-26 14:30:00+00:00,0.3308293276329351,0.19331207709218598,2212800000000
2019-05-26 14:35:00+00:00,0.35886011760113057,0.2465963509249146,2213100000000
2019-05-26 14:40:00+00:00,0.32663613567475036,0.1819918913038362,2213400000000
2019-05-26 14:45:00+00:00,0.32741701483624974,0.20606080215218903,2213700000000
2019-05-26 14:50:00+00:00,0.32451272886684274,0.18493359791546315,2214000000000
2019-05-26 14:55:00+00:00,0.3187816388177228,0.1856388520622183,2214300000000
2019-05-26 15:00:00+00:00,0.3271993365153448,0.18807848881399533,2214600000000
2019-05-26 15:05:00+00:00,0.31414832087994377,0.20326115384983456,2214900000000
2019-05-26 15:10:00+00:00,0.29761276552705984,0.1969349216149133,2215200000000
2019-05-26 15:15:00+00:00,0.2855237607315009,0.18246903301754794,2215500000000
2019-05-26 15:20:00+00:00,0.29399422390292557,0.17423686500684993,2215800000000
2019-05-26 15:25:00+00:00,0.30274055520106646,0.18444793374067173,2216100000000
2019-05-26 15:30:00+00:00,0.2875758884621823,0.1904999644464979,2216400000000
2019-05-26 15:35:00+00:00,0.29758044313938553,0.19713449762778343,2216700000000
2019-05-26 15:40:00+00:00,0.2974305792377777,0.12465283491559592,2217000000000
2019-05-26 15:45:00+00:00,0.3026241235783458,0.17613003071155356,2217300000000
2019-05-26 15:50:00+00:00,0.30888972951769084,0.18084866188182477,2217600000000
2019-05-26 15:55:00+00:00,0.28202891487143245,0.1826024002053827,2217900000000
2019-05-26 16:00:00+00:00,0.2515111353637132,0.149571264864013,2218200000000
2019-05-26 16:05:00+00:00,0.2679267889570802,0.17513974099323387,2218500000000
2019-05-26 16:10:00+00:00,0.2728379877778324,0.14212957724608838,2218800000000
2019-05-26 16:15:00+00:00,0.23233626174264313,0.14460284735480147,2219100000000
2019-05-26 16:20:00+00:00,0.29388825188537876,0.19433706420023714,2219400000000
2019-05-26 16:25:00+00:00,0.2659956728401297,0.13010974631771485,2219700000000
2019-05-26 16:30:00+00:00,0.26777957154636833,0.21094061229199906,2220000000000
2019-05-26 16:35:00+00:00,0.2844401238819692,0.19448179298651191,2220300000000
2019-05-26 16:40:00+00:00,0.24147794267378148,0.1449138316535817,2220600000000
2019-05-26 16:45:00+00:00,0.26248842507982245,0.1409248929031181,2220900000000
2019-05-26 16:50:00+00:00,0.24571414301915523,0.143926782806019,2221200000000
2019-05-26 16:55:00+00:00,0.24111205920877696,0.14634328271749297,2221500000000
2019-05-26 17:00:00+00:00,0.22621234234262239,0.1445406565418144,2221800000000
2019-05-26 17:05:00+00:00,0.27181217034487787,0.19310051919612733,2222100000000
2019-05-26 17:10:00+00:00,0.2278170524003148,0.12716826205133197,2222400000000
2019-05-26 17:15:00+00:00,0.24612783324033358,0.15893089669565136,2222700000000
2019-05-26 17:20:00+00:00,0.19143596778949062,0.08901299742169211,2223000000000
2019-05-26 17:25:00+00:00,0.24932105630005827,0.14132061949352961,2223300000000
2019-05-26 17:30:00+00:00,0.24353981861881766,0.15365822812867777,2223600000000
2019-05-26 17:35:00+00:00,0.22120926898929902,0.14655081121375552,2223900000000
2019-05-26 17:40:00+00:00,0.21147895653383375,0.11182272438700785,2224200000000
2019-05-26 17:45:00+00:00,0.22076880283012582,0.12364544777783719,2224500000000
2019-05-26 17:50:00+00:00,0.25529094354462867,0.1823856988384481,2224800000000
2019-05-26 17:55:00+00:00,0.17099360988822643,0.12583433832549676,2225100000000
2019-05-26 18:00:00+00:00,0.21864054775148403,0.13535347299193773,2225400000000
2019-05-26 18:05:00+00:00,0.1815093100906245,0.06417268298996037,2225700000000
2019-05-26 18:10:00+00:00,0.19608650174698544,0.16787455200199142,2226000000000
2019-05-26 18:15:00+00:00,0.188273594900571,0.11256552570719769,2226300000000
2019-05-26 18:20:00+00:00,0.18141582898745134,0.10259815623204427,2226600000000
2019-05-26 18:25:00+00:00,0.18653011063559538,0.10147086786427492,2226900000000
2019-05-26 18:30:00+00:00,0.16082098159477062,0.10401992970084455,2227200000000
2019-05-26 18:35:00+00:00,0.2008623230162955,0.1282490455931959,2227500000000
2019-05-26 18:40:00+00:00,0.14118101423709736,0.10372116600478866,2227800000000
2019-05-26 18:45:00+00:00,0.1846567419541502,0.09227280188550985,2228100000000
2019-05-26 18:50:00+00:00,0.16414222974748102,0.09223544028566338,2228400000000
2019-05-26 18:55:00+00:00,0.14408139605270234,0.12705975209610545,2228700000000
2019-05-26 19:00:00+00:00,0.16839147731326262,0.1055266990529574,2229000000000
2019-05-26 19:05:00+00:00,0.13006718171677795,0.07458982156353185,2229300000000
2019-05-26 19:10:00+00:00,0.1588828509531975,0.07649735526024448,2229600000000
2019-05-26 19:15:00+00:00,0.12653487538162586,0.08603961134539055,2229900000000
2019-05-26 19:20:00+00:00,0.16114464240972695,0.11730714978668505,2230200000000
2019-05-26 19:25:00+00:00,0.13038325869595135,0.09572170813376696,2230500000000
2019-05-26 19:30:00+00:00,0.13682760480464995,0.07692054561061162,2230800000000
2019-05-26 19:35:00+00:00,0.39045442324437385,0.24149769961389503,2231100000000
2019-05-26 19:40:00+00:00,0.12443419627982884,0.10809370650086952,2231400000000
2019-05-26 19:45:00+00:00,0.13578908314045163,0.10289109572770036,2231700000000
2019-05-26 19:50:00+00:00,0.10376665354540515,0.0465767372833767,2232000000000
2019-05-26 19:55:00+00:00,0.1437886411784579,0.03535308341464535,2232300000000
2019-05-26 20:00:00+00:00,0.1636316094443515,0.1041144158082956,2232600000000
2019-05-26 20:05:00+00:00,0.18137541085634284,0.12479660904877436,2232900000000
2019-05-26 20:10:00+00:00,0.12458953279241641,0.05296922983798459,2233200000000
2019-05-26 20:15:00+00:00,0.13580354786300045,0.08130633827534471,2233500000000
2019-05-26 20:20:00+00:00,0.08173990997808328,0.04376996466938839,2233800000000
2019-05-26 20:25:00+00:00,0.1447610170493537,0.08894233667425619,2234100000000
2019-05-26 20:30:00+00:00,0.12762702240983934,0.06568228770350934,2234400000000
2019-05-26 20:35:00+00:00,0.09986336582892115,0.08572823944991256,2234700000000
2019-05-26 20:40:00+00:00,0.1317699189972433,0.08202132901100123,2235000000000
2019-05-26 20:45:00+00:00,0.09946693953541624,0.04209982599795474,2235300000000
2019-05-26 20:50:00+00:00,0.09297318741958256,0.07413315552362394,2235600000000
2019-05-26 20:55:00+00:00,0.10926585125232142,0.04027575883155875,2235900000000
2019-05-26 21:00:00+00:00,0.07616689282541285,0.07139002324595037,2236200000000
2019-05-26 21:05:00+00:00,0.11559178986792328,0.08917626240520524,2236500000000
2019-05-26 21:10:00+00:00,0.0718163810177215,0.07088533451704862,2236800000000
2019-05-26 21:15:00+00:00,0.06976459974835877,0.03869383240018295,2237100000000
2019-05-26 21:20:00+00:00,0.07045509331954217,0.03235077639605776,2237400000000
2019-05-26 21:25:00+00:00,0.101776772730835,0.06274649885716287,2237700000000
2019-05-26 21:30:00+00:00,0.07224482505925206,0.04165815930844061,2238000000000
2019-05-26 21:35:00+00:00,0.05567061589475754,0.020347643825584273,2238300000000
2019-05-26 21:40:00+00:00,0.06862470446904781,0.030102356398915835,2238600000000
2019-05-26 21:45:00+00:00,0.0782637107410078,0.039630769499275395,2238900000000
2019-05-26 21:50:00+00:00,0.05351072234366797,0.008706359677403533,2239200000000
2019-05-26 21:55:00+00:00,0.05238237499614894,0.044988690789676045,2239500000000
2019-05-26 22:00:00+00:00,0.11598878278099284,0.06854732691717558,2239800000000
2019-05-26 22:05:00+00:00,0.05496023412315018,0.02680857108921717,2240100000000
2019-05-26 22:10:00+00:00,0.06418197209225189,0.016302100036517584,2240400000000
2019-05-26 22:15:00+00:00,0.061832682087445426,0.013892149699117954,2240700000000
2019-05-26 22:20:00+00:00,0.05934891801131535,0.07432763182123744,2241000000000
2019-05-26 22:25:00+00:00,0.07886632404257583,0.034774645168314106,2241300000000
2019-05-26 22:30:00+00:00,0.08413092913274796,0.06268912536383531,2241600000000
2019-05-26 22:35:00+00:00,0.057843619865837505,0.037958861317506046,2241900000000
2019-05-26 22:40:00+00:00,0.038094318928044935,0.0,2242200000000
2019-05-26 22:45:00+00:00,0.08724095179937806,0.08819358754239867,2242500000000
2019-05-26 22:50:00+00:00,0.05884119111938859,0.04898639424715547,2242800000000
2019-05-26 22:55:00+00:00,0.09441840258369816,0.04129763846412272,2243100000000
2019-05-26 23:00:00+00:00,0.014032741438669664,0.007852314774609893,2243400000000
2019-05-26 23:05:00+00:00,0.06205397617589942,0.014248718357466331,2243700000000
2019-05-26 23:10:00+00:00,0.09578883672064537,0.09399771160160988,2244000000000
2019-05-26 23:15:00+00:00,0.0496919252307525,0.011662000973622206,2244300000000
2019-05-26 23:20:00+00:00,0.05165785747036452,0.020533034548325522,2244600000000
2019-05-26 23:25:00+00:00,0.061558785039420805,0.022344049460700656,2244900000000
2019-05-26 23:30:00+00:00,0.04402402108289637,0.028022000653921224,2245200000000
2019-05-26 23:35:00+00:00,0.04858066618115288,0.056554729711478,2245500000000
2019-05-26 23:40:00+00:00,0.04775893784685453,0.06444285169001587,2245800000000
2019-05-26 23:45:00+00:00,0.041731080159015416,0.017058725210963317,2246100000000
2019-05-26 23:50:00+00:00,0.07869211998895478,0.05478045163973132,2246400000000
2019-05-26 23:55:00+00:00,0.06324336769505341,0.039584128869113513,2246700000000
2019-05-27 00:00:00+00:00,0.009012564642066057,0.0,2247000000000
2019-05-27 00:05:00+00:00,0.020221004964704806,0.06058371447074177,2247300000000
2019-05-27 00:10:00+00:00,0.0,0.02725519124592511,2247600000000
2019-05-27 00:15:00+00:00,0.0,0.0037823169942206914,2247900000000
2019-05-27 00:20:00+00:00,0.0,0.03163752186997976,2248200000000
2019-05-27 00:25:00+00:00,0.004996654533188593,0.02724012697426925,2248500000000
2019-05-27 00:30:00+00:00,0.0,0.001637226821635113,2248800000000
2019-05-27 00:35:00+00:00,0.0,0.006519272106559864,2249100000000
2019-05-27 00:40:00+00:00,0.0,0.030242522847533083,2249400000000
2019-05-27 00:45:00+00:00,0.049498332536095854,0.0107759278990639,2249700000000
2019-05-27 00:50:00+00:00,0.0,0.03347381394642678,2250000000000
2019-05-27 00:55:00+00:00,0.0048590728776758164,0.0,2250300000000
2019-05-27 01:00:00+00:00,0.043791668579601574,0.05676853600471229,2250600000000
2019-05-27 01:05:00+00:00,0.012609966680314912,0.0074614480589325445,2250900000000
2019-05-27 01:10:00+00:00,0.026205251300632896,0.02247527522983918,2251200000000
2019-05-27 01:15:00+00:00,0.014165340211063304,0.007813036995188802,2251500000000
2019-05-27 01:20:00+00:00,0.0,0.0,2251800000000
2019-05-27 01:25:00+00:00,0.0,0.0,2252100000000
2019-05-27 01:30:00+00:00,0.019777183864032915,0.03944853838179109,2252400000000
2019-05-27 01:35:00+00:00,0.001455034928923642,0.0,2252700000000
2019-05-27 01:40:00+00:00,0.0023249015989735625,0.0,2253000000000
2019-05-27 01:45:00+00:00,0.009781010317182086,0.0,2253300000000
2019-05-27 01:50:00+00:00,0.05615115871129285,0.012123799378055283,2253600000000
2019-05-27 01:55:00+00:00,0.07090718193339612,0.07274390136834745,2253900000000
2019-05-27 02:00:00+00:00,0.02877368151623571,0.04241774846680551,2254200000000
2019-05-27 02:05:00+00:00,0.016815097143045528,0.021929694473719626,2254500000000
2019-05-27 02:10:00+00:00,0.004307865890155846,0.0,2254800000000
2019-05-27 02:15:00+00:00,0.039025361385538755,0.050116254167205984,2255100000000
2019-05-27 02:20:00+00:00,0.06717419424684179,0.008541918028194193,2255400000000
2019-05-27 02:25:00+00:00,0.02848927939715317,0.05993322044125062,2255700000000
2019-05-27 02:30:00+00:00,0.0,0.0,2256000000000
2019-05-27 02:35:00+00:00,0.050848876527933975,0.02526862147993162,2256300000000
2019-05-27 02:40:00+00:00,0.05924577220559854,0.02696058631346484,2256600000000
2019-05-27 02:45:00+00:00,0.009965449403769186,0.0,2256900000000
2019-05-27 02:50:00+00:00,0.04741030537396169,0.0669484457031154,2257200000000
2019-05-27 02:55:00+00:00,0.05515603712486832,0.04887151489061073,2257500000000
2019-05-27 03:00:00+00:00,0.04697183678184024,0.052492512910699896,2257800000000
2019-05-27 03:05:00+00:00,0.03497151213984211,0.0,2258100000000
2019-05-27 03:10:00+00:00,0.07350799110669701,0.04772355120409819,2258400000000
2019-05-27 03:15:00+00:00,0.04757219948228252,0.03896389347599759,2258700000000
2019-05-27 03:20:00+00:00,0.02843369084857536,0.022475344980142083,2259000000000
2019-05-27 03:25:00+00:00,0.01969143390344421,0.0,2259300000000
2019-05-27 03:30:00+00:00,0.08848610938200982,0.07460166605181864,2259600000000
2019-05-27 03:35:00+00:00,0.07823405449710852,0.049371434353968194,2259900000000
2019-05-27 03:40:00+00:00,0.07033411660103842,0.023101189247762992,2260200000000
2019-05-27 03:45:00+00:00,0.062483972310043934,0.00038537259497308657,2260500000000
2019-05-27 03:50:00+00:00,0.06346397935280262,0.05021171788147917,2260800000000
2019-05-27 03:55:00+00:00,0.05532205608486665,0.08220234833355,2261100000000
2019-05-27 04:00:00+00:00,0.07103755377547145,0.02231744679835724,2261400000000
2019-05-27 04:05:00+00:00,0.040130495915242155,0.027487238557404613,2261700000000
2019-05-27 04:10:00+00:00,0.07071087938981677,0.0646364732157216,2262000000000
2019-05-27 04:15:00+00:00,0.08214627947346222,0.023894722362051302,2262300000000
2019-05-27 04:20:00+00:00,0.10352708390492613,0.05251711496125518,2262600000000
2019-05-27 04:25:00+00:00,0.09352557836483313,0.03891217143367184,2262900000000
2019-05-27 04:30:00+00:00,0.113245947422747,0.08764110235013912,2263200000000
2019-05-27 04:35:00+00:00,0.12738088524860097,0.10293898253624177,2263500000000
2019-05-27 04:40:00+00:00,0.12463815815541168,0.07796362018788171,2263800000000
2019-05-27 04:45:00+00:00,0.11598594381876112,0.052756884911374646,2264100000000
2019-05-27 04:50:00+00:00,0.10993693921353134,0.05710634476956185,2264400000000
2019-05-27 04:55:00+00:00,0.09322933217152492,0.04332762901797989,2264700000000
2019-05-27 05:00:00+00:00,0.13080935759554144,0.058940237324864725,2265000000000
2019-05-27 05:05:00+00:00,0.15278928601772618,0.08963280759426641,2265300000000
2019-05-27 05:10:00+00:00,0.12923728981340277,0.0890389035772789,2265600000000
2019-05-27 05:15:00+00:00,0.1639566346661055,0.10817912968823368,2265900000000
2019-05-27 05:20:00+00:00,0.09833022807762518,0.05883348955518489,2266200000000
2019-05-27 05:25:00+00:00,0.10900100215370057,0.06654167802872761,2266500000000
2019-05-27 05:30:00+00:00,0.1524417679886247,0.08983404489137922,2266800000000
2019-05-27 05:35:00+00:00,0.14388632853082584,0.06038756633517003,2267100000000
2019-05-27 05:40:00+00:00,0.16814672656373117,0.10409073387789615,2267400000000
2019-05-27 05:45:00+00:00,0.14483843113427577,0.07523054697147247,2267700000000
2019-05-27 05:50:00+00:00,0.13106980566685758,0.051695019016925796,2268000000000
2019-05-27 05:55:00+00:00,0.1474420135118279,0.09587931944940842,2268300000000
2019-05-27 06:00:00+00:00,0.12434632058152223,0.06237319162054243,2268600000000
2019-05-27 06:05:00+00:00,0.13571430818213293,0.08598366333445646,2268900000000
2019-05-27 06:10:00+00:00,0.18101956584093837,0.12556449580595155,2269200000000
2019-05-27 06:15:00+00:00,0.18230788434057968,0.09037995618144318,2269500000000
2019-05-27 06:20:00+00:00,0.1753890026638246,0.10707582723975419,2269800000000
2019-05-27 06:25:00+00:00,0.1369779252530279,0.04597829751720951,2270100000000
2019-05-27 06:30:00+00:00,0.16749419065608512,0.1311471762058366,2270400000000
2019-05-27 06:35:00+00:00,0.15341573237750572,0.06486810948872779,2270700000000
2019-05-27 06:40:00+00:00,0.20468900283690655,0.11251700845419643,2271000000000
2019-05-27 06:45:00+00:00,0.1727141056311672,0.13039606145397947,2271300000000
2019-05-27 06:50:00+00:00,0.16588987676397274,0.09484346753676393,2271600000000
2019-05-27 06:55:00+00:00,0.1914015849291311,0.09089299723147265,2271900000000
2019-05-27 07:00:00+00:00,0.18118643429535083,0.1229733252229412,2272200000000
2019-05-27 07:05:00+00:00,0.2268297858642803,0.14990852076159186,2272500000000
2019-05-27 07:10:00+00:00,0.1856040964194028,0.098698731064337,2272800000000
2019-05-27 07:15:00+00:00,0.17543968794431555,0.09476528235098135,2273100000000
2019-05-27 07:20:00+00:00,0.16346697340592226,0.08937200463119163,2273400000000
2019-05-27 07:25:00+00:00,0.20898608680539754,0.12125117286951789,2273700000000
2019-05-27 07:30:00+00:00,0.20141391257760385,0.08298892600812617,2274000000000
2019-05-27 07:35:00+00:00,0.1870978002374633,0.10863020292011599,2274300000000
2019-05-27 07:40:00+00:00,0.24245504626400016,0.18115131172206306,2274600000000
2019-05-27 07:45:00+00:00,0.2349798731481029,0.12306852454412763,2274900000000
2019-05-27 07:50:00+00:00,0.2240034899620629,0.12273222210784246,2275200000000
2019-05-27 07:55:00+00:00,0.25475428466577,0.12918021753553408,2275500000000
2019-05-27 08:00:00+00:00,0.24358405400130514,0.15839367092869014,2275800000000
2019-05-27 08:05:00+00:00,0.2167060929159345,0.15408760291240825,2276100000000
2019-05-27 08:10:00+00:00,0.2151716490833179,0.15270934623354324,2276400000000
2019-05-27 08:15:00+00:00,0.25507016584201564,0.1280818877273362,2276700000000
2019-05-27 08:20:00+00:00,0.24935269347089395,0.15960745069247556,2277000000000
2019-05-27 08:25:00+00:00,0.24749418039172896,0.1771715089193221,2277300000000
2019-05-27 08:30:00+00:00,0.2298009249605967,0.14807381713056048,2277600000000
2019-05-27 08:35:00+00:00,0.26147802772327916,0.16645501030084303,2277900000000
2019-05-27 08:40:00+00:00,0.2367526082347455,0.13261871336814413,2278200000000
2019-05-27 08:45:00+00:00,0.2523204725064689,0.1557944799797546,2278500000000
2019-05-27 08:50:00+00:00,0.2857496362923092,0.19617614536951364,2278800000000
2019-05-27 08:55:00+00:00,0.2459963847622496,0.15416201022592504,2279100000000
2019-05-27 09:00:00+00:00,0.2301062320365255,0.11309824410132074,2279400000000
2019-05-27 09:05:00+00:00,0.2428175393604501,0.13656969013055062,2279700000000
2019-05-27 09:10:00+00:00,0.2860053548330485,0.19578880367760898,2280000000000
2019-05-27 09:15:00+00:00,0.27341226053611684,0.170542222728692,2280300000000
2019-05-27 09:20:00+00:00,0.2678846744496288,0.16311204623463882,2280600000000
2019-05-27 09:25:00+00:00,0.2623702408021439,0.14634183381635232,2280900000000
2019-05-27 09:30:00+00:00,0.4387223948389921,0.28700542051408395,2281200000000
2019-05-27 09:35:00+00:00,0.3728296482038738,0.25694604087876943,2281500000000
2019-05-27 09:40:00+00:00,0.35666403153906934,0.23926220138380225,2281800000000
2019-05-27 09:45:00+00:00,0.29660612293130423,0.20681550618768998,2282100000000
2019-05-27 09:50:00+00:00,0.2641944180553202,0.15134252601786877,2282400000000
2019-05-27 09:55:00+00:00,0.2711398096822209,0.15268050386185447,2282700000000
2019-05-27 10:00:00+00:00,0.2780623283046521,0.16371049351280753,2283000000000
2019-05-27 10:05:00+00:00,0.2862129721930063,0.17249924815532885,2283300000000
2019-05-27 10:10:00+00:00,0.2934551853234004,0.20469350679654538,2283600000000
2019-05-27 10:15:00+00:00,0.2164719387346678,0.153200898030169,2283900000000
2019-05-27 10:20:00+00:00,0.2755153791227843,0.17607861521876048,2284200000000
2019-05-27 10:25:00+00:00,0.28520143343190696,0.14249712474220644,2284500000000
2019-05-27 10:30:00+00:00,0.32443317064885896,0.16089946549737788,2284800000000
2019-05-27 10:35:00+00:00,0.2739650171136668,0.16918826516423413,2285100000000
2019-05-27 10:40:00+00:00,0.29998760325766133,0.1975978260666111,2285400000000
2019-05-27 10:45:00+00:00,0.3277317922856495,0.19504773439166698,2285700000000
2019-05-27 10:50:00+00:00,0.27260372756884427,0.20186032664087467,2286000000000
2019-05-27 10:55:00+00:00,0.30770642711962165,0.1629750353961643,2286300000000
2019-05-27 11:00:00+00:00,0.28467677059800295,0.1466390233688898,2286600000000
2019-05-27 11:05:00+00:00,0.29145585784842637,0.1615878952195694,2286900000000
2019-05-27 11:10:00+00:00,0.2862432955000353,0.15770003303619645,2287200000000
2019-05-27 11:15:00+00:00,0.28835564589216633,0.18353910490893938,2287500000000
2019-05-27 11:20:00+00:00,0.35804829479885014,0.20639473984244003,2287800000000
2019-05-27 11:25:00+00:00,0.3210461217893753,0.16167086384805196,2288100000000
2019-05-27 11:30:00+00:00,0.32666815310846237,0.21383246099897973,2288400000000
2019-05-27 11:35:00+00:00,0.3148788760256333,0.15372828709393738,2288700000000
2019-05-27 11:40:00+00:00,0.273248513390167,0.142524743573886,2289000000000
2019-05-27 11:45:00+00:00,0.31353633122559016,0.1556676673204767,2289300000000
2019-05-27 11:50:00+00:00,0.3272880477496479,0.20051525419120622,2289600000000
2019-05-27 11:55:00+00:00,0.2888824256923151,0.1770504096584133,2289900000000
2019-05-27 12:00:00+00:00,0.3253065333432225,0.23351300642626058,2290200000000
2019-05-27 12:05:00+00:00,0.3200649171479568,0.21031548341168507,2290500000000
2019-05-27 12:10:00+00:00,0.34292581191132987,0.23458841081364193,2290800000000
2019-05-27 12:15:00+00:00,0.2973648449021849,0.1841910999672808,2291100000000
2019-05-27 12:20:00+00:00,0.283532540623803,0.15058088795247052,2291400000000
2019-05-27 12:25:00+00:00,0.2979453329903413,0.1813293518340747,2291700000000
2019-05-27 12:30:00+00:00,0.3335114824026778,0.21195530958935282,2292000000000
2019-05-27 12:35:00+00:00,0.267783331175547,0.17474614635035968,2292300000000
2019-05-27 12:40:00+00:00,0.26246475975432176,0.14803061297042622,2292600000000
2019-05-27 12:45:00+00:00,0.3050306976391162,0.1927941480591177,2292900000000
2019-05-27 12:50:00+00:00,0.29373150410139603,0.15757834304401233,2293200000000
2019-05-27 12:55:00+00:00,0.3020086461132812,0.1603396357857544,2293500000000
2019-05-27 13:00:00+00:00,0.3199617760347438,0.16966137139313656,2293800000000
2019-05-27 13:05:00+00:00,0.2891366467910675,0.17397450784577642,2294100000000
2019-05-27 13:10:00+00:00,0.26179187043806595,0.1335183951613135,2294400000000
2019-05-27 13:15:00+00:00,0.33913748390159815,0.19498760254353872,2294700000000
2019-05-27 13:20:00+00:00,0.2772315495913332,0.1843972607830791,2295000000000
2019-05-27 13:25:00+00:00,0.27485654906328943,0.14433133587640753,2295300000000
2019-05-27 13:30:00+00:00,0.31690633015114567,0.18005755742060106,2295600000000
2019-05-27 13:35:00+00:00,0.285870828335975,0.17295512253710837,2295900000000
2019-05-27 13:40:00+00:00,0.2909561487925786,0.1795114273061925,2296200000000
2019-05-27 13:45:00+00:00,0.3004783803777779,0.1703012164105555,2296500000000
2019-05-27 13:50:00+00:00,0.3110288425944888,0.20235450693139642,2296800000000
2019-05-27 13:55:00+00:00,0.2811592439369355,0.18050459237785577,2297100000000
2019-05-27 14:00:00+00:00,0.3166361840192836,0.21277884249880422,2297400000000
2019-05-27 14:05:00+00:00,0.24186800584846915,0.14348876502214028,2297700000000
2019-05-27 14:10:00+00:00,0.2980655727221069,0.16858296744413725,2298000000000
2019-05-27 14:15:00+00:00,0.264304890685028,0.14493029397077434,2298300000000
2019-05-27 14:20:00+00:00,0.30670712186439725,0.1901648234772256,2298600000000
2019-05-27 14:25:00+00:00,0.2802103579945111,0.16058309914048122,2298900000000
2019-05-27 14:30:00+00:00,0.26196156107016433,0.1457935410884828,2299200000000
2019-05-27 14:35:00+00:00,0.2866700498799186,0.1630362846430447,2299500000000
2019-05-27 14:40:00+00:00,0.2892148778564374,0.1598551170113774,2299800000000
2019-05-27 14:45:00+00:00,0.2820721869123544,0.17322373440266728,2300100000000
2019-05-27 14:50:00+00:00,0.24646989795107882,0.11963027511976607,2300400000000
2019-05-27 14:55:00+00:00,0.25516036294763234,0.15915654361807866,2300700000000
2019-05-27 15:00:00+00:00,0.26248456043555346,0.17102171146939107,2301000000000
2019-05-27 15:05:00+00:00,0.25941565420322854,0.14403180975839117,2301300000000
2019-05-27 15:10:00+00:00,0.2728612184288947,0.20215746984946778,2301600000000
2019-05-27 15:15:00+00:00,0.21514551428154305,0.1294397347884629,2301900000000
2019-05-27 15:20:00+00:00,0.2596602380996084,0.12456928319776726,2302200000000
2019-05-27 15:25:00+00:00,0.24465833818331958,0.14117014478325834,2302500000000
2019-05-27 15:30:00+00:00,0.2311275353569619,0.13992964411289308,2302800000000
2019-05-27 15:35:00+00:00,0.23044393392136758,0.14724571146422483,2303100000000
2019-05-27 15:40:00+00:00,0.2383568232734093,0.13786548348182864,2303400000000
2019-05-27 15:45:00+00:00,0.167938832863751,0.08053189420416279,2303700000000
2019-05-27 15:50:00+00:00,0.22320803872507938,0.11202521087280196,2304000000000
2019-05-27 15:55:00+00:00,0.21695247000893225,0.11709949630172593,2304300000000
2019-05-27 16:00:00+00:00,0.24232233085312177,0.1342378912614978,2304600000000
2019-05-27 16:05:00+00:00,0.21271833724325273,0.10493151904796648,2304900000000
2019-05-27 16:10:00+00:00,0.22165446042628975,0.11833641303369986,2305200000000
2019-05-27 16:15:00+00:00,0.25389716941941004,0.16552747214043312,2305500000000
2019-05-27 16:20:00+00:00,0.24000199187963667,0.17696944728167174,2305800000000
2019-05-27 16:25:00+00:00,0.2351935425887885,0.15622535983069236,2306100000000
2019-05-27 16:30:00+00:00,0.2041550662465447,0.14861026147166306,2306400000000
2019-05-27 16:35:00+00:00,0.22199024021723998,0.15267651349501793,2306700000000
2019-05-27 16:40:00+00:00,0.2034028432675556,0.13870431252850024,2307000000000
2019-05-27 16:45:00+00:00,0.20108572224860208,0.11389550808801467,2307300000000
2019-05-27 16:50:00+00:00,0.21010513235612804,0.12888129698141576,2307600000000
2019-05-27 16:55:00+00:00,0.1868539247806757,0.10369996801928498,2307900000000
2019-05-27 17:00:00+00:00,0.22551625218757718,0.13092760806587375,2308200000000
2019-05-27 17:05:00+00:00,0.18929750327918757,0.11494184397524426,2308500000000
2019-05-27 17:10:00+00:00,0.20169426452702272,0.13528788174779416,2308800000000
2019-05-27 17:15:00+00:00,0.2152505578875645,0.13761680236284118,2309100000000
2019-05-27 17:20:00+00:00,0.20356919103043186,0.11890492935797199,2309400000000
2019-05-27 17:25:00+00:00,0.15154290365245524,0.09203651700930646,2309700000000
2019-05-27 17:30:00+00:00,0.1853935133998732,0.11990538152379444,2310000000000
2019-05-27 17:35:00+00:00,0.19027497467256488,0.12751287356469562,2310300000000
2019-05-27 17:40:00+00:00,0.1878550662998062,0.08233313651473967,2310600000000
2019-05-27 17:45:00+00:00,0.14450290603556082,0.06515396434335775,2310900000000
2019-05-27 17:50:00+00:00,0.15037442558667538,0.11237086603079208,2311200000000
2019-05-27 17:55:00+00:00,0.18014950858112755,0.10687231375005536,2311500000000
2019-05-27 18:00:00+00:00,0.14176479258634755,0.07657734368446896,2311800000000
2019-05-27 18:05:00+00:00,0.1477477350004195,0.08337865154173091,2312100000000
2019-05-27 18:10:00+00:00,0.18200238586301842,0.10392732540627997,2312400000000
2019-05-27 18:15:00+00:00,0.14627521227444742,0.09892388299515592,2312700000000
2019-05-27 18:20:00+00:00,0.12944671138672856,0.055507698952421795,2313000000000
2019-05-27 18:25:00+00:00,0.12318706607939507,0.07440779457757227,2313300000000
2019-05-27 18:30:00+00:00,0.14415879109202917,0.09141762924422558,2313600000000
2019-05-27 18:35:00+00:00,0.10761575412419093,0.07249481080582461,2313900000000
2019-05-27 18:40:00+00:00,0.12611716518314,0.08012757903408986,2314200000000
2019-05-27 18:45:00+00:00,0.13452606239738277,0.09103376204471023,2314500000000
2019-05-27 18:50:00+00:00,0.15065594320912895,0.07893964290431112,2314800000000
2019-05-27 18:55:00+00:00,0.1348508555362503,0.062074458675251076,2315100000000
2019-05-27 19:00:00+00:00,0.10406250754164414,0.11157759338999676,2315400000000
2019-05-27 19:05:00+00:00,0.13877458980218094,0.07723946018982383,2315700000000
2019-05-27 19:10:00+00:00,0.10609827376785426,0.05996987484762119,2316000000000
2019-05-27 19:15:00+00:00,0.08427835309687182,0.06412381381248078,2316300000000
2019-05-27 19:20:00+00:00,0.10247837353806394,0.09340880996672318,2316600000000
2019-05-27 19:25:00+00:00,0.13163378939147194,0.06808971129618925,2316900000000
2019-05-27 19:30:00+00:00,0.10315228614653366,0.04191506632412968,2317200000000
2019-05-27 19:35:00+00:00,0.09710232269667324,0.033418326602171734,2317500000000
2019-05-27 19:40:00+00:00,0.1266292714107297,0.10783968727649632,2317800000000
2019-05-27 19:45:00+00:00,0.06232126619272821,0.01663061998641624,2318100000000
2019-05-27 19:50:00+00:00,0.062331281289245824,0.03684765004323616,2318400000000
2019-05-27 19:55:00+00:00,0.05285419968719725,0.012166823171458965,2318700000000
2019-05-27 20:00:00+00:00,0.08978629706293628,0.024904659878595692,2319000000000
2019-05-27 20:05:00+00:00,0.0828610960404452,0.04386915056239339,2319300000000
2019-05-27 20:10:00+00:00,0.10762089720468228,0.04581680499598616,2319600000000
2019-05-27 20:15:00+00:00,0.07890896658979482,0.033512811445410635,2319900000000
2019-05-27 20:20:00+00:00,0.06326928024664616,0.07808367009633577,2320200000000
2019-05-27 20:25:00+00:00,0.06874222798080327,0.04974325887193002,2320500000000
2019-05-27 20:30:00+00:00,0.06845660068457556,0.05970335080182511,2320800000000
2019-05-27 20:35:00+00:00,0.030106809261384995,0.034557276813816054,2321100000000
2019-05-27 20:40:00+00:00,0.11523293587816345,0.06712254306531758,2321400000000
2019-05-27 20:45:00+00:00,0.06895388143036049,0.03257796167066382,2321700000000
2019-05-27 20:50:00+00:00,0.06033385724032471,0.041179006581417155,2322000000000
2019-05-27 20:55:00+00:00,0.06606243242934248,0.043006474856255375,2322300000000
2019-05-27 21:00:00+00:00,0.06562220243375058,0.027997213116944183,2322600000000
2019-05-27 21:05:00+00:00,0.04634822486987791,0.03040589153126396,2322900000000
2019-05-27 21:10:00+00:00,0.03431135453144368,0.006460218584940369,2323200000000
2019-05-27 21:15:00+00:00,0.0567547092712559,0.030623666949936745,2323500000000
2019-05-27 21:20:00+00:00,0.05036310589833724,0.023512194048655604,2323800000000
2019-05-27 21:25:00+00:00,0.024388969998723795,0.0,2324100000000
2019-05-27 21:30:00+00:00,0.06696104451699347,0.0,2324400000000
2019-05-27 21:35:00+00:00,0.04249757230855996,0.00671727838634199,2324700000000
2019-05-27 21:40:00+00:00,0.049334691713115775,0.06568290831959549,2325000000000
2019-05-27 21:45:00+00:00,0.060742975908215355,0.030252149904194656,2325300000000
2019-05-27 21:50:00+00:00,0.03156794844025413,0.034460132282080565,2325600000000
2019-05-27 21:55:00+00:00,0.035755037316517586,0.0,2325900000000
2019-05-27 22:00:00+00:00,0.04396340086912299,0.006212319162187237,2326200000000
2019-05-27 22:05:00+00:00,0.011674320523428434,0.0,2326500000000
2019-05-27 22:10:00+00:00,0.02572385272463158,0.01138831143303665,2326800000000
2019-05-27 22:15:00+00:00,0.025688393836453664,0.06385214591257705,2327100000000
2019-05-27 22:20:00+00:00,0.002654883133055886,0.010797708744391891,2327400000000
2019-05-27 22:25:00+00:00,0.06679212501667095,0.0739875256755643,2327700000000
2019-05-27 22:30:00+00:00,0.0,0.0,2328000000000
2019-05-27 22:35:00+00:00,0.0,0.027297387477101438,2328300000000
2019-05-27 22:40:00+00:00,0.04310841617396317,0.06733018383803571,2328600000000
2019-05-27 22:45:00+00:00,0.030017472258331873,0.01582310202678996,2328900000000
2019-05-27 22:50:00+00:00,0.0,0.0,2329200000000
2019-05-27 22:55:00+00:00,0.02595774658858955,0.0,2329500000000
2019-05-27 23:00:00+00:00,0.042301468289918834,0.019199675802411907,2329800000000
2019-05-27 23:05:00+00:00,0.011540650598294072,0.008562323862992266,2330100000000
2019-05-27 23:10:00+00:00,0.06339316804461263,0.07865497317375056,2330400000000
2019-05-27 23:15:00+00:00,0.0,0.0,2330700000000
2019-05-27 23:20:00+00:00,0.024044195014239114,0.01561975488248303,2331000000000
2019-05-27 23:25:00+00:00,0.032979117932033924,0.0,2331300000000
2019-05-27 23:30:00+00:00,0.027026815492700307,0.007680832718848823,2331600000000
2019-05-27 23:35:00+00:00,0.004734990289294458,0.00906890132181705,2331900000000
2019-05-27 23:40:00+00:00,0.0027064100904595203,0.011875509108046873,2332200000000
2019-05-27 23:45:00+00:00,0.01716239826928792,0.022077900554411188,2332500000000
2019-05-27 23:50:00+00:00,0.024430078717984936,0.02260612788852787,2332800000000
2019-05-27 23:55:00+00:00,0.02007127577477203,0.023651204266788038,2333100000000
2019-05-28 00:00:00+00:00,0.028801157815867808,0.01819547726957395,2333400000000
2019-05-28 00:05:00+00:00,0.0,0.0,2333700000000
2019-05-28 00:10:00+00:00,0.0036151249580264957,0.0,2334000000000
2019-05-28 00:15:00+00:00,0.0,0.0,2334300000000
2019-05-28 00:20:00+00:00,0.0009040953200705705,0.0,2334600000000
2019-05-28 00:25:00+00:00,0.02926541154738261,0.042637882871939176,2334900000000
2019-05-28 00:30:00+00:00,0.011526282541766292,0.004903736021936035,2335200000000
2019-05-28 00:35:00+00:00,0.061980178915053946,0.03325672666469851,2335500000000
2019-05-28 00:40:00+00:00,0.014258075503073925,0.016265387838679948,2335800000000
2019-05-28 00:45:00+00:00,0.012201045551109697,0.0019203875816417755,2336100000000
2019-05-28 00:50:00+00:00,0.013818146209703498,0.02450172770476087,2336400000000
2019-05-28 00:55:00+00:00,0.0,0.039586672367677565,2336700000000
2019-05-28 01:00:00+00:00,0.012121060475754564,0.05108834656966675,2337000000000
2019-05-28 01:05:00+00:00,0.036728837939899034,0.023978115308829203,2337300000000
2019-05-28 01:10:00+00:00,0.017416315194766798,0.017187636410769043,2337600000000
2019-05-28 01:15:00+00:00,0.00029961931139749556,0.031756893994308165,2337900000000
2019-05-28 01:20:00+00:00,0.0,0.0,2338200000000
2019-05-28 01:25:00+00:00,0.009430892885374935,0.01924237856970854,2338500000000
2019-05-28 01:30:00+00:00,0.02114533881152483,0.0,2338800000000
2019-05-28 01:35:00+00:00,0.04483889773049707,0.020686555672798278,2339100000000
2019-05-28 01:40:00+00:00,0.0,0.023122292332906143,2339400000000
2019-05-28 01:45:00+00:00,0.017364229878987787,0.0,2339700000000
2019-05-28 01:50:00+00:00,0.02814013096752506,0.01432305500592148,2340000000000
2019-05-28 01:55:00+00:00,0.0,0.0,2340300000000
2019-05-28 02:00:00+00:00,0.011757557106340067,0.04716990015399678,2340600000000
2019-05-28 02:05:00+00:00,0.016512670826556913,0.03516816389227221,2340900000000
2019-05-28 02:10:00+00:00,0.015932986762168342,0.013321783380355971,2341200000000
2019-05-28 02:15:00+00:00,0.03749234905505088,0.03264566687467709,2341500000000
2019-05-28 02:20:00+00:00,0.03230489005550358,0.027300896172169516,2341800000000
2019-05-28 02:25:00+00:00,0.02633036508563618,0.043484454111997424,2342100000000
2019-05-28 02:30:00+00:00,0.0479729181540327,0.01840775004499217,2342400000000
2019-05-28 02:35:00+00:00,0.07590937744454648,0.06019097886529253,2342700000000
2019-05-28 02:40:00+00:00,0.07632290831143326,0.06734207496390343,2343000000000
2019-05-28 02:45:00+00:00,0.0072269267702400886,0.028642675471673193,2343300000000
2019-05-28 02:50:00+00:00,0.0594220653774061,0.0,2343600000000
2019-05-28 02:55:00+00:00,0.04657105100087029,0.01595714103521928,2343900000000
2019-05-28 03:00:00+00:00,0.055537089679326856,0.012938841381558031,2344200000000
2019-05-28 03:05:00+00:00,0.046821269850698954,0.03108452762183309,2344500000000
2019-05-28 03:10:00+00:00,0.05954101923317064,0.0,2344800000000
2019-05-28 03:15:00+00:00,0.06266794232309733,0.0,2345100000000
2019-05-28 03:20:00+00:00,0.05055837895559634,0.07373692721088301,2345400000000
2019-05-28 03:25:00+00:00,0.046753572660331644,0.040405931361465794,2345700000000
2019-05-28 03:30:00+00:00,0.05829520532963477,0.03739730806175709,2346000000000
2019-05-28 03:35:00+00:00,0.07458596025681886,0.05202502911087096,2346300000000
2019-05-28 03:40:00+00:00,0.08455457249214116,0.05365956197026829,2346600000000
2019-05-28 03:45:00+00:00,0.09235644459386028,0.07536087988734669,2346900000000
2019-05-28 03:50:00+00:00,0.06816014717552779,0.0282472044640371,2347200000000
2019-05-28 03:55:00+00:00,0.0865136803997545,0.05564050476132408,2347500000000
2019-05-28 04:00:00+00:00,0.10291671850573232,0.0662984564621937,2347800000000
2019-05-28 04:05:00+00:00,0.1098441381205291,0.0449693237031507,2348100000000
2019-05-28 04:10:00+00:00,0.08825549537655755,0.07849295840719558,2348400000000
2019-05-28 04:15:00+00:00,0.35259279755674156,0.20264214373601672,2348700000000
2019-05-28 04:20:00+00:00,0.3214549455320874,0.21322140071543044,2349000000000
2019-05-28 04:25:00+00:00,0.25528951170778247,0.15547196155209908,2349300000000
2019-05-28 04:30:00+00:00,0.23509142409715197,0.17372655110647234,2349600000000
2019-05-28 04:35:00+00:00,0.2145626159276135,0.10790998778613761,2349900000000
2019-05-28 04:40:00+00:00,0.1732429793188104,0.08225061156107723,2350200000000
2019-05-28 04:45:00+00:00,0.10517039478391321,0.04498832505026175,2350500000000
2019-05-28 04:50:00+00:00,0.11805404965165996,0.07349834080128345,2350800000000
2019-05-28 04:55:00+00:00,0.10035208553398335,0.0910406192359541,2351100000000
2019-05-28 05:00:00+00:00,0.13408031953245247,0.1123100640827765,2351400000000
2019-05-28 05:05:00+00:00,0.12163790965056713,0.02678337378157148,2351700000000
2019-05-28 05:10:00+00:00,0.12087613998647262,0.07751982721633434,2352000000000
2019-05-28 05:15:00+00:00,0.12237697497571635,0.009167112775129355,2352300000000
2019-05-28 05:20:00+00:00,0.13158378490085068,0.09485090681621111,2352600000000
2019-05-28 05:25:00+00:00,0.127126716950649,0.09863941846829355,2352900000000
2019-05-28 05:30:00+00:00,0.15250059855371176,0.09069547363838334,2353200000000
2019-05-28 05:35:00+00:00,0.13469485336743822,0.08249654357035802,2353500000000
2019-05-28 05:40:00+00:00,0.1777303649528437,0.10811099683051101,2353800000000
2019-05-28 05:45:00+00:00,0.17845207401843927,0.09138240603623862,2354100000000
2019-05-28 05:50:00+00:00,0.1345984443203309,0.08939318229862815,2354400000000
2019-05-28 05:55:00+00:00,0.15710796374451108,0.08963661821364151,2354700000000
2019-05-28 06:00:00+00:00,0.1459868675732741,0.10619795472975682,2355000000000
2019-05-28 06:05:00+00:00,0.1557531703803024,0.09117936353779683,2355300000000
2019-05-28 06:10:00+00:00,0.20561923523547512,0.10615107901151989,2355600000000
2019-05-28 06:15:00+00:00,0.16270070770886827,0.06690313120801075,2355900000000
2019-05-28 06:20:00+00:00,0.1793334377092526,0.07031876612443733,2356200000000
2019-05-28 06:25:00+00:00,0.18622590155240393,0.13798572781053106,2356500000000
2019-05-28 06:30:00+00:00,0.1586496747166791,0.08603401777282707,2356800000000
2019-05-28 06:35:00+00:00,0.16481382066252362,0.10565977619914714,2357100000000
2019-05-28 06:40:00+00:00,0.16103789033298987,0.1322873320346843,2357400000000
2019-05-28 06:45:00+00:00,0.1706691336244647,0.09114539354872099,2357700000000
2019-05-28 06:50:00+00:00,0.1346042287932611,0.06821298758833358,2358000000000
2019-05-28 06:55:00+00:00,0.20569730964257615,0.12077515073843921,2358300000000
2019-05-28 07:00:00+00:00,0.23907340025716542,0.1440326941626991,2358600000000
2019-05-28 07:05:00+00:00,0.20411132244093763,0.1602178204696795,2358900000000
2019-05-28 07:10:00+00:00,0.1759749371832714,0.13690137419184512,2359200000000
2019-05-28 07:15:00+00:00,0.2324116163294232,0.15186447811578888,2359500000000
2019-05-28 07:20:00+00:00,0.20891628499229703,0.1543380463753156,2359800000000
2019-05-28 07:25:00+00:00,0.19325012130939928,0.11238569253428245,2360100000000
2019-05-28 07:30:00+00:00,0.23385616762266648,0.14629699191736945,2360400000000
2019-05-28 07:35:00+00:00,0.23588109325520548,0.13549838306234938,2360700000000
2019-05-28 07:40:00+00:00,0.19956148116252834,0.09392952104592421,2361000000000
2019-05-28 07:45:00+00:00,0.2401365910884691,0.16815944948895337,2361300000000
2019-05-28 07:50:00+00:00,0.25910410081235374,0.16609643516720946,2361600000000
2019-05-28 07:55:00+00:00,0.26951892388694476,0.16207282380064011,2361900000000
2019-05-28 08:00:00+00:00,0.29163757379505306,0.17493318729078833,2362200000000
2019-05-28 08:05:00+00:00,0.21912335795743643,0.10134971735633169,2362500000000
2019-05-28 08:10:00+00:00,0.29644046089103815,0.1583147698715686,2362800000000
2019-05-28 08:15:00+00:00,0.2356264071827635,0.1480989077119386,2363100000000
2019-05-28 08:20:00+00:00,0.2335760452339375,0.12956337379487237,2363400000000
2019-05-28 08:25:00+00:00,0.25464067252987005,0.14843014269357221,2363700000000
2019-05-28 08:30:00+00:00,0.23908965433611545,0.14136067130608723,2364000000000
2019-05-28 08:35:00+00:00,0.2612999591960954,0.14313060013731502,2364300000000
2019-05-28 08:40:00+00:00,0.22946104214267923,0.11831825888512652,2364600000000
2019-05-28 08:45:00+00:00,0.2535851535570745,0.11990393951573722,2364900000000
2019-05-28 08:50:00+00:00,0.2865223980518039,0.16898307325085155,2365200000000
2019-05-28 08:55:00+00:00,0.2620718436498301,0.16961527714210373,2365500000000
2019-05-28 09:00:00+00:00,0.2683979329127811,0.12816607690326964,2365800000000
2019-05-28 09:05:00+00:00,0.2773736552921963,0.16594323667332125,2366100000000
2019-05-28 09:10:00+00:00,0.29353261088565,0.18174243158522124,2366400000000
2019-05-28 09:15:00+00:00,0.23921314354472464,0.12373627805225189,2366700000000
2019-05-28 09:20:00+00:00,0.28615270306015056,0.2001344580670521,2367000000000
2019-05-28 09:25:00+00:00,0.2711893341235407,0.15499929309335622,2367300000000
2019-05-28 09:30:00+00:00,0.2819190922832543,0.16712626160082236,2367600000000
2019-05-28 09:35:00+00:00,0.3017629162575932,0.17783235974259637,2367900000000
2019-05-28 09:40:00+00:00,0.2586001847262213,0.11974462238391165,2368200000000
2019-05-28 09:45:00+00:00,0.26409255301652035,0.17863057324359308,2368500000000
2019-05-28 09:50:00+00:00,0.24743900656654563,0.12935302857154263,2368800000000
2019-05-28 09:55:00+00:00,0.27690637954344394,0.16141341741795165,2369100000000
2019-05-28 10:00:00+00:00,0.3161791241219082,0.2016606944987048,2369400000000
2019-05-28 10:05:00+00:00,0.28877782514221145,0.20248476360821754,2369700000000
2019-05-28 10:10:00+00:00,0.2659435715080829,0.13796749726691296,2370000000000
2019-05-28 10:15:00+00:00,0.2845256696717362,0.16178573009115316,2370300000000
2019-05-28 10:20:00+00:00,0.26591115620790756,0.1871950663248876,2370600000000
2019-05-28 10:25:00+00:00,0.5583676357634444,0.34429485904357554,2370900000000
2019-05-28 10:30:00+00:00,0.3061083080819671,0.19708841203021243,2371200000000
2019-05-28 10:35:00+00:00,0.2760876027551877,0.14462992693758925,2371500000000
2019-05-28 10:40:00+00:00,0.32298435699972955,0.18620642360130657,2371800000000
2019-05-28 10:45:00+00:00,0.3004087802743264,0.1768885595169872,2372100000000
2019-05-28 10:50:00+00:00,0.30457499224668055,0.16558710020114886,2372400000000
2019-05-28 10:55:00+00:00,0.2982594632501749,0.14546428543662676,2372700000000
2019-05-28 11:00:00+00:00,0.320179164047568,0.18189752725326888,2373000000000
2019-05-28 11:05:00+00:00,0.3212117304497515,0.21981280226153949,2373300000000
2019-05-28 11:10:00+00:00,0.3130065992173452,0.188987428841617,2373600000000
2019-05-28 11:15:00+00:00,0.3182885741786372,0.21845896277864985,2373900000000
2019-05-28 11:20:00+00:00,0.3033682584423112,0.1856013733499771,2374200000000
2019-05-28 11:25:00+00:00,0.31900106448612303,0.17610648409991456,2374500000000
2019-05-28 11:30:00+00:00,0.3018758403632622,0.20667788448259175,2374800000000
2019-05-28 11:35:00+00:00,0.30908363873215156,0.1896967060526489,2375100000000
2019-05-28 11:40:00+00:00,0.30388077417088033,0.20156524115107613,2375400000000
2019-05-28 11:45:00+00:00,0.3004928010327399,0.15892911719723252,2375700000000
2019-05-28 11:50:00+00:00,0.2960472195050651,0.19840345749532912,2376000000000
2019-05-28 11:55:00+00:00,0.3193042172502752,0.21296031586104908,2376300000000
2019-05-28 12:00:00+00:00,0.3362121182562693,0.20752261384089227,2376600000000
2019-05-28 12:05:00+00:00,0.3334002323842664,0.18390169771436418,2376900000000
2019-05-28 12:10:00+00:00,0.2847537042961477,0.16993204600343637,2377200000000
2019-05-28 12:15:00+00:00,0.3355045661805947,0.2135285626531217,2377500000000
2019-05-28 12:20:00+00:00,0.3031215902369589,0.186564354540906,2377800000000
2019-05-28 12:25:00+00:00,0.3211925554807039,0.2047371880505776,2378100000000
2019-05-28 12:30:00+00:00,0.290675755898461,0.1946503716921347,2378400000000
2019-05-28 12:35:00+00:00,0.3111910470698662,0.1737456951744813,2378700000000
2019-05-28 12:40:00+00:00,0.3141067377208804,0.16536253021332545,2379000000000
2019-05-28 12:45:00+00:00,0.27755069622209144,0.16577964170581003,2379300000000
2019-05-28 12:50:00+00:00,0.31874863328376274,0.1846543167928603,2379600000000
2019-05-28 12:55:00+00:00,0.3327727884065335,0.21538060130704312,2379900000000
2019-05-28 13:00:00+00:00,0.30156258169639366,0.15944758122466002,2380200000000
2019-05-28 13:05:00+00:00,0.3313913963300057,0.219242475281557,2380500000000
2019-05-28 13:10:00+00:00,0.29945811718763116,0.20674711250351402,2380800000000
2019-05-28 13:15:00+00:00,0.3192395433785313,0.19154982531236456,2381100000000
2019-05-28 13:20:00+00:00,0.2568047160210864,0.1552975521242779,2381400000000
2019-05-28 13:25:00+00:00,0.3484128470898003,0.1936967782292771,2381700000000
2019-05-28 13:30:00+00:00,0.3287410947815525,0.18639143888945017,2382000000000
2019-05-28 13:35:00+00:00,0.291868100671733,0.16695412679012614,2382300000000
2019-05-28 13:40:00+00:00,0.256782165300398,0.1829281005369974,2382600000000
2019-05-28 13:45:00+00:00,0.30058314526268093,0.17891247144139308,2382900000000
2019-05-28 13:50:00+00:00,0.26447866959081323,0.13224374262168778,2383200000000
2019-05-28 13:55:00+00:00,0.30072552855172024,0.1855424039732722,2383500000000
2019-05-28 14:00:00+00:00,0.29846845828428487,0.19560687746301642,2383800000000
2019-05-28 14:05:00+00:00,0.2697559394431242,0.16134533627944264,2384100000000
2019-05-28 14:10:00+00:00,0.30928916845533233,0.21495776986773918,2384400000000
2019-05-28 14:15:00+00:00,0.30120693590150405,0.1962743348862204,2384700000000
2019-05-28 14:20:00+00:00,0.3027781622780105,0.16068432276904923,2385000000000
2019-05-28 14:25:00+00:00,0.28154662249127754,0.15789931724683848,2385300000000
2019-05-28 14:30:00+00:00,0.2511091863720776,0.1551900374517387,2385600000000
2019-05-28 14:35:00+00:00,0.29697067346371075,0.14485861931769428,2385900000000
2019-05-28 14:40:00+00:00,0.2699436829295759,0.16869334450715784,2386200000000
2019-05-28 14:45:00+00:00,0.2454387015913275,0.11203157240970352,2386500000000
2019-05-28 14:50:00+00:00,0.29810461006322586,0.19933143514922572,2386800000000
2019-05-28 14:55:00+00:00,0.31082885583012354,0.20464278719390827,2387100000000
2019-05-28 15:00:00+00:00,0.26574105459840036,0.16954025997734165,2387400000000
2019-05-28 15:05:00+00:00,0.30742327034829486,0.1709363949219307,2387700000000
2019-05-28 15:10:00+00:00,0.26369260349235396,0.16161961858768314,2388000000000
2019-05-28 15:15:00+00:00,0.2518344208483506,0.14083310275871738,2388300000000
2019-05-28 15:20:00+00:00,0.24436452792482802,0.12600241120589548,2388600000000
2019-05-28 15:25:00+00:00,0.28719961343190975,0.1655449078237176,2388900000000
2019-05-28 15:30:00+00:00,0.23629467005688473,0.15574211276397276,2389200000000
2019-05-28 15:35:00+00:00,0.2639990556762619,0.15927571726239237,2389500000000
2019-05-28 15:40:00+00:00,0.23546429986258352,0.17029277840023857,2389800000000
2019-05-28 15:45:00+00:00,0.23475439970145326,0.15616825061047745,2390100000000
2019-05-28 15:50:00+00:00,0.2618388240203009,0.17027711069029292,2390400000000
2019-05-28 15:55:00+00:00,0.23086802957607008,0.10634228675672996,2390700000000
2019-05-28 16:00:00+00:00,0.22757075907826255,0.13083928484385196,2391000000000
2019-05-28 16:05:00+00:00,0.25548496483695843,0.13200353069349105,2391300000000
2019-05-28 16:10:00+00:00,0.26190468229413105,0.15348275178400053,2391600000000
2019-05-28 16:15:00+00:00,0.2399454329318678,0.13010173728065752,2391900000000
2019-05-28 16:20:00+00:00,0.21101956597084828,0.11905964052135018,2392200000000
2019-05-28 16:25:00+00:00,0.2109359446039708,0.1477848214098595,2392500000000
2019-05-28 16:30:00+00:00,0.21975082012956548,0.14135549065785596,2392800000000
2019-05-28 16:35:00+00:00,0.22154819586995908,0.15307120610160815,2393100000000
2019-05-28 16:40:00+00:00,0.19232348107383104,0.0833804264639789,2393400000000
2019-05-28 16:45:00+00:00,0.22346834525373713,0.13524050108455554,2393700000000
2019-05-28 16:50:00+00:00,0.2076216920739921,0.14390711487232727,2394000000000
2019-05-28 16:55:00+00:00,0.16847963017633077,0.13121369640354158,2394300000000
2019-05-28 17:00:00+00:00,0.1810776604494975,0.07768482847584864,2394600000000
2019-05-28 17:05:00+00:00,0.18641753259811206,0.10482084683564383,2394900000000
2019-05-28 17:10:00+00:00,0.19186989942500732,0.13580647313509964,2395200000000
2019-05-28 17:15:00+00:00,0.22792412421250163,0.13290890827127208,2395500000000
2019-05-28 17:20:00+00:00,0.19169954166171987,0.09681137151363745,2395800000000
2019-05-28 17:25:00+00:00,0.16690584790829222,0.06914352517505518,2396100000000
2019-05-28 17:30:00+00:00,0.18490821158581774,0.09197089625822731,2396400000000
2019-05-28 17:35:00+00:00,0.17021883183427328,0.06835326572928939,2396700000000
2019-05-28 17:40:00+00:00,0.180512970647261,0.1094769915250371,2397000000000
2019-05-28 17:45:00+00:00,0.18238015645856895,0.12735429759071457,2397300000000
2019-05-28 17:50:00+00:00,0.19169974327150385,0.08980035078473023,2397600000000
2019-05-28 17:55:00+00:00,0.16377261395289355,0.10341816319595717,2397900000000
2019-05-28 18:00:00+00:00,0.1937792105519961,0.133172946920115,2398200000000
2019-05-28 18:05:00+00:00,0.17590210938442855,0.10548709909369013,2398500000000
2019-05-28 18:10:00+00:00,0.1403360787767342,0.05198776136769562,2398800000000
2019-05-28 18:15:00+00:00,0.19542831059711574,0.1249812174515195,2399100000000
2019-05-28 18:20:00+00:00,0.15452208440880635,0.09162031174999441,2399400000000
2019-05-28 18:25:00+00:00,0.1280369231372074,0.07369206091030733,2399700000000
2019-05-28 18:30:00+00:00,0.1745626655249328,0.09380085439975037,2400000000000
2019-05-28 18:35:00+00:00,0.17983426599770297,0.1096363081241026,2400300000000
2019-05-28 18:40:00+00:00,0.13440337918668033,0.09083838568094739,2400600000000
2019-05-28 18:45:00+00:00,0.12178844649006942,0.12088603058075863,2400900000000
2019-05-28 18:50:00+00:00,0.12522544764910135,0.0773819099572049,2401200000000
2019-05-28 18:55:00+00:00,0.1397945284792034,0.1140995402877755,2401500000000
2019-05-28 19:00:00+00:00,0.14790094300190115,0.09589566746967822,2401800000000
2019-05-28 19:05:00+00:00,0.1306159500681811,0.0763790034879536,2402100000000
2019-05-28 19:10:00+00:00,0.11812303868823824,0.07384477376716879,2402400000000
2019-05-28 19:15:00+00:00,0.1429526489439476,0.061336861972518364,2402700000000
2019-05-28 19:20:00+00:00,0.10366247126234196,0.06831468817244593,2403000000000
2019-05-28 19:25:00+00:00,0.1274887921358951,0.03665197398510961,2403300000000
2019-05-28 19:30:00+00:00,0.09808622917820864,0.04159841034915454,2403600000000
2019-05-28 19:35:00+00:00,0.10947234457029441,0.06788026860485286,2403900000000
2019-05-28 19:40:00+00:00,0.09561378722086653,0.0812479177960968,2404200000000
2019-05-28 19:45:00+00:00,0.0938313194807596,0.08491127962842362,2404500000000
2019-05-28 19:50:00+00:00,0.08449553322105618,0.04596638833981501,2404800000000
2019-05-28 19:55:00+00:00,0.11606820973015061,0.07275527222869918,2405100000000
2019-05-28 20:00:00+00:00,0.0716748125711636,0.06269213693433873,2405400000000
2019-05-28 20:05:00+00:00,0.06872658844717133,0.014646081624444422,2405700000000
2019-05-28 20:10:00+00:00,0.12318604117598808,0.08200657481190292,2406000000000
2019-05-28 20:15:00+00:00,0.09759641634014869,0.041999992456773036,2406300000000
2019-05-28 20:20:00+00:00,0.02765014946237064,0.01315358878388801,2406600000000
2019-05-28 20:25:00+00:00,0.06140115573903222,0.027660228433533024,2406900000000
2019-05-28 20:30:00+00:00,0.03386266556411786,0.02902476187943366,2407200000000
2019-05-28 20:35:00+00:00,0.04852822085964244,0.04012300599596726,2407500000000
2019-05-28 20:40:00+00:00,0.0022560096667840063,0.019175179348018347,2407800000000
2019-05-28 20:45:00+00:00,0.05981666951444266,0.04285397827795456,2408100000000
2019-05-28 20:50:00+00:00,0.037294854696645924,0.025809988217365486,2408400000000
2019-05-28 20:55:00+00:00,0.058957257879702,0.07245483073659323,2408700000000
2019-05-28 21:00:00+00:00,0.022931557644367273,0.0,2409000000000
2019-05-28 21:05:00+00:00,0.054817531643366654,0.06680271618860478,2409300000000
2019-05-28 21:10:00+00:00,0.0426378516938533,0.01978627283894404,2409600000000
2019-05-28 21:15:00+00:00,0.07880475484859306,0.058700684636521935,2409900000000
2019-05-28 21:20:00+00:00,0.07487602632262003,0.0384124221817,2410200000000
2019-05-28 21:25:00+00:00,0.060293684040716944,0.022125377833397644,2410500000000
2019-05-28 21:30:00+00:00,0.036048056676425924,0.03132037786174013,2410800000000
2019-05-28 21:35:00+00:00,0.08033813948730556,0.0690454498646722,2411100000000
2019-05-28 21:40:00+00:00,0.007677598910966154,0.014066718445927794,2411400000000
2019-05-28 21:45:00+00:00,0.008833385563343153,0.0,2411700000000
2019-05-28 21:50:00+00:00,0.03345451001917559,0.09229970726781875,2412000000000
2019-05-28 21:55:00+00:00,0.07849675935525934,0.07106952903048065,2412300000000
2019-05-28 22:00:00+00:00,0.027716077961598383,0.03529649286110409,2412600000000
2019-05-28 22:05:00+00:00,0.026506637335243343,0.008844697786301921,2412900000000
2019-05-28 22:10:00+00:00,0.0,0.0,2413200000000
2019-05-28 22:15:00+00:00,0.04609601380883782,0.022060826768443904,2413500000000
2019-05-28 22:20:00+00:00,0.04483957925331219,0.04853187843983697,2413800000000
2019-05-28 22:25:00+00:00,0.04022089327119288,0.004320449221199167,2414100000000
2019-05-28 22:30:00+00:00,0.010583656666360559,0.0,2414400000000
2019-05-28 22:35:00+00:00,0.007828573129008457,0.015488094544625436,2414700000000
2019-05-28 22:40:00+00:00,0.0,0.006383928892842406,2415000000000
2019-05-28 22:45:00+00:00,0.021429597277620754,0.0,2415300000000
2019-05-28 22:50:00+00:00,0.0,0.0,2415600000000
2019-05-28 22:55:00+00:00,0.0,0.028757939867368642,2415900000000
2019-05-28 23:00:00+00:00,0.00847064505175885,0.012222475537046548,2416200000000
2019-05-28 23:05:00+00:00,0.006362788246549218,0.0,2416500000000
2019-05-28 23:10:00+00:00,0.00465713946668167,0.0,2416800000000
2019-05-28 23:15:00+00:00,0.02408609987632045,0.007221420476782884,2417100000000
2019-05-28 23:20:00+00:00,0.015748681980063215,0.024106045327990593,2417400000000
2019-05-28 23:25:00+00:00,0.007885430597391345,0.016631434400600404,2417700000000
2019-05-28 23:30:00+00:00,0.01686019602682488,0.03274968835611928,2418000000000
2019-05-28 23:35:00+00:00,0.0,0.0,2418300000000
2019-05-28 23:40:00+00:00,0.014620812208876349,0.013249421120918942,2418600000000
2019-05-28 23:45:00+00:00,0.015291544704435644,0.037693133469088605,2418900000000
2019-05-28 23:50:00+00:00,0.0,0.026656034609521977,2419200000000
2019-05-28 23:55:00+00:00,0.03193568213653199,0.02633960891017291,2419500000000
2019-05-29 00:00:00+00:00,0.04437132589546011,0.07358316571035359,2419800000000
2019-05-29 00:05:00+00:00,0.06385578081103122,0.05049917081493592,2420100000000
2019-05-29 00:10:00+00:00,0.08545877935120447,0.07213020026754954,2420400000000
2019-05-29 00:15:00+00:00,0.08087636333515372,0.04941477637660236,2420700000000
2019-05-29 00:20:00+00:00,0.06331301861317021,0.022368305311016384,2421000000000
2019-05-29 00:25:00+00:00,0.055711013653455245,0.015922424176498223,2421300000000
2019-05-29 00:30:00+00:00,0.08231684229877317,0.0530224096751523,2421600000000
2019-05-29 00:35:00+00:00,0.07733689520823049,0.04217209698793415,2421900000000
2019-05-29 00:40:00+00:00,0.052022647758397156,0.0,2422200000000
2019-05-29 00:45:00+00:00,0.04910933499948136,0.008949729301173992,2422500000000
2019-05-29 00:50:00+00:00,0.024247384186979408,0.008180359031105785,2422800000000
2019-05-29 00:55:00+00:00,0.06953210413945972,0.056264850002419015,2423100000000
2019-05-29 01:00:00+00:00,0.06562383782293875,0.03905282497052175,2423400000000
2019-05-29 01:05:00+00:00,0.09089690489051722,0.05309685872430005,2423700000000
2019-05-29 01:10:00+00:00,0.07631800370181772,0.026052549681024308,2424000000000
2019-05-29 01:15:00+00:00,0.09685339779252107,0.05857536027675461,2424300000000
2019-05-29 01:20:00+00:00,0.05732104454601211,0.060774647276527025,2424600000000
2019-05-29 01:25:00+00:00,0.09519793733804457,0.060230264657997884,2424900000000
2019-05-29 01:30:00+00:00,0.06308974254121454,0.007707573895091486,2425200000000
2019-05-29 01:35:00+00:00,0.09051908825681601,0.02928099706799898,2425500000000
2019-05-29 01:40:00+00:00,0.047156441871666635,0.04006964266746304,2425800000000
2019-05-29 01:45:00+00:00,0.08246346142408713,0.044991767349999885,2426100000000
2019-05-29 01:50:00+00:00,0.03956017174990382,0.02224449844787201,2426400000000
2019-05-29 01:55:00+00:00,0.07546768136948258,0.0330259253213944,2426700000000
2019-05-29 02:00:00+00:00,0.09123660264322483,0.06481020582993315,2427000000000
2019-05-29 02:05:00+00:00,0.07369107059665926,0.03819628809308857,2427300000000
2019-05-29 02:10:00+00:00,0.06484364166405725,0.03517392056386225,2427600000000
2019-05-29 02:15:00+00:00,0.10457692754053718,0.045721688691059775,2427900000000
2019-05-29 02:20:00+00:00,0.08744682644860165,0.07090192183201638,2428200000000
2019-05-29 02:25:00+00:00,0.08164467419704156,0.044564148685896504,2428500000000
2019-05-29 02:30:00+00:00,0.09425158404606616,0.0687085570900349,2428800000000
2019-05-29 02:35:00+00:00,0.1481812659305339,0.06503692827763999,2429100000000
2019-05-29 02:40:00+00:00,0.12060783497222977,0.10704236375091003,2429400000000
2019-05-29 02:45:00+00:00,0.12293383557524432,0.09930778211541104,2429700000000
2019-05-29 02:50:00+00:00,0.1105915480805513,0.028158975455152238,2430000000000
2019-05-29 02:55:00+00:00,0.10746122225369069,0.0484379838509401,2430300000000
2019-05-29 03:00:00+00:00,0.0585123370554091,0.04466009005344316,2430600000000
2019-05-29 03:05:00+00:00,0.09520732359228495,0.030729821032390886,2430900000000
2019-05-29 03:10:00+00:00,0.10157775837137789,0.05831477337956021,2431200000000
2019-05-29 03:15:00+00:00,0.07614195312070707,0.05421780759196018,2431500000000
2019-05-29 03:20:00+00:00,0.09298909829826692,0.05209894073937048,2431800000000
2019-05-29 03:25:00+00:00,0.07906419419838008,0.05821529058976997,2432100000000
2019-05-29 03:30:00+00:00,0.12050264226807782,0.05843498726880905,2432400000000
2019-05-29 03:35:00+00:00,0.1402760943846607,0.03928202578743398,2432700000000
2019-05-29 03:40:00+00:00,0.1487101360309433,0.10886838786186719,2433000000000
2019-05-29 03:45:00+00:00,0.137585154288643,0.10206738564523642,2433300000000
2019-05-29 03:50:00+00:00,0.1127760208128919,0.11773834533350178,2433600000000
2019-05-29 03:55:00+00:00,0.09619548588330146,0.013573561171294574,2433900000000
2019-05-29 04:00:00+00:00,0.1025292926786372,0.07653421779411863,2434200000000
2019-05-29 04:05:00+00:00,0.11515258867255745,0.029717910441866724,2434500000000
2019-05-29 04:10:00+00:00,0.12565495849847538,0.11052284073259161,2434800000000
2019-05-29 04:15:00+00:00,0.14317005984065037,0.0956593725783104,2435100000000
2019-05-29 04:20:00+00:00,0.12904619859857636,0.05838914220562075,2435400000000
2019-05-29 04:25:00+00:00,0.15910362550566362,0.11106662479542688,2435700000000
2019-05-29 04:30:00+00:00,0.1507020150892483,0.07936030889921025,2436000000000
2019-05-29 04:35:00+00:00,0.1586090973811548,0.10117378041971826,2436300000000
2019-05-29 04:40:00+00:00,0.18427976733235166,0.11468707472359267,2436600000000
2019-05-29 04:45:00+00:00,0.14097111218718456,0.11946603003525663,2436900000000
2019-05-29 04:50:00+00:00,0.1760737771957609,0.1419427845191868,2437200000000
2019-05-29 04:55:00+00:00,0.17056562777027665,0.09039406919669586,2437500000000
2019-05-29 05:00:00+00:00,0.16734075094855905,0.12156656292905615,2437800000000
2019-05-29 05:05:00+00:00,0.19489946479061676,0.124036481985776,2438100000000
2019-05-29 05:10:00+00:00,0.19797545211153655,0.0905316299267837,2438400000000
2019-05-29 05:15:00+00:00,0.16468163577781236,0.0848844138592438,2438700000000
2019-05-29 05:20:00+00:00,0.18319845056169043,0.15664199232900675,2439000000000
2019-05-29 05:25:00+00:00,0.19570850350097052,0.1245821901226754,2439300000000
2019-05-29 05:30:00+00:00,0.18787760287320981,0.13272215331427634,2439600000000
2019-05-29 05:35:00+00:00,0.2083009509735146,0.12073968433676893,2439900000000
2019-05-29 05:40:00+00:00,0.20549492339049835,0.11249811573991217,2440200000000
2019-05-29 05:45:00+00:00,0.2397990887559329,0.14442474340624922,2440500000000
2019-05-29 05:50:00+00:00,0.17582373139882626,0.10017215773437141,2440800000000
2019-05-29 05:55:00+00:00,0.20726515856097855,0.09449403651595516,2441100000000
2019-05-29 06:00:00+00:00,0.19482994976975515,0.09683146071277245,2441400000000
2019-05-29 06:05:00+00:00,0.22836827075285232,0.151178652739956,2441700000000
2019-05-29 06:10:00+00:00,0.1872272480816693,0.10472253506695337,2442000000000
2019-05-29 06:15:00+00:00,0.22977839025568306,0.138381131793968,2442300000000
2019-05-29 06:20:00+00:00,0.21352794834073827,0.13281523001438716,2442600000000
2019-05-29 06:25:00+00:00,0.21471623834981907,0.13509074398626583,2442900000000
2019-05-29 06:30:00+00:00,0.20373229809552695,0.1451709600836236,2443200000000
2019-05-29 06:35:00+00:00,0.22661421122668862,0.11399461043464254,2443500000000
2019-05-29 06:40:00+00:00,0.2608483483669676,0.16791406349105303,2443800000000
2019-05-29 06:45:00+00:00,0.2418847746318317,0.16023142064949197,2444100000000
2019-05-29 06:50:00+00:00,0.25815843933709104,0.1746120991822847,2444400000000
2019-05-29 06:55:00+00:00,0.2820984980660301,0.1410007468513206,2444700000000
2019-05-29 07:00:00+00:00,0.25726463512849657,0.1594551654440379,2445000000000
2019-05-29 07:05:00+00:00,0.24397891621895718,0.18070886865934466,2445300000000
2019-05-29 07:10:00+00:00,0.2676453586737403,0.1586048048211117,2445600000000
2019-05-29 07:15:00+00:00,0.25053833020252025,0.15999289216079798,2445900000000
2019-05-29 07:20:00+00:00,0.2544367900551311,0.16826998592478234,2446200000000
2019-05-29 07:25:00+00:00,0.2372039608612881,0.12181297962880763,2446500000000
2019-05-29 07:30:00+00:00,0.28917766467644823,0.21018309338586844,2446800000000
2019-05-29 07:35:00+00:00,0.26595584085471097,0.16956352045220463,2447100000000
2019-05-29 07:40:00+00:00,0.2803124819551997,0.17857754545698834,2447400000000
2019-05-29 07:45:00+00:00,0.25891573162738324,0.12210889141621925,2447700000000
2019-05-29 07:50:00+00:00,0.29128680013511876,0.19066297604533752,2448000000000
2019-05-29 07:55:00+00:00,0.27022893501964906,0.1722655678393722,2448300000000
2019-05-29 08:00:00+00:00,0.28549915889929817,0.20378332189402018,2448600000000
2019-05-29 08:05:00+00:00,0.3087197315710801,0.17900653465656102,2448900000000
2019-05-29 08:10:00+00:00,0.30977123860778555,0.1661095765727025,2449200000000
2019-05-29 08:15:00+00:00,0.2962699335026013,0.1641171802060741,2449500000000
2019-05-29 08:20:00+00:00,0.26406273368741423,0.14833807551230255,2449800000000
2019-05-29 08:25:00+00:00,0.3619554364335268,0.1947963314974886,2450100000000
2019-05-29 08:30:00+00:00,0.33964806042343587,0.2295920367293814,2450400000000
2019-05-29 08:35:00+00:00,0.32177257288093164,0.2196175009871923,2450700000000
2019-05-29 08:40:00+00:00,0.29479851026560666,0.1729632721365629,2451000000000
2019-05-29 08:45:00+00:00,0.31008836236430465,0.1781978189768989,2451300000000
2019-05-29 08:50:00+00:00,0.30394234476904075,0.1460557685950382,2451600000000
2019-05-29 08:55:00+00:00,0.3424901882603787,0.21941333806229932,2451900000000
2019-05-29 09:00:00+00:00,0.3248160749950178,0.22795844717352753,2452200000000
2019-05-29 09:05:00+00:00,0.3061852060306542,0.17096722927320138,2452500000000
2019-05-29 09:10:00+00:00,0.31470427631680187,0.18648687527455315,2452800000000
2019-05-29 09:15:00+00:00,0.34874140063991205,0.21793066961026183,2453100000000
2019-05-29 09:20:00+00:00,0.36046417895980937,0.2507668745880837,2453400000000
2019-05-29 09:25:00+00:00,0.3611187481781015,0.2206667733435628,2453700000000
2019-05-29 09:30:00+00:00,0.3477269756780977,0.21254478372738897,2454000000000
2019-05-29 09:35:00+00:00,0.3295114154862936,0.2012932193149722,2454300000000
2019-05-29 09:40:00+00:00,0.27165364124787633,0.13449153461065233,2454600000000
2019-05-29 09:45:00+00:00,0.34428864232154477,0.17763737231632956,2454900000000
2019-05-29 09:50:00+00:00,0.34011103058394027,0.1879067149680667,2455200000000
2019-05-29 09:55:00+00:00,0.34468920030514705,0.22707133166383567,2455500000000
2019-05-29 10:00:00+00:00,0.3446484241749966,0.20008191309407808,2455800000000
2019-05-29 10:05:00+00:00,0.3186643256726982,0.18060651442757306,2456100000000
2019-05-29 10:10:00+00:00,0.35789424055820274,0.2037930522520463,2456400000000
2019-05-29 10:15:00+00:00,0.36088357084387274,0.21377700493687007,2456700000000
2019-05-29 10:20:00+00:00,0.36331516591891183,0.2520312582333799,2457000000000
2019-05-29 10:25:00+00:00,0.3699643730504964,0.2189546761163554,2457300000000
2019-05-29 10:30:00+00:00,0.3644129627751257,0.20292182955757823,2457600000000
2019-05-29 10:35:00+00:00,0.34536448105053036,0.20772360121195085,2457900000000
2019-05-29 10:40:00+00:00,0.35331493393734204,0.24709063247763596,2458200000000
2019-05-29 10:45:00+00:00,0.3576536834359996,0.20453571568288745,2458500000000
2019-05-29 10:50:00+00:00,0.35901708714992264,0.19179015212133468,2458800000000
2019-05-29 10:55:00+00:00,0.3777912757217677,0.21665494003845226,2459100000000
2019-05-29 11:00:00+00:00,0.3715955823371437,0.22553262412925487,2459400000000
2019-05-29 11:05:00+00:00,0.4010954014856107,0.2544220599078732,2459700000000
2019-05-29 11:10:00+00:00,0.4044348917767946,0.26279860663972165,2460000000000
2019-05-29 11:15:00+00:00,0.3625857837127629,0.19663712474841116,2460300000000
2019-05-29 11:20:00+00:00,0.28487694087153254,0.1519092578337381,2460600000000
2019-05-29 11:25:00+00:00,0.38689365367048756,0.22567094701454274,2460900000000
2019-05-29 11:30:00+00:00,0.35182586909299685,0.22478538194973602,2461200000000
2019-05-29 11:35:00+00:00,0.3470093278522835,0.18300543875832498,2461500000000
2019-05-29 11:40:00+00:00,0.35540474365841895,0.20109630798669742,2461800000000
2019-05-29 11:45:00+00:00,0.3547043108828317,0.20096771194146007,2462100000000
2019-05-29 11:50:00+00:00,0.3760748516616087,0.2444798881042526,2462400000000
2019-05-29 11:55:00+00:00,0.33276169959057295,0.21022223496763254,2462700000000
2019-05-29 12:00:00+00:00,0.34244558508416795,0.22354171827149916,2463000000000
2019-05-29 12:05:00+00:00,0.37084136403482354,0.2492783779055552,2463300000000
2019-05-29 12:10:00+00:00,0.3763438916233227,0.219693333072212,2463600000000
2019-05-29 12:15:00+00:00,0.37655133805117735,0.20218267973363277,2463900000000
2019-05-29 12:20:00+00:00,0.34774403469065146,0.18502714845745047,2464200000000
2019-05-29 12:25:00+00:00,0.3436125821924676,0.16940539801430377,2464500000000
2019-05-29 12:30:00+00:00,0.35266736586364666,0.20242508292486416,2464800000000
2019-05-29 12:35:00+00:00,0.3671489038380811,0.21260489000621385,2465100000000
2019-05-29 12:40:00+00:00,0.391541821448393,0.25067616100513673,2465400000000
2019-05-29 12:45:00+00:00,0.32029404834507014,0.19251471335057416,2465700000000
2019-05-29 12:50:00+00:00,0.3561687148177114,0.2038946600037747,2466000000000
2019-05-29 12:55:00+00:00,0.3332005194292629,0.197600337134346,2466300000000
2019-05-29 13:00:00+00:00,0.3260106870629572,0.17482694256347905,2466600000000
2019-05-29 13:05:00+00:00,0.3775271666203415,0.24702443138723063,2466900000000
2019-05-29 13:10:00+00:00,0.3681444785466658,0.20516837587180933,2467200000000
2019-05-29 13:15:00+00:00,0.3652365230765438,0.19634328840720836,2467500000000
2019-05-29 13:20:00+00:00,0.3735966321347279,0.24051561861498613,2467800000000
2019-05-29 13:25:00+00:00,0.34444291356820794,0.2181490323082018,2468100000000
2019-05-29 13:30:00+00:00,0.3441791795500224,0.1720338001588332,2468400000000
2019-05-29 13:35:00+00:00,0.3952752230912577,0.25426516654895903,2468700000000
2019-05-29 13:40:00+00:00,0.34529252474808425,0.19234366206696943,2469000000000
2019-05-29 13:45:00+00:00,0.3635252201576525,0.21063304154331308,2469300000000
2019-05-29 13:50:00+00:00,0.34748481135155423,0.21223128896481128,2469600000000
2019-05-29 13:55:00+00:00,0.3088632871990017,0.19705046997173745,2469900000000
2019-05-29 14:00:00+00:00,0.30334456382497554,0.19091632178873585,2470200000000
2019-05-29 14:05:00+00:00,0.33100431842436606,0.19760622443649958,2470500000000
2019-05-29 14:10:00+00:00,0.361991853016444,0.20870224523154818,2470800000000
2019-05-29 14:15:00+00:00,0.35486127497810005,0.22116117885816897,2471100000000
2019-05-29 14:20:00+00:00,0.3555432388167193,0.21095818654314702,2471400000000
2019-05-29 14:25:00+00:00,0.3156285448391752,0.2254842160860236,2471700000000
2019-05-29 14:30:00+00:00,0.3657371175127974,0.23117045070707648,2472000000000
2019-05-29 14:35:00+00:00,0.3121153620157597,0.1688009047096487,2472300000000
2019-05-29 14:40:00+00:00,0.3336075988856904,0.19061256030394122,2472600000000
2019-05-29 14:45:00+00:00,0.3270272586570255,0.1971801987394119,2472900000000
2019-05-29 14:50:00+00:00,0.32158634633744987,0.21894043210387903,2473200000000
2019-05-29 14:55:00+00:00,0.34961254818598775,0.23798962909383534,2473500000000
2019-05-29 15:00:00+00:00,0.3064638067746645,0.17595558965748742,2473800000000
2019-05-29 15:05:00+00:00,0.2912487421419897,0.15607656095340494,2474100000000
2019-05-29 15:10:00+00:00,0.3162662186442546,0.168529778362429,2474400000000
2019-05-29 15:15:00+00:00,0.30544700424594634,0.1883167776918834,2474700000000
2019-05-29 15:20:00+00:00,0.3785213553901897,0.2731884994184637,2475000000000
2019-05-29 15:25:00+00:00,0.32198811480085354,0.20397475096561418,2475300000000
2019-05-29 15:30:00+00:00,0.29771073618026683,0.14674819117447993,2475600000000
2019-05-29 15:35:00+00:00,0.2821714380930196,0.15478278079089172,2475900000000
2019-05-29 15:40:00+00:00,0.26304180835239116,0.14534680097453642,2476200000000
2019-05-29 15:45:00+00:00,0.27745615323819095,0.1500336415406164,2476500000000
2019-05-29 15:50:00+00:00,0.29753266557609487,0.17076172284697252,2476800000000
2019-05-29 15:55:00+00:00,0.32101533953375166,0.19999710094064985,2477100000000
2019-05-29 16:00:00+00:00,0.3121004495144259,0.20089989309510847,2477400000000
2019-05-29 16:05:00+00:00,0.2914107675263889,0.1966817303341662,2477700000000
2019-05-29 16:10:00+00:00,0.2774933831156518,0.17698008133033463,2478000000000
2019-05-29 16:15:00+00:00,0.2864278839944291,0.13277372559008063,2478300000000
2019-05-29 16:20:00+00:00,0.2677422015336348,0.13949922916955462,2478600000000
2019-05-29 16:25:00+00:00,0.3095153945051989,0.1825473559659355,2478900000000
2019-05-29 16:30:00+00:00,0.26836871122926215,0.16396682385290687,2479200000000
2019-05-29 16:35:00+00:00,0.26740283746651045,0.1776700696774314,2479500000000
2019-05-29 16:40:00+00:00,0.22176435077621617,0.13392229399006517,2479800000000
2019-05-29 16:45:00+00:00,0.2590988895316836,0.15647347879628362,2480100000000
2019-05-29 16:50:00+00:00,0.2766411082404979,0.17074061220707995,2480400000000
2019-05-29 16:55:00+00:00,0.23543934500832145,0.13616317222936883,2480700000000
2019-05-29 17:00:00+00:00,0.23864178340885484,0.1449227728428691,2481000000000
2019-05-29 17:05:00+00:00,0.2663543264258218,0.1823292394357281,2481300000000
2019-05-29 17:10:00+00:00,0.21779390873146634,0.12899812726319976,2481600000000
2019-05-29 17:15:00+00:00,0.26529456845325905,0.15857248653626976,2481900000000
2019-05-29 17:20:00+00:00,0.23029323773546426,0.13750423454593477,2482200000000
2019-05-29 17:25:00+00:00,0.22994992129644387,0.16392542905368968,2482500000000
2019-05-29 17:30:00+00:00,0.21201802739716155,0.10504974990170808,2482800000000
2019-05-29 17:35:00+00:00,0.23882151199190754,0.17880984509096842,2483100000000
2019-05-29 17:40:00+00:00,0.277215245557181,0.14280151024399834,2483400000000
2019-05-29 17:45:00+00:00,0.24039874750706827,0.13115484327768578,2483700000000
2019-05-29 17:50:00+00:00,0.20422942508821337,0.13743242044723442,2484000000000
2019-05-29 17:55:00+00:00,0.24097075557612258,0.16518878725514696,2484300000000
2019-05-29 18:00:00+00:00,0.20866640908131343,0.09712986510881827,2484600000000
2019-05-29 18:05:00+00:00,0.23923135576225915,0.12168477619241375,2484900000000
2019-05-29 18:10:00+00:00,0.22461839771626418,0.14032789481919547,2485200000000
2019-05-29 18:15:00+00:00,0.14636836597271075,0.13470940733890235,2485500000000
2019-05-29 18:20:00+00:00,0.18190060148430706,0.13406561651055784,2485800000000
2019-05-29 18:25:00+00:00,0.21762711767335896,0.12561432961137917,2486100000000
2019-05-29 18:30:00+00:00,0.19853754994322795,0.07073994720442164,2486400000000
2019-05-29 18:35:00+00:00,0.17180359533957607,0.10471501189216882,2486700000000
2019-05-29 18:40:00+00:00,0.17639209415119847,0.11308119256365015,2487000000000
2019-05-29 18:45:00+00:00,0.14773671929579274,0.08098812875581958,2487300000000
2019-05-29 18:50:00+00:00,0.18090548104764567,0.09152880881765549,2487600000000
2019-05-29 18:55:00+00:00,0.22371368844916373,0.137411518275926,2487900000000
2019-05-29 19:00:00+00:00,0.19244247771593637,0.09662026275168259,2488200000000
2019-05-29 19:05:00+00:00,0.21701454347467708,0.16765769930098073,2488500000000
2019-05-29 19:10:00+00:00,0.18773651631460145,0.14297680573943722,2488800000000
2019-05-29 19:15:00+00:00,0.1875420004049119,0.12568345287480234,2489100000000
2019-05-29 19:20:00+00:00,0.2034007744782719,0.12383467606934948,2489400000000
2019-05-29 19:25:00+00:00,0.16841567055540052,0.08784612060096911,2489700000000
2019-05-29 19:30:00+00:00,0.15410293871509959,0.09204601955124173,2490000000000
2019-05-29 19:35:00+00:00,0.17550503574251977,0.13808896414965738,2490300000000
2019-05-29 19:40:00+00:00,0.18096184325911233,0.12595018712419995,2490600000000
2019-05-29 19:45:00+00:00,0.13934907027957072,0.08768328773727162,2490900000000
2019-05-29 19:50:00+00:00,0.13161188192349887,0.09744661583745123,2491200000000
2019-05-29 19:55:00+00:00,0.14594824975515716,0.09848116312071087,2491500000000
2019-05-29 20:00:00+00:00,0.15696331067196664,0.10210353720091742,2491800000000
2019-05-29 20:05:00+00:00,0.15349305447137582,0.1117070978626562,2492100000000
2019-05-29 20:10:00+00:00,0.10628281785533303,0.07411024360969497,2492400000000
2019-05-29 20:15:00+00:00,0.17027158638832765,0.11933398123506415,2492700000000
2019-05-29 20:20:00+00:00,0.11652912484829697,0.07314521590166836,2493000000000
2019-05-29 20:25:00+00:00,0.1214050305854679,0.06776050188747866,2493300000000
2019-05-29 20:30:00+00:00,0.10604936511560173,0.052666361490558054,2493600000000
2019-05-29 20:35:00+00:00,0.1755086114466885,0.09195897475859392,2493900000000
2019-05-29 20:40:00+00:00,0.12386771639722338,0.042217220989503375,2494200000000
2019-05-29 20:45:00+00:00,0.09953695945468943,0.04148337673658037,2494500000000
2019-05-29 20:50:00+00:00,0.13141216207912348,0.060030226655830465,2494800000000
2019-05-29 20:55:00+00:00,0.12714186832997312,0.06613821707830315,2495100000000
2019-05-29 21:00:00+00:00,0.10567944235041933,0.09465254962301742,2495400000000
2019-05-29 21:05:00+00:00,0.1239714288355928,0.07123161819028012,2495700000000
2019-05-29 21:10:00+00:00,0.08843033803964187,0.05789354062147132,2496000000000
2019-05-29 21:15:00+00:00,0.09290733004583542,0.06121079091773979,2496300000000
2019-05-29 21:20:00+00:00,0.060444555996388365,0.06801835185468035,2496600000000
2019-05-29 21:25:00+00:00,0.07210775029611939,0.031752941100765805,2496900000000
2019-05-29 21:30:00+00:00,0.13273294840306327,0.07518932743667672,2497200000000
2019-05-29 21:35:00+00:00,0.12745910413654538,0.07435147504644356,2497500000000
2019-05-29 21:40:00+00:00,0.09405407744074123,0.0791631435799401,2497800000000
2019-05-29 21:45:00+00:00,0.12416318709841495,0.10138002613413806,2498100000000
2019-05-29 21:50:00+00:00,0.08592868228479024,0.061048885764753036,2498400000000
2019-05-29 21:55:00+00:00,0.08254779112547825,0.07418686215652454,2498700000000
2019-05-29 22:00:00+00:00,0.08689306906831076,0.05568906137036624,2499000000000
2019-05-29 22:05:00+00:00,0.0816731102929592,0.04555180122343907,2499300000000
2019-05-29 22:10:00+00:00,0.07833889299650894,0.0705778175296178,2499600000000
2019-05-29 22:15:00+00:00,0.10404538424642085,0.07217958405252846,2499900000000
2019-05-29 22:20:00+00:00,0.08277876724584876,0.03495664702935762,2500200000000
2019-05-29 22:25:00+00:00,0.09268902453187036,0.07556183348160922,2500500000000
2019-05-29 22:30:00+00:00,0.09779568062885405,0.054507555756906835,2500800000000
2019-05-29 22:35:00+00:00,0.08372642440956286,0.04361938419125363,2501100000000
2019-05-29 22:40:00+00:00,0.05541845814172609,0.051111162249029896,2501400000000
2019-05-29 22:45:00+00:00,0.04669482946312098,0.026240254860974328,2501700000000
2019-05-29 22:50:00+00:00,0.07572362563946741,0.05321334610448624,2502000000000
2019-05-29 22:55:00+00:00,0.06838684019005643,0.05427089579544985,2502300000000
2019-05-29 23:00:00+00:00,0.07269228796837564,0.027956511195577696,2502600000000
2019-05-29 23:05:00+00:00,0.06982483096526154,0.04959190987280096,2502900000000
2019-05-29 23:10:00+00:00,0.12108818324645282,0.09964237205310417,2503200000000
2019-05-29 23:15:00+00:00,0.04215268282668827,0.006162266821220758,2503500000000
2019-05-29 23:20:00+00:00,0.028368800540635723,0.02601945810100599,2503800000000
2019-05-29 23:25:00+00:00,0.07429608787800576,0.0279882980351977,2504100000000
2019-05-29 23:30:00+00:00,0.05967148636883117,0.05623084549810667,2504400000000
2019-05-29 23:35:00+00:00,0.0731434622168067,0.06412418900507943,2504700000000
2019-05-29 23:40:00+00:00,0.07819290017636274,0.03982929330083567,2505000000000
2019-05-29 23:45:00+00:00,0.09196158875112087,0.09936952629448978,2505300000000
2019-05-29 23:50:00+00:00,0.035970472577264705,0.04371478972910452,2505600000000
2019-05-29 23:55:00+00:00,0.05488744909198146,0.047071049157912256,2505900000000
2019-05-30 00:00:00+00:00,0.07457522517761528,0.05775735302869188,2506200000000
2019-05-30 00:05:00+00:00,0.08145885674064707,0.06855385222851271,2506500000000
2019-05-30 00:10:00+00:00,0.1100395355462668,0.04611087318287688,2506800000000
2019-05-30 00:15:00+00:00,0.08547690760315342,0.05517829653111254,2507100000000
2019-05-30 00:20:00+00:00,0.06549057892406807,0.04695815506198739,2507400000000
2019-05-30 00:25:00+00:00,0.0491522786522435,0.021488645925294897,2507700000000
2019-05-30 00:30:00+00:00,0.05608080707288159,0.042944389632608264,2508000000000
2019-05-30 00:35:00+00:00,0.05598893919291546,0.0582272495244294,2508300000000
2019-05-30 00:40:00+00:00,0.08149462072955517,0.04046139068241497,2508600000000
2019-05-30 00:45:00+00:00,0.07414715685123201,0.043399808103313085,2508900000000
2019-05-30 00:50:00+00:00,0.04322149640405602,0.009521191925354722,2509200000000
2019-05-30 00:55:00+00:00,0.061733437923979534,0.0013002825581718697,2509500000000
2019-05-30 01:00:00+00:00,0.08882874379233431,0.06887588988581081,2509800000000
2019-05-30 01:05:00+00:00,0.07920632449714783,0.04700911880150375,2510100000000
2019-05-30 01:10:00+00:00,0.08450979415246608,0.0516574648345354,2510400000000
2019-05-30 01:15:00+00:00,0.08182724811021286,0.029360876502657177,2510700000000
2019-05-30 01:20:00+00:00,0.10779694379651306,0.06096809569718402,2511000000000
2019-05-30 01:25:00+00:00,0.0811557919951784,0.07062535098074951,2511300000000
2019-05-30 01:30:00+00:00,0.06994761416589244,0.04198499523512467,2511600000000
2019-05-30 01:35:00+00:00,0.06065206619829977,0.03697491488008812,2511900000000
2019-05-30 01:40:00+00:00,0.08532379888647519,0.05534484488915356,2512200000000
2019-05-30 01:45:00+00:00,0.032946675141262156,0.0,2512500000000
2019-05-30 01:50:00+00:00,0.07956815054216626,0.06023929960734689,2512800000000
2019-05-30 01:55:00+00:00,0.0806936338898913,0.023312218035618164,2513100000000
2019-05-30 02:00:00+00:00,0.059140105693321475,0.016691751790412355,2513400000000
2019-05-30 02:05:00+00:00,0.06954512484816176,0.020742779528753762,2513700000000
2019-05-30 02:10:00+00:00,0.10604554484214199,0.06012282757267428,2514000000000
2019-05-30 02:15:00+00:00,0.09626879313611834,0.05071222181091385,2514300000000
2019-05-30 02:20:00+00:00,0.09555184891968725,0.057306608585647255,2514600000000
2019-05-30 02:25:00+00:00,0.10156303781629607,0.042832699494248776,2514900000000
2019-05-30 02:30:00+00:00,0.09926621738195973,0.0796696368353034,2515200000000
2019-05-30 02:35:00+00:00,0.12430513434878906,0.09126363198380005,2515500000000
2019-05-30 02:40:00+00:00,0.10400636161067253,0.058927546708569103,2515800000000
2019-05-30 02:45:00+00:00,0.07451809993511038,0.03514352562930746,2516100000000
2019-05-30 02:50:00+00:00,0.13848322099819005,0.07150278273201004,2516400000000
2019-05-30 02:55:00+00:00,0.11553832214872536,0.06312009338902164,2516700000000
2019-05-30 03:00:00+00:00,0.09864890820611681,0.03118444034864655,2517000000000
2019-05-30 03:05:00+00:00,0.08771889615564799,0.03343919144915198,2517300000000
2019-05-30 03:10:00+00:00,0.12310753105458905,0.09106692647245275,2517600000000
2019-05-30 03:15:00+00:00,0.1152963543021678,0.07521406230281805,2517900000000
2019-05-30 03:20:00+00:00,0.15162034982322456,0.12365769961346534,2518200000000
2019-05-30 03:25:00+00:00,0.115762778003497,0.06347376379871177,2518500000000
2019-05-30 03:30:00+00:00,0.10852150318837675,0.057882637370888695,2518800000000
2019-05-30 03:35:00+00:00,0.14581669933240377,0.0793320411085693,2519100000000
2019-05-30 03:40:00+00:00,0.14908028351279068,0.08306488044331103,2519400000000
2019-05-30 03:45:00+00:00,0.13666249239926298,0.06879841517662583,2519700000000
2019-05-30 03:50:00+00:00,0.14957108859036233,0.09516241744796139,2520000000000
2019-05-30 03:55:00+00:00,0.13808304663885676,0.08343190932628228,2520300000000
2019-05-30 04:00:00+00:00,0.14634396868684937,0.07760809117534417,2520600000000
2019-05-30 04:05:00+00:00,0.1678320578689268,0.1257222129817341,2520900000000
2019-05-30 04:10:00+00:00,0.15993851913961984,0.13389476993349805,2521200000000
2019-05-30 04:15:00+00:00,0.14697954103383057,0.11151926873176635,2521500000000
2019-05-30 04:20:00+00:00,0.18037673387963965,0.11938852058945168,2521800000000
2019-05-30 04:25:00+00:00,0.10902700017646907,0.08065159463115691,2522100000000
2019-05-30 04:30:00+00:00,0.2003889513736774,0.15736168118073313,2522400000000
2019-05-30 04:35:00+00:00,0.12827900124852054,0.0921737870643008,2522700000000
2019-05-30 04:40:00+00:00,0.15293289978347863,0.08005602281810148,2523000000000
2019-05-30 04:45:00+00:00,0.16775739616729154,0.10849988823338588,2523300000000
2019-05-30 04:50:00+00:00,0.16877007221535129,0.11378692865047713,2523600000000
2019-05-30 04:55:00+00:00,0.1949733131403261,0.09708964240347726,2523900000000
2019-05-30 05:00:00+00:00,0.15685374419574927,0.08841363014458599,2524200000000
2019-05-30 05:05:00+00:00,0.18640967472295566,0.1338536413148827,2524500000000
2019-05-30 05:10:00+00:00,0.17283092705600234,0.06722870153260968,2524800000000
2019-05-30 05:15:00+00:00,0.19351427128432605,0.09109999186978375,2525100000000
2019-05-30 05:20:00+00:00,0.18954621704289237,0.11019958915316887,2525400000000
2019-05-30 05:25:00+00:00,0.19594298290294979,0.12463938165188396,2525700000000
2019-05-30 05:30:00+00:00,0.18633924118437134,0.08465089581164466,2526000000000
2019-05-30 05:35:00+00:00,0.19039924532583802,0.11170376216218397,2526300000000
2019-05-30 05:40:00+00:00,0.2096165333128424,0.14884529076947678,2526600000000
2019-05-30 05:45:00+00:00,0.22602217406393457,0.1369863335798464,2526900000000
2019-05-30 05:50:00+00:00,0.1984637274334661,0.13786001533270226,2527200000000
2019-05-30 05:55:00+00:00,0.19633852746446934,0.10596083405198153,2527500000000
2019-05-30 06:00:00+00:00,0.22926920331343675,0.1213631848522784,2527800000000
2019-05-30 06:05:00+00:00,0.21963604378291868,0.14875910287545216,2528100000000
2019-05-30 06:10:00+00:00,0.240180648562296,0.1514936998305014,2528400000000
2019-05-30 06:15:00+00:00,0.2087361917837634,0.10152979491476884,2528700000000
2019-05-30 06:20:00+00:00,0.1945401384592375,0.10070726475228672,2529000000000
2019-05-30 06:25:00+00:00,0.22273939403571366,0.16493526124257646,2529300000000
2019-05-30 06:30:00+00:00,0.2213352099810372,0.11431002159923599,2529600000000
2019-05-30 06:35:00+00:00,0.23833996214910377,0.1616905522239822,2529900000000
2019-05-30 06:40:00+00:00,0.23042143347574232,0.12868912614077138,2530200000000
2019-05-30 06:45:00+00:00,0.26120888732915126,0.15666181526214812,2530500000000
2019-05-30 06:50:00+00:00,0.24384182573115226,0.1521969478575588,2530800000000
2019-05-30 06:55:00+00:00,0.25581515160217944,0.1114694667513157,2531100000000
2019-05-30 07:00:00+00:00,0.25914221460086495,0.12623098205197297,2531400000000
2019-05-30 07:05:00+00:00,0.26305400950844876,0.15955906608081252,2531700000000
2019-05-30 07:10:00+00:00,0.3018367347299498,0.16661588956229229,2532000000000
2019-05-30 07:15:00+00:00,0.3049835354875868,0.2029217471980445,2532300000000
2019-05-30 07:20:00+00:00,0.27128767557673844,0.1306501877286806,2532600000000
2019-05-30 07:25:00+00:00,0.30759397590053517,0.1958614866654808,2532900000000
2019-05-30 07:30:00+00:00,0.2699217671873906,0.1344286359043478,2533200000000
2019-05-30 07:35:00+00:00,0.25144490960972704,0.14382484588294767,2533500000000
2019-05-30 07:40:00+00:00,0.2844319841787188,0.149371635222472,2533800000000
2019-05-30 07:45:00+00:00,0.2666113605505672,0.1980154139397643,2534100000000
2019-05-30 07:50:00+00:00,0.2998745382309877,0.15313487967919187,2534400000000
2019-05-30 07:55:00+00:00,0.3336598713031992,0.19775472887453904,2534700000000
2019-05-30 08:00:00+00:00,0.27660189150217857,0.1314244119409041,2535000000000
2019-05-30 08:05:00+00:00,0.3018106576107782,0.2130777970078787,2535300000000
2019-05-30 08:10:00+00:00,0.26284594058904326,0.16573321267697005,2535600000000
2019-05-30 08:15:00+00:00,0.30978863954176794,0.1886126455170341,2535900000000
2019-05-30 08:20:00+00:00,0.28571107834555215,0.2009129057931658,2536200000000
2019-05-30 08:25:00+00:00,0.2936025326636251,0.17910996842662733,2536500000000
2019-05-30 08:30:00+00:00,0.28670515122117735,0.17641451785552795,2536800000000
2019-05-30 08:35:00+00:00,0.32596210090426114,0.1982117663038597,2537100000000
2019-05-30 08:40:00+00:00,0.33400867304688886,0.2116778903369957,2537400000000
2019-05-30 08:45:00+00:00,0.31682790989151166,0.18024791825648173,2537700000000
2019-05-30 08:50:00+00:00,0.3015222192578575,0.17662758540744783,2538000000000
2019-05-30 08:55:00+00:00,0.3530035302005289,0.22800881068946624,2538300000000
2019-05-30 09:00:00+00:00,0.3085578146228887,0.19068214780489087,2538600000000
2019-05-30 09:05:00+00:00,0.2826278371993028,0.16729182403753914,2538900000000
2019-05-30 09:10:00+00:00,0.33728715849843666,0.17436184727844775,2539200000000
2019-05-30 09:15:00+00:00,0.3082221443156843,0.21489429228014248,2539500000000
2019-05-30 09:20:00+00:00,0.3522343978933839,0.19811155653701493,2539800000000
2019-05-30 09:25:00+00:00,0.3269293629749088,0.21590236255333042,2540100000000
2019-05-30 09:30:00+00:00,0.34866059918790265,0.2127114325465033,2540400000000
2019-05-30 09:35:00+00:00,0.36659391979338757,0.19408734142143513,2540700000000
2019-05-30 09:40:00+00:00,0.3163067404620449,0.21482955382783922,2541000000000
2019-05-30 09:45:00+00:00,0.33102669922753286,0.20370683246451052,2541300000000
2019-05-30 09:50:00+00:00,0.34263418430768156,0.2322874177193498,2541600000000
2019-05-30 09:55:00+00:00,0.3766405847594052,0.22233617684092474,2541900000000
2019-05-30 10:00:00+00:00,0.334402822875524,0.21472271832465545,2542200000000
2019-05-30 10:05:00+00:00,0.3372994949927017,0.16712915476872073,2542500000000
2019-05-30 10:10:00+00:00,0.36030888093229374,0.2061810112875011,2542800000000
2019-05-30 10:15:00+00:00,0.34069467004902476,0.1789569353847894,2543100000000
2019-05-30 10:20:00+00:00,0.35671890793567135,0.20653566776063498,2543400000000
2019-05-30 10:25:00+00:00,0.32400208455966645,0.20383748552592276,2543700000000
2019-05-30 10:30:00+00:00,0.40061852872782555,0.22827951548361242,2544000000000
2019-05-30 10:35:00+00:00,0.3306108846751194,0.21564337267784728,2544300000000
2019-05-30 10:40:00+00:00,0.35229661681586,0.19424571721851577,2544600000000
2019-05-30 10:45:00+00:00,0.3591815653740905,0.23321367149745387,2544900000000
2019-05-30 10:50:00+00:00,0.39911686085492526,0.2656652598304359,2545200000000
2019-05-30 10:55:00+00:00,0.33533000698367854,0.22146852689202684,2545500000000
2019-05-30 11:00:00+00:00,0.40239628998626803,0.23455399295516535,2545800000000
2019-05-30 11:05:00+00:00,0.3786920691162523,0.1847061695108685,2546100000000
2019-05-30 11:10:00+00:00,0.37264741866756534,0.23523179113528614,2546400000000
2019-05-30 11:15:00+00:00,0.3453001183201255,0.20467537669776922,2546700000000
2019-05-30 11:20:00+00:00,0.3770328766814815,0.20665186720634182,2547000000000
2019-05-30 11:25:00+00:00,0.3516872718995464,0.19988678184231964,2547300000000
2019-05-30 11:30:00+00:00,0.39196662093670626,0.2638684788909198,2547600000000
2019-05-30 11:35:00+00:00,0.3476177657067486,0.1858238554118461,2547900000000
2019-05-30 11:40:00+00:00,0.3651104792690847,0.22843247107387504,2548200000000
2019-05-30 11:45:00+00:00,0.3565317100588605,0.21827818954806436,2548500000000
2019-05-30 11:50:00+00:00,0.348078996210961,0.20169964443331195,2548800000000
2019-05-30 11:55:00+00:00,0.38277681151125575,0.24255674065301439,2549100000000
2019-05-30 12:00:00+00:00,0.3787091749481927,0.2598704101468929,2549400000000
2019-05-30 12:05:00+00:00,0.39215839692889526,0.22937560807961319,2549700000000
2019-05-30 12:10:00+00:00,0.3322875088508932,0.19450888634899388,2550000000000
2019-05-30 12:15:00+00:00,0.38900391919927796,0.24584364961937075,2550300000000
2019-05-30 12:20:00+00:00,0.4175937383764552,0.2689210994545731,2550600000000
2019-05-30 12:25:00+00:00,0.35814507339425383,0.2123328998935796,2550900000000
2019-05-30 12:30:00+00:00,0.4047030347815843,0.2367143461470776,2551200000000
2019-05-30 12:35:00+00:00,0.36108822335118995,0.17230000359631875,2551500000000
2019-05-30 12:40:00+00:00,0.3383840793117157,0.18747026933969835,2551800000000
2019-05-30 12:45:00+00:00,0.35913014321234904,0.1926918524860584,2552100000000
2019-05-30 12:50:00+00:00,0.38554736931038497,0.2450209215124688,2552400000000
2019-05-30 12:55:00+00:00,0.3470905586031361,0.2033762761898648,2552700000000
2019-05-30 13:00:00+00:00,0.351048767429897,0.20496882834715963,2553000000000
2019-05-30 13:05:00+00:00,0.3740588223593087,0.2242541681431256,2553300000000
2019-05-30 13:10:00+00:00,0.3613131893914502,0.1993843842323621,2553600000000
2019-05-30 13:15:00+00:00,0.37194031180733306,0.25422913081817494,2553900000000
2019-05-30 13:20:00+00:00,0.36393270615527584,0.24432350192709773,2554200000000
2019-05-30 13:25:00+00:00,0.3676297978945633,0.25294001439769176,2554500000000
2019-05-30 13:30:00+00:00,0.3481859061605017,0.22257988832107886,2554800000000
2019-05-30 13:35:00+00:00,0.3601952295974136,0.21552757545800943,2555100000000
2019-05-30 13:40:00+00:00,0.33567648571935665,0.2337004774917517,2555400000000
2019-05-30 13:45:00+00:00,0.378591250346638,0.21353541348972319,2555700000000
2019-05-30 13:50:00+00:00,0.3386716861959431,0.1857788321369056,2556000000000
2019-05-30 13:55:00+00:00,0.37240540755155727,0.21141301423553718,2556300000000
2019-05-30 14:00:00+00:00,0.34356500468134304,0.2165964281470918,2556600000000
2019-05-30 14:05:00+00:00,0.35062398303831,0.19513228595523252,2556900000000
2019-05-30 14:10:00+00:00,0.33497053696522966,0.1978748624147778,2557200000000
2019-05-30 14:15:00+00:00,0.3227755332220212,0.1616282140555172,2557500000000
2019-05-30 14:20:00+00:00,0.306366487780132,0.19344184597664407,2557800000000
2019-05-30 14:25:00+00:00,0.3182629852460517,0.16061572380396882,2558100000000
2019-05-30 14:30:00+00:00,0.33094149064603207,0.179921673290312,2558400000000
2019-05-30 14:35:00+00:00,0.339650811596067,0.22813382965557308,2558700000000
2019-05-30 14:40:00+00:00,0.35355869717795835,0.23574158464649722,2559000000000
2019-05-30 14:45:00+00:00,0.32231915525924254,0.20087775494647547,2559300000000
2019-05-30 14:50:00+00:00,0.3114246074583974,0.19236803610974304,2559600000000
2019-05-30 14:55:00+00:00,0.2979864097000206,0.16817265287692718,2559900000000
2019-05-30 15:00:00+00:00,0.33416728953606506,0.185042300446795,2560200000000
2019-05-30 15:05:00+00:00,0.34990473756281437,0.202698008582541,2560500000000
2019-05-30 15:10:00+00:00,0.34519291427925125,0.1768426650783044,2560800000000
2019-05-30 15:15:00+00:00,0.331642193894624,0.20403428743584767,2561100000000
2019-05-30 15:20:00+00:00,0.3277445633538879,0.19762336050850093,2561400000000
2019-05-30 15:25:00+00:00,0.34641044086624007,0.18917783918553868,2561700000000
2019-05-30 15:30:00+00:00,0.3165391769129781,0.22129714452461402,2562000000000
2019-05-30 15:35:00+00:00,0.32021626299724393,0.2042680320040873,2562300000000
2019-05-30 15:40:00+00:00,0.2982318993267295,0.19277597567621482,2562600000000
2019-05-30 15:45:00+00:00,0.27471966753584365,0.15508500200072287,2562900000000
2019-05-30 15:50:00+00:00,0.28555685213092347,0.1713075097180276,2563200000000
2019-05-30 15:55:00+00:00,0.29628558573116226,0.1903188048424458,2563500000000
2019-05-30 16:00:00+00:00,0.2948823741166927,0.1799850718120203,2563800000000
2019-05-30 16:05:00+00:00,0.32935458799057205,0.22965076848974067,2564100000000
2019-05-30 16:10:00+00:00,0.2895822797815219,0.1696736164805781,2564400000000
2019-05-30 16:15:00+00:00,0.3086285057466979,0.17508589280329653,2564700000000
2019-05-30 16:20:00+00:00,0.2734134166517991,0.17673310752050797,2565000000000
2019-05-30 16:25:00+00:00,0.27291459687461583,0.13845581267903925,2565300000000
2019-05-30 16:30:00+00:00,0.24957236211029776,0.1682293559123409,2565600000000
2019-05-30 16:35:00+00:00,0.2582830343739126,0.1289555846125079,2565900000000
2019-05-30 16:40:00+00:00,0.2806204271039036,0.18114394958351318,2566200000000
2019-05-30 16:45:00+00:00,0.26715879007002463,0.14732980295856152,2566500000000
2019-05-30 16:50:00+00:00,0.2827701978791428,0.17919380166715354,2566800000000
2019-05-30 16:55:00+00:00,0.2644188755159924,0.17679818423081578,2567100000000
2019-05-30 17:00:00+00:00,0.25060711546595527,0.15343269318965153,2567400000000
2019-05-30 17:05:00+00:00,0.29746604334689075,0.15448720697532084,2567700000000
2019-05-30 17:10:00+00:00,0.24944898182756547,0.13173388420639626,2568000000000
2019-05-30 17:15:00+00:00,0.27139856769652576,0.1482659577972398,2568300000000
2019-05-30 17:20:00+00:00,0.2369119314080317,0.10424702097286354,2568600000000
2019-05-30 17:25:00+00:00,0.25591327529393826,0.17609752235100154,2568900000000
2019-05-30 17:30:00+00:00,0.2570559086827104,0.15643569692475282,2569200000000
2019-05-30 17:35:00+00:00,0.2394304261948605,0.12094789481313639,2569500000000
2019-05-30 17:40:00+00:00,0.18492814740266034,0.14007038559076335,2569800000000
2019-05-30 17:45:00+00:00,0.22913385193497687,0.12345374915822284,2570100000000
2019-05-30 17:50:00+00:00,0.25012433128222256,0.15508604855083094,2570400000000
2019-05-30 17:55:00+00:00,0.23280796052685088,0.12317936541218646,2570700000000
2019-05-30 18:00:00+00:00,0.22791677750458655,0.09638486343617136,2571000000000
2019-05-30 18:05:00+00:00,0.18129651745455655,0.08148909929570872,2571300000000
2019-05-30 18:10:00+00:00,0.19807576825947473,0.10987565233835621,2571600000000
2019-05-30 18:15:00+00:00,0.21745834990517315,0.14844094736722482,2571900000000
2019-05-30 18:20:00+00:00,0.2141898596791487,0.1354445787438741,2572200000000
2019-05-30 18:25:00+00:00,0.22703274881930818,0.1390237518150098,2572500000000
2019-05-30 18:30:00+00:00,0.1966070693974047,0.07776368918354518,2572800000000
2019-05-30 18:35:00+00:00,0.20439519602720835,0.14803884056992692,2573100000000
2019-05-30 18:40:00+00:00,0.19339136929969958,0.12050841550973086,2573400000000
2019-05-30 18:45:00+00:00,0.17012259696754817,0.0996852047826857,2573700000000
2019-05-30 18:50:00+00:00,0.14155712017627764,0.10758273430554449,2574000000000
2019-05-30 18:55:00+00:00,0.1921200877714531,0.14022198713423734,2574300000000
2019-05-30 19:00:00+00:00,0.18382275406954512,0.1333854573939109,2574600000000
2019-05-30 19:05:00+00:00,0.16484270260890424,0.09396389163127679,2574900000000
2019-05-30 19:10:00+00:00,0.14170511338848357,0.06495353681740622,2575200000000
2019-05-30 19:15:00+00:00,0.18358720382603588,0.12993078063846297,2575500000000
2019-05-30 19:20:00+00:00,0.1626007992394634,0.07025939068226969,2575800000000
2019-05-30 19:25:00+00:00,0.17600789981591794,0.1445498746628364,2576100000000
2019-05-30 19:30:00+00:00,0.19912845575347143,0.12003706435597412,2576400000000
2019-05-30 19:35:00+00:00,0.11602326780368448,0.048396275568218995,2576700000000
2019-05-30 19:40:00+00:00,0.1418930223426264,0.060498442322443634,2577000000000
2019-05-30 19:45:00+00:00,0.14876085086757956,0.06370441403942655,2577300000000
2019-05-30 19:50:00+00:00,0.17913978705323153,0.11029113036635577,2577600000000
2019-05-30 19:55:00+00:00,0.11444306872240897,0.06853799483224964,2577900000000
2019-05-30 20:00:00+00:00,0.18305055384694457,0.08511188883798289,2578200000000
2019-05-30 20:05:00+00:00,0.14424835152946955,0.0794198951865637,2578500000000
2019-05-30 20:10:00+00:00,0.13684615662441058,0.0547489862528195,2578800000000
2019-05-30 20:15:00+00:00,0.13207826978268225,0.09103299798849279,2579100000000
2019-05-30 20:20:00+00:00,0.12462716279263261,0.0736844323533253,2579400000000
2019-05-30 20:25:00+00:00,0.34970681077207155,0.20225603634489397,2579700000000
2019-05-30 20:30:00+00:00,0.25196001028024184,0.12541379156679455,2580000000000
2019-05-30 20:35:00+00:00,0.22486811939043294,0.12891775962980445,2580300000000
2019-05-30 20:40:00+00:00,0.1549502986900137,0.08467562158708168,2580600000000
2019-05-30 20:45:00+00:00,0.10531379209804119,0.06954280928301665,2580900000000
2019-05-30 20:50:00+00:00,0.16985319459355172,0.10525227631847024,2581200000000
2019-05-30 20:55:00+00:00,0.12414016743884093,0.0903253025048914,2581500000000
2019-05-30 21:00:00+00:00,0.12569929371523916,0.06572804535904225,2581800000000
2019-05-30 21:05:00+00:00,0.13391483019329767,0.043140668072048714,2582100000000
2019-05-30 21:10:00+00:00,0.0805091783498904,0.06812736454189504,2582400000000
2019-05-30 21:15:00+00:00,0.1418115337272604,0.06636626997539262,2582700000000
2019-05-30 21:20:00+00:00,0.05446974551780744,0.010543506250379354,2583000000000
2019-05-30 21:25:00+00:00,0.08721144377974226,0.05146453536557031,2583300000000
2019-05-30 21:30:00+00:00,0.09139969882607091,0.060885229554732884,2583600000000
2019-05-30 21:35:00+00:00,0.11026499888151113,0.05554227121461302,2583900000000
2019-05-30 21:40:00+00:00,0.10111266979059111,0.049893748244992125,2584200000000
2019-05-30 21:45:00+00:00,0.09156826334065213,0.047120431649080176,2584500000000
2019-05-30 21:50:00+00:00,0.0928902251244013,0.08406494209450364,2584800000000
2019-05-30 21:55:00+00:00,0.07185553670638449,0.04305976027266804,2585100000000
2019-05-30 22:00:00+00:00,0.05981820820931779,0.016531668136354746,2585400000000
2019-05-30 22:05:00+00:00,0.10270177464615123,0.04246539764963139,2585700000000
2019-05-30 22:10:00+00:00,0.10051694171843581,0.0552924814394141,2586000000000
2019-05-30 22:15:00+00:00,0.11686730960657052,0.07487754444450245,2586300000000
2019-05-30 22:20:00+00:00,0.0679757122304201,0.05046503057757587,2586600000000
2019-05-30 22:25:00+00:00,0.09629569344921231,0.060260588146471686,2586900000000
2019-05-30 22:30:00+00:00,0.0754939355560124,0.028458894315265663,2587200000000
2019-05-30 22:35:00+00:00,0.103772208200339,0.05378449892898774,2587500000000
2019-05-30 22:40:00+00:00,0.09926314019345482,0.07423604175336537,2587800000000
2019-05-30 22:45:00+00:00,0.08197633522689056,0.026263961927072425,2588100000000
2019-05-30 22:50:00+00:00,0.06995740981000124,0.0326593780244515,2588400000000
2019-05-30 22:55:00+00:00,0.09503060985872007,0.06896762307285909,2588700000000
2019-05-30 23:00:00+00:00,0.08788254985510537,0.07023515844576675,2589000000000
2019-05-30 23:05:00+00:00,0.060457103708509374,0.03241595480327797,2589300000000
2019-05-30 23:10:00+00:00,0.04686073657353264,0.019892305732703265,2589600000000
2019-05-30 23:15:00+00:00,0.06698654992587892,0.013749571126652552,2589900000000
2019-05-30 23:20:00+00:00,0.10247600224402222,0.07199839980095521,2590200000000
2019-05-30 23:25:00+00:00,0.0945782943822748,0.08312257033230067,2590500000000
2019-05-30 23:30:00+00:00,0.04895338806718333,0.08067511401230382,2590800000000
2019-05-30 23:35:00+00:00,0.04746695650420915,0.036209097572886415,2591100000000
2019-05-30 23:40:00+00:00,0.09600891672427234,0.05658775700168378,2591400000000
2019-05-30 23:45:00+00:00,0.047566776752386256,0.010143853788413603,2591700000000
2019-05-30 23:50:00+00:00,0.08030089545778381,0.010603398999807293,2592000000000
2019-05-30 23:55:00+00:00,0.057700382742398304,0.03815941464023565,2592300000000
